,Unnamed: 0,Alcoholic Beverages,Animal Products,Animal fats,"Aquatic Products, Other",Cereals - Excluding Beer,Eggs,"Fish, Seafood",Fruits - Excluding Wine,Meat,Miscellaneous,Milk - Excluding Butter,Offals,Oilcrops,Pulses,Spices,Starchy Roots,Stimulants,Sugar Crops,Sugar & Sweeteners,Treenuts,Vegetal Products,Vegetable Oils,Confirmed,Deaths,Recovered,Vegetables,Country
0,0,3.0360992197225e-05,0.3266356636092026,0.2231467273961031,0.0,0.7339140045455789,0.13279156299261952,0.0006383454755164547,0.14811601418568113,0.13353780055170725,0.025585680222506364,0.3531242906258783,0.2502861728296821,0.018132903017106,0.0745819497703381,0.09068317135594277,0.008647581873148366,0.1012778757018567,0.0,0.09313570558498996,0.11358806749038303,0.663569015679251,0.24670805364105994,0.0136264602670695,0.0333595184207651,0.013647751816696202,0.3203036464687542,Afghanistan
1,1,0.09520195997401887,0.741182573124077,0.15420042480316556,0.0,0.14694792971134538,0.4601127598577228,0.02293492128272177,0.2740583728832526,0.28345549605595466,0.039221629384793434,0.9177735457898416,0.307850584596846,0.09576508859353727,0.07264951808211417,0.0004024549753496,0.03657983581822793,0.11983004501756994,0.0,0.14552201315222382,0.2214001550069672,0.22674257259554445,0.14920894494001735,0.2850712303972645,0.2747775730590915,0.1983032261230991,0.59201843567846,Albania
2,2,0.011670220931540567,0.27401596135810685,0.0344568416257286,0.0,0.37869677225893555,0.31376473294231594,0.024192908908615265,0.23708813970005752,0.10312902011654816,0.07675290183867454,0.40225070493716425,0.09742630160851858,0.030560463522687865,0.1272213076575091,0.08013129436694293,0.08613913418423559,0.10990018171332094,0.0,0.17658589855531048,0.16085940531290913,0.7459760307707608,0.5561047648529905,0.023500018689654695,0.0353677096808615,0.0185370113364688,0.5851375898061543,Algeria
3,3,0.2512785433060988,0.19930099228577122,0.05359530757288524,0.0,0.28834488279705023,0.022780917264909235,0.1847758495580285,0.18919989401452164,0.2901816215519344,0.05174760496607556,0.04499687059688617,0.1585703360392556,0.09093734600591857,0.16893575126566066,0.001731423101349467,0.5340285527042933,0.03058229796004333,0.0,0.130797981304881,0.004749799004166933,0.7645891297263971,0.39094561385342025,0.0058970607307965,0.0078766535856671,0.0062841269525796,0.0784655008811169,Angola
4,4,0.22647802901794703,0.6566237638313641,0.17160385040307424,0.0,0.13100118561993726,0.1183206907609108,0.3468606801363571,0.3565052034301961,0.6213731566263377,0.21759966788986732,0.37881690869845386,0.1905840282366633,0.039249760579886335,0.04588791935546257,0.21677780538251412,0.02398150241734,0.22552575620058493,0.0,0.31821645133737575,0.04398029817832077,0.31147206932542726,0.34653906915441607,0.0282061095703057,0.0385209816410638,0.021108301042548305,0.2490172156703266,Antigua and Barbuda
5,5,0.1853131484151227,0.7138140579720781,0.17357847065781326,0.0,0.16119608438198477,0.5483267338812601,0.037607299239833296,0.1527094546559976,0.821974102480722,0.0,0.37383439505713906,0.2980392930779712,0.0004634221184225333,0.013133067774461334,0.0172228993318984,0.06340953489789923,0.17587588623047204,0.0,0.33525342530065055,0.028820077823982566,0.2787289876298146,0.4296763870249836,0.4185129520925886,0.5836594688387794,0.4319964181294936,0.1894157516605666,Argentina
6,6,0.02340225830246807,0.5951963617984397,0.2599067073488736,0.0,0.19854379166295733,0.438624631458695,0.03131969764034753,0.20626205616886795,0.3383895168700679,0.07987015787851737,0.5406081068458234,0.32967575189822723,0.015841157987263835,0.04270440551693303,0.008471043225344933,0.04000173648121987,0.3407226559233582,0.0,0.2550995706564015,0.18511114979576193,0.3422462451181407,0.23623989665719683,0.5458276639746579,0.5681193219295783,0.5971777456812937,0.8591514165649992,Armenia
7,7,0.24808243853408685,0.6860903324379599,0.2606959703592311,0.0006549958318447,0.05781191883189366,0.2551231332079678,0.11578137804421296,0.1336978548372228,0.6439508705408964,0.1457708343846668,0.47210797448706815,0.3670290752316741,0.04482235357783083,0.014433965215583133,0.0644166813864936,0.0481318503475838,0.23852921811620473,0.0,0.26968498676432023,0.44641134426379403,0.3620467295043246,0.6135468438735576,0.0107335697497897,0.0190346358765307,0.0112047081036162,0.2322678595635081,Australia
8,8,0.334281534355721,0.7003349564191458,0.7214105458463861,0.00021833194394823335,0.07994076340160816,0.4512429994712584,0.07434410320895106,0.13259685264516377,0.4315100667622181,4.5495077432599995e-05,0.42499000256282393,0.10804974363302422,0.0410537583740307,0.010622276630574733,0.06709937928229316,0.05439990432828706,0.2103789836349176,0.0,0.289427667553565,0.25895399889493675,0.3039019118902705,0.4707854460188153,0.455392160392798,0.4836340791273645,0.4974484593472753,0.2305978039853598,Austria
9,9,0.2237814830720023,0.5201511128106006,0.2918578428791254,0.0,0.4386129011295534,0.4335013473259199,0.02141918589959557,0.149313670171241,0.3069658805632101,0.022822651258878997,0.4205957789396617,0.1625644904540154,0.0025322334712553664,0.0100309303030856,0.008722100232715567,0.10674497279071811,0.1995942000661056,0.0,0.14507429593963325,0.3409810158128348,0.41629971692203294,0.05386479749787623,0.21956661329318802,0.16838257348919403,0.2461952951236831,0.4998508878948082,Azerbaijan
10,10,0.2321224673681369,0.6049480566033217,0.16333077738667437,0.00017863522686673334,0.07539518424088114,0.39677539062688433,0.24366196119632375,0.42034740410792865,0.7101371709870969,0.8304715639996353,0.22473607742806123,0.31788859568396094,0.08084001464178443,0.012809814190756033,0.13843415800130668,0.015251706774072967,0.20061136035090588,0.0,0.5085946076142417,0.0923673699444239,0.2868897951035738,0.1999822959541344,0.2018134578811466,0.2415157729353231,0.19194017595753773,0.3745641859834621,Bahamas
11,11,6.722791129383333e-05,0.10817923220134669,0.037241628917638867,0.0,0.7817779183802595,0.22897398432139618,0.24246223124795488,0.07236653953282446,0.016481680044193998,0.017977595721664966,0.10857832550853903,0.08725448635017498,0.012359214525445432,0.18941867348793753,0.42918115709157884,0.1176111541075563,0.018809404553902266,0.05793582410685846,0.048078677215308036,0.08600974622163489,0.906276977538137,0.45537961784074593,0.0303980581424685,0.0260104927004124,0.0314543840275385,0.1509285617459671,Bangladesh
12,12,0.14985511061703616,0.5291129677501942,0.19185002763498774,0.0,0.15513332244281547,0.4029450008129299,0.30118847268370513,0.17635814269281566,0.5681939775695589,0.7900463041231808,0.23965460401950098,0.13391777820591114,0.09844380902894741,0.1454178499733792,0.1984252139897874,0.0809762021843801,0.151982558024247,0.0,0.41949509478610564,0.15470387429580149,0.4203690654989662,0.3605085620741119,0.0560786788313688,0.0338233009531293,0.0519957445532239,0.2502643350955673,Barbados
13,13,0.2946107475477228,0.5135720182993532,0.37180306231661286,0.0,0.1715369733182135,0.49780461103928103,0.08701290012046803,0.10659288772799463,0.4785174651532514,0.1308875647258045,0.20429331382417057,0.3547862584655266,0.012785048521076934,9.568096140230001e-05,0.009509155083309967,0.21357223279858495,0.17684286460377038,0.0,0.27749611331624047,0.23151199522254118,0.4473286891717274,0.44812710576304565,0.2633180255369945,0.10199123267141248,0.2890200412605818,0.4299254439474041,Belarus
14,14,0.26575009041494185,0.6411764871770946,0.6960610454657917,0.00019848358540746667,0.09590785929317552,0.39653761133064913,0.11072685339499223,0.11674598950955269,0.2819832253477274,0.0,0.45852928229271545,0.19994373354129147,0.014778944879723,0.0280677517380184,0.05829356570139916,0.08861456624254238,0.0911149053175187,0.0,0.34728889858310524,0.26914443332160837,0.3560408204648544,0.4436681936390155,0.6039660269578742,1.0,0.0,0.3231177985631015,Belgium
15,15,0.1715408680612804,0.41010058818859524,0.3506194003099156,0.0,0.2524027101931163,0.2023308393903698,0.081764287214458,0.31375893489322865,0.3753802565371318,0.45195969963302124,0.16111024367465088,0.045122391362213375,0.0456647253364589,0.2550630277047676,0.026102227297383266,0.0111258301070355,0.14967636359074077,0.0,0.3901515553130846,0.07115697729633567,0.5234820253081782,0.44665678342021337,0.2759907565384591,0.3938517550126934,0.3030594156114813,0.2122868374678053,Belize
16,16,0.24176936025575077,0.052659795662398125,0.0170575075314258,0.0,0.2606315898347652,0.03309716934089157,0.1185487606857409,0.07009724891930304,0.10526568637916167,0.047387720781949,0.047808397647646834,0.09612670178796752,0.16150583767870036,0.22422089166441941,0.8244474724471734,0.6440724585654226,0.014016411735385467,0.0,0.038952541159783936,0.42506897330970556,0.9612740165726668,0.44413144322169035,0.0032698268036962,0.0024294500666407,0.0032282969599574996,0.1810708960281957,Benin
17,17,0.11358953432437524,0.534144755575064,0.15325154432250834,0.0,0.29380896593797073,0.40310843517550105,0.022071554379163433,0.22694491939711559,0.7321720084465649,0.08289954980674547,0.17749879887554662,0.1266902195784633,0.030944782186368164,0.10113744128225631,0.06285997629067314,0.21482451057813465,0.17635995887767583,0.0,0.2669651498511969,0.5459903748344251,0.397695217330855,0.18105096504120843,0.1875629459251705,0.4984978611028166,0.1591410127477631,0.128258099498441,Bolivia
18,18,0.35496021121826177,0.4668296560959646,0.09175654335902077,0.0,0.26147229108295716,0.1906241883887412,0.03335144560541423,0.1575565327329296,0.26573743277922207,0.1671743966563526,0.5300096424774904,0.1217197116493905,0.021568217614107963,0.08531266317167159,0.7570099113180139,0.0941855294397166,0.4743838299067707,0.0,0.13363830512005107,0.1613533297725712,0.5124324342144935,0.21159134589318787,0.3614348333756731,0.7848605982033345,0.3274733512489549,0.5846495865527992,Bosnia and Herzegovina
19,19,0.19345096430637246,0.3981206262477513,0.2199513860819898,0.0,0.37687735539548145,0.06566750337534484,0.040416107422780935,0.07731014387940831,0.16716699898765178,0.4137685821725659,0.48859579573157225,0.26743198227038484,0.0333025613817167,0.0658549313779999,0.24312939370907086,0.11896675486738066,0.14917640459176054,9.779313492189999e-05,0.355103928850893,0.02694602587035083,0.6552920856525296,0.48988313130011707,0.0974319211392824,0.0379390937008666,0.0934525806500439,0.1734472007591161,Botswana
20,20,0.18713001089706968,0.6010429255075377,0.2307685776425945,0.0,0.1318442002059822,0.2694332120708018,0.045363462488462326,0.1649789203071764,0.6586317508787207,5.459409291913333e-05,0.36604942918486977,0.12090731140790546,0.060885901238095674,0.20939470661017956,0.008771883468404766,0.07577102242247313,0.11221801475595723,0.27728865380663054,0.34720807579266894,0.05248561852231273,0.40878002309297784,0.5814477589162671,0.4285070796910331,0.5856887091925249,0.4402129650862994,0.1328453300799783,Brazil
21,21,0.39134321402086397,0.6089434742228242,0.34486173255427216,0.0020443809296971003,0.19025547056229,0.3656245423835245,0.051308084276302866,0.12958440788943745,0.39644768405884295,0.06458230915123127,0.47739415561077214,0.3015585050447848,0.047496709076572226,0.035888843691708736,0.7142965557555927,0.028724100551113668,0.1261762311130557,0.0,0.22035611094718133,0.0910965158413753,0.39500449876511656,0.3835016158852805,0.3100479359815928,0.7248973640593709,0.3085172498667724,0.2899118883014776,Bulgaria
22,22,0.4961285402205246,0.08081019426287557,0.0237212213828351,0.0,0.6722817885329556,0.10922457999023981,0.0590200713561388,0.00024216258103796666,0.09889609949525503,0.033685424598340896,0.10371424860237595,0.14103499534787614,0.30633592804589976,0.3104994109338611,0.04314562050614481,0.010548449333551568,0.009647403141054734,0.0,0.0679663386368871,0.06640424649574457,0.936543790600272,0.40187891707641016,0.0051305767482336,0.0034571765564097,0.005313281685325699,0.035060322624373,Burkina Faso
23,23,0.16729396682469222,0.39473112414990963,0.14907783471951153,0.0005756023976817,0.3966335833679739,0.2432400249451165,0.08920690452002866,0.12637704974943273,0.3355754501179377,0.347854377881843,0.3001945962498577,0.09844855305027155,0.04445636588226729,0.2622988234304929,0.39368750047538653,0.07913517811697059,0.1131574515084981,0.0,0.17361178194412694,0.037080177660353965,0.5670788610196965,0.4059218341169734,0.24846726357007162,0.1309436246431852,0.2722550991006297,0.313233021553477,Cabo Verde
24,24,0.19076069041001542,0.24118800097800894,0.032522717491407636,0.0,0.7135849702472515,0.09298050074531812,0.48597585314036035,0.05594058818141317,0.22714805720979703,0.19574468476656712,0.015098768083001668,0.12950573148999642,0.17627089705199606,0.12187578400718595,0.14052639899207484,0.10779191578984161,0.044478094969984505,0.30470355611603867,0.22528344231130978,0.04037789145125307,0.7238230366609856,0.1051555402068593,0.0002639469294029,0.0,0.0003240753273222,0.1165893994848854,Cambodia
25,25,0.210463094497202,0.038263172603895466,0.026721402575143632,0.0,0.3369737741914025,0.0020586034728178335,0.12543346419169804,0.2719020489982556,0.0770854553686041,0.04291809336270114,0.0365114797726668,0.0803266098924641,0.2124102696496137,0.4031029120445781,0.4152020751055414,0.3466309723028747,0.02321170867485843,0.0,0.04470617529644574,0.1403164351737072,0.9658020498921012,0.3933474839242328,0.011310643078866,0.0096106938179596,0.0122694615628913,0.433889114816321,Cameroon
26,26,0.20683375357655023,0.5578685645948352,0.586347675073782,0.0011909015124449,0.09626319233429997,0.4470921440827238,0.101048960124422,0.1562096437706624,0.4118372693801802,0.17321296391612864,0.2943461720147744,0.0115664503714525,0.07984468779512356,0.15438139180987984,0.08014890355359026,0.0628908355821259,0.1626756276874087,0.0,0.3733053554532231,0.2821982302330109,0.4472067201345511,0.6100286719159972,0.2026971495651361,0.2923116124530079,0.211269391669718,0.2515439880710316,Canada
27,27,0.07272451176703804,0.3029178777494776,0.12527859719584247,0.0,0.04010503541449207,0.019915258464733535,0.08266452232423736,0.15293489931624843,0.4527913003250236,0.0210489704166975,0.08214736598254517,0.4189370164566559,0.17295831241922358,0.2451308696205874,0.002825760096628133,0.8280687170961484,0.06944615488227396,0.0,0.05055939459840874,0.0,0.647860357556597,0.39037423750229844,0.0098944570371873,0.0070342662127157,0.011188070280554,0.0577145180967873,Central African Republic
28,28,0.02727438750423793,0.34925308792658577,0.1515491512986949,0.0,0.5838907153976246,0.007547945373989,0.0996294242026239,0.014699447679207866,0.3281967793600279,0.018993556542807866,0.23901411717969437,0.9155333749220212,0.4546541929148624,0.2910590683170456,0.0,0.15525573665831546,0.003764392744424433,0.0,0.08758962684450083,0.0,0.6861071557626436,0.11586064391427153,0.001947251515517,0.0039942950685465,0.0018673896498958,0.003096109529619,Chad
29,29,0.2107962495739747,0.6369016057089922,0.21950924802620284,0.003076495573816033,0.2601264917694989,0.4327529242027765,0.08188922189267213,0.11464108520624434,0.7305964022194839,0.0756933869520909,0.28436464115003846,0.046247970175124435,0.031231069792227534,0.07715391067898734,0.019273580306832298,0.1075399548725255,0.10741530416703075,0.0,0.3752113419853072,0.15545586625830385,0.3088876068178473,0.20043363838173764,0.36913517963278314,0.5233669888808773,0.4011333780481905,0.2414097871763589,Chile
30,30,0.13288674987968263,0.6618450829492951,0.1478333407532847,0.09141867599290858,0.19893762380894198,0.7525892281903945,0.261325703726288,0.11477243551730971,0.8255643795372127,0.38077742412040966,0.12606486704112027,0.7330388519588892,0.06543809365510143,0.017245411031228064,0.04956879582629733,0.04092045763724494,0.2165886296799376,0.005672064125763899,0.27111636338210887,0.4207118411378028,0.23967943452797036,0.23074524394581583,0.0006575779803400999,0.0018543227634527,0.0007395218869039,0.6637928697302427,China
31,31,0.13099865607200656,0.43478773988223635,0.07767184992301877,0.0,0.14805545884585447,0.5051383051379869,0.04838154332669583,0.40566234062198087,0.39595771056108103,0.03367166479960853,0.3386175133634073,0.15491727038693992,0.02698183477805084,0.09029439081789387,0.05470931890451743,0.13836048159572897,0.04262288428421914,0.012148692546830932,0.48951310461252445,0.11856779790117543,0.5678026254759942,0.4911562733516039,0.41799867398689655,0.6074526014784583,0.45245603976717613,0.1215182323437711,Colombia
32,32,0.2125595937618409,0.19572648717539867,0.012525513063226334,0.0,0.11189368058165743,0.018324263257292733,0.25098559080787347,0.15390857434456004,0.3323206786532516,0.08501178078509597,0.015065671527604333,0.33732969603277124,0.10666289218612034,0.06812990692356392,0.002976030588196867,0.7433846839134183,0.0760531843622164,0.0,0.14442187917953303,0.002124892751387833,0.7933423472604121,0.44723285825080944,0.0548971128996101,0.0782845755931304,0.0420051234471942,0.0919072793818625,Congo
33,33,0.11509729577137356,0.5437912511680322,0.2575042536764851,0.00013893850978523333,0.14415390687693547,0.4022615004452235,0.14063341157400916,0.25632789004774237,0.30036252714691747,0.0313007942389502,0.48371888580388117,0.09136984870333063,0.035458827989523066,0.18833112069811955,0.049568909604102866,0.025757341159014697,0.16299393522781527,0.0,0.4729962394092093,0.07232764153733723,0.52142730853016,0.6701392878966995,0.3692511163644841,0.281939518925636,0.3380337527032204,0.1153151687677917,Costa Rica
34,34,0.06101213657355244,0.027458498232313933,0.010855595660200099,0.0,0.2932007602311813,0.09065941143945659,0.14804599138967106,0.18412950340027734,0.06644085533057632,0.013293599271732634,0.013179539386752601,0.2649313257148167,0.1106902169865734,0.045860683813360566,0.20836581583972302,0.729728258982247,0.29750281686026087,0.0,0.050684510801828835,0.5938001361231767,0.9819425984455283,0.5050855220232732,0.010823272275076,0.0033377492401884,0.0117374526241535,0.1058858614612986,Cote d'Ivoire
35,35,0.28521581318567796,0.6718271361348304,0.3281129459052308,9.924179270373334e-05,0.12961247334842194,0.2792488713259719,0.10064083094376274,0.10889048258363924,0.44781278726626006,0.0,0.5319952667659763,0.21933797217955223,0.05242617872182514,0.010738594967801468,0.037733048202779264,0.032520848114991535,0.5280761648832991,0.0,0.3523249420242425,0.14499508516634563,0.3020123766638094,0.21991649655473067,0.5619386028599712,0.6900813467320567,0.6248658004705075,0.6323329266639556,Croatia
36,36,0.10815116518098,0.42453351363240666,0.1270693460001863,0.0,0.27355394588573934,0.3525542559396024,0.03236241835710447,0.2871500082277793,0.45211944118274977,0.025580949625763034,0.2381549670458607,0.14917969882269225,0.07166021821472494,0.300251951032469,0.013669762677142665,0.1654597967539256,0.040141490070663303,0.0,0.3595003950870494,0.0007264915065875,0.5276432353100919,0.22154850888417207,0.027234034712492704,0.011138679382426,0.025533741122145,0.4075911617188559,Cuba
37,37,0.18345310819518504,0.53933042856248,0.07801422550288963,0.0002977253781112,0.16870449296073756,0.3418554872187008,0.16123498118780785,0.17860103697518492,0.5221576699597793,0.43106663870302736,0.4060318826576938,0.14601150617994052,0.06665015092729683,0.05156283051537097,0.04302125565654103,0.029808771354500996,0.42196202255282683,0.0,0.28056442403095966,0.2302912499719529,0.47842570806604645,0.5600823375733147,0.2518662025457703,0.0942758738754792,0.0188523185781832,0.3541710722515928,Cyprus
38,38,0.5302587305411026,0.6239215350403309,0.5991442125092618,0.00011909015124446667,0.06146871373388593,0.2866057902498047,0.05217879776454887,0.0975603161233085,0.44251411858418205,0.0556068443018787,0.4196358271552583,0.11645125324100114,0.014570602143257934,0.02805099624815417,0.044623557784247474,0.06571771008270057,0.21163000540886692,0.0,0.3287752257015039,0.09544286644844617,0.3838804264782887,0.5670090657971462,0.9235811571278859,0.8620345766533215,0.9463993588679885,0.1990999051104785,Czechia
39,39,0.2626344999889009,0.862524883419138,0.839146480711146,0.00019848358540746667,0.10275567387473235,0.5539148540246185,0.15920034207675662,0.11561514768225463,0.4036215895413943,0.0,0.5991518153979666,0.3310739415676888,0.019922443757283703,0.009974716116868433,0.11316491026168078,0.0596951821398739,0.41838694677232374,0.0,0.33200826909844133,0.24735205332677948,0.1334696107192682,0.10709401289301611,0.3327194643853721,0.2050222910331738,0.3658635851071901,0.2378256743933848,Denmark
40,40,0.016634076304802934,0.14748007201766983,0.0565939343180801,0.0,0.49920848868224726,0.05351271397108657,0.03710127402292487,0.07412675887592263,0.15297778596843273,0.2898379360745061,0.1647847890644635,0.21195729070534028,0.008589613956147968,0.32468923934334837,0.1710349498296799,0.02238584639414683,0.12277753089483161,0.0,0.34310009887751064,0.06761518230493722,0.8538308091830208,0.708823922232602,0.05774507496483109,0.0343881637726903,0.0655216946388604,0.4829442862952419,Djibouti
41,41,0.11261100620139643,0.47417978120691534,0.132020301928187,0.0,0.0378611992921696,0.08283565281608873,0.1958466145214924,0.5904453516323105,0.41625542036066404,0.21528896004847833,0.33179848105327736,0.15264295347145396,0.13049418993364006,0.0700188138530619,0.26405912342634297,0.24682980124305218,0.3399091093242028,0.0,0.33614114066360196,0.007619377100638234,0.4310937984840301,0.19550509067819863,0.0161170096957914,0.0,0.0169004371092299,0.20496678866748,Dominica
42,42,0.17231374486180898,0.3469989423962086,0.10861821248127823,0.00011909015124446667,0.10405961080106026,0.37664725386105075,0.05331993284013677,0.7201453371823763,0.3313483043736149,0.09324944979361256,0.2688598922718014,0.2574938820396792,0.10038002895448127,0.14624548230439072,0.03495461977703607,0.04555540919533807,0.09353499327981807,0.0,0.24082385248569724,0.017652615290902198,0.6684891176872292,0.6793989537468205,0.2032481273894928,0.1438630261021607,0.1745273461451163,0.1020197912430527,Dominican Republic
43,43,0.13135744842478864,0.47759800587649587,0.19967464854685082,0.006510261601365567,0.3656266862489617,0.3549422928378972,0.05319166025597669,0.23925853053084636,0.37597225939306805,0.061585800398884095,0.3762891525712308,0.1623341830460002,0.02496092811984517,0.0371294176104874,0.024315397052178434,0.04319493385631983,0.03178633466626433,0.0,0.1619974581305579,0.0213532395120949,0.5533581021947265,0.6207632605177265,0.1410463039085417,0.462084593660862,0.1325443635106184,0.088984682120103,Ecuador
44,44,0.0035111844376557004,0.2225929301939681,0.1202492183416265,0.0,0.6895567963279085,0.16404906833195942,0.15842773450268208,0.22828160204925418,0.1760419407842686,0.012390452879862566,0.1380279835932864,0.31106616835489914,0.09345060759250808,0.07812044253025427,0.09533789219090749,0.0694000268091733,0.03671345650224183,0.5396254708171457,0.17822311636380003,0.04596852227543503,0.7652335214964675,0.17774254053288377,0.0160885063629549,0.0513811801983164,0.0144915837809301,0.5313216754778365,Egypt
45,45,0.10524492009425894,0.44155405678086596,0.22801361810294132,0.0,0.40247679055500923,0.43715176672765926,0.0590023499258475,0.21349168337043967,0.2369763102020587,0.19670943422207723,0.4020576050766338,0.07004629874821947,0.14166874240253294,0.3425884821751834,0.015083713730606865,0.054604175354945404,0.1282510812799156,0.0,0.35744784373563965,0.023464321211926403,0.5587162950226006,0.15838163177549655,0.083341550020266,0.1392128424621203,0.0860782258035392,0.3477456960824183,El Salvador
46,46,0.44709971052627534,0.7886929299090982,0.3409522460513937,9.924179270373334e-05,0.15844650664080523,0.4440812681146027,0.061893871016988435,0.11613485962882043,0.3724866354745289,0.040423859866333664,0.8049403841164287,0.151153691018355,0.008535559057812865,0.04125118083412307,0.09498340625932782,0.07703977643667953,0.5152767891860613,0.0,0.18839087823140543,0.22755957998018203,0.22621451438354456,0.1308861854453567,0.34294521748464896,0.18476179323557682,0.3128971467301182,0.2222475260946184,Estonia
47,47,0.23575488325823254,0.3042547121266182,0.11679980399917321,0.0003771188122742,0.5716918892693885,0.09429338289136306,0.03904297292184577,0.20785037741990683,0.3087954498460351,0.19192686757312818,0.21931453995115838,0.26709360802671506,0.069664896343068,0.09195843230913263,0.27352892734258766,0.14846476990772314,0.0283712265765392,0.0,0.32702477688617676,0.11247584038328673,0.6562096004111583,0.12914527398062728,0.1407930972402008,0.2950483883667008,0.1149196323354288,0.0928887081469432,Eswatini
48,48,0.0840803285103053,0.11781051522511554,0.0445462197050901,0.0,0.6986220231046764,0.029998405696467834,0.0041788187147130005,0.027326728707849534,0.07081887898642883,0.0016378227875743665,0.19406835082681836,0.14161962427468044,0.049312832382246506,0.8023585080729424,0.7096079974090106,0.35256664888075084,0.0886579602319419,0.0,0.07847926267795097,0.10565127576393203,0.8930871699142591,0.22239650597846386,0.011796917422071599,0.0100663534989134,0.012083930989483899,0.0535664904432696,Ethiopia
49,49,0.087655996311946,0.34871278125474925,0.3389678986241837,0.00041681552935569997,0.2021791944653936,0.1617251402505023,0.23184180847541183,0.0469937723875794,0.31681597900884584,0.06187939049215957,0.09299464712726009,0.13757278599318024,0.33498056983494306,0.19145560380679993,0.07400381703470396,0.21118703337330894,0.11417005059322831,0.0,0.5304939913872793,0.02874239031441943,0.5981263496919144,0.4061807253348107,0.0005705743198811,0.0012037806762827,0.000654343222492,0.1663819981022095,Fiji
50,50,0.25835687538063473,0.9486823974312455,0.3731684427955843,0.0,0.10267265414145273,0.2714296142117572,0.16474233367017765,0.10966881312500887,0.5881432750035642,0.28277724599621473,0.7965244822548287,0.11584072125250267,0.017416177371500568,0.014579808464023068,0.026082721573833133,0.056162676988689264,0.3177486957197009,0.0,0.19697008184843876,0.11103467579748642,0.07691193105017435,0.14874142560797407,0.0821002724835874,0.0671069081509727,0.062023011933443596,0.161339297817541,Finland
51,51,0.21925600284086535,0.776436117971541,0.5566789492604222,0.00021833194394823335,0.1115128875635097,0.3535365326148318,0.1699297370121863,0.14536835075209767,0.4956025516062901,0.044918332940199625,0.5464786583786604,0.2524913666260661,0.02166703263954663,0.023156608039996803,0.023316535052252868,0.046966099172269404,0.20931803576961158,0.0,0.2630227064194238,0.24821724632087672,0.2323540488732092,0.4146062875640692,0.4995002895953426,0.6555566379802641,0.0406948822405254,0.2312755862816863,France
52,52,0.19808570897315878,0.5946740376570757,0.18851798631606712,0.0033543725933864997,0.18695176581130557,0.2931993787541183,0.3172518538197604,0.1059256118961847,0.7134273734733175,0.8327362802681417,0.20474251416611092,0.2257577919142559,0.2191256613064326,0.033158066663678494,0.0127382655194841,0.07296414726999467,0.2674419483620331,0.15088307274128962,0.19739008769306854,0.07532160237354923,0.359020181512355,0.38826834235833907,,,,0.1758004608919614,French Polynesia
53,53,0.2674496511046942,0.3240945749579815,0.024810683777229867,0.0,0.2374852663382051,0.032316117602648665,0.24613182562793567,0.3669824979919929,0.4675753959991931,0.23780420071164357,0.0832100250482441,0.6185813736483684,0.2010427938248599,0.004098275910606267,0.0007546030787805333,0.3644436238130459,0.10273255523770862,0.024184594079606866,0.10834032665548073,0.0078719869703484,0.6415625865655056,0.24134740578484196,0.0493111582854746,0.0171626426495817,0.0535354280661813,0.0835515792327504,Gabon
54,54,0.0845297807412414,0.15620239125583904,0.011031847439710899,0.0,0.5183440168949168,0.06973631659515817,0.28386808744368336,0.0049854808687643335,0.04886108044905163,0.18478174472328823,0.18325108267648452,0.05273380216065737,0.38459720902628636,0.023045770296669266,0.0021631954925042667,0.0032821669283328333,0.0926766863470393,0.0,0.31813104981893714,0.07378830169816174,0.9327811332231452,0.7801008609801613,0.0168130589988648,0.0298987842609167,0.0177854105377275,0.0867832452216348,Gambia
55,55,0.13489035771835553,0.5106060448199011,0.28792953239392866,0.0,0.4171844127575719,0.30075340583057636,0.05993545802436697,0.07719929658599971,0.24649492493382555,0.21382653515597863,0.4841415063245214,0.12307361910716419,0.014833864567245733,0.00023920240350573335,0.03557680214401667,0.07069845896727713,0.4737427588233565,0.0,0.329401124623985,0.2187709911716691,0.508325460610037,0.27608820375359816,0.6765973742110264,0.4745494605073856,0.7528037405100605,0.1758058831503321,Georgia
56,56,0.35949981474604215,0.7167306404761654,0.5883080193123104,0.00021833194394823335,0.07704523962975711,0.35626484515559564,0.09191590589348914,0.11474038875288294,0.4429299245068689,0.0,0.5073304736225048,0.07120083135795187,0.028722585600768968,0.009596607279900632,0.05894006103111726,0.06850696148305296,0.22514203252334739,0.0,0.29430696400891854,0.37406133920901014,0.30477006129776507,0.4244792754781743,0.2635298687439978,0.3984882253763251,0.2711726796431024,0.2275830283312999,Germany
57,57,0.0460490967567986,0.05134249957924957,0.02357728101832893,0.0,0.1841948448681219,0.0502497241369328,0.23503181660750685,0.4274594921009272,0.06309630438006926,0.0652552624302698,0.0136510618695442,0.138827662810529,0.20138457069340598,0.13169493882460762,0.43586905171265916,0.9349283091170286,0.0002868841770336,0.06763080216591727,0.0647157076607732,0.045044967785974756,0.9454468760860588,0.25936897549739507,0.0216290258631297,0.0077927104108297006,0.0226069496541407,0.0448908770502914,Ghana
58,58,0.11609043033560407,0.505111950469704,0.11914215141349294,9.924179270373334e-05,0.1197964441066236,0.27047749162186924,0.08816922600691453,0.19092549342557388,0.3462383922608965,0.0734433336017756,0.5264008883110117,0.19886165005100986,0.07018618348377033,0.06369885582788837,0.03467590469160157,0.0560425156246791,0.22362075593695616,0.0,0.1848274486766501,0.6647784197788074,0.5596109050940721,0.7697762963478444,0.1465276757929526,0.2999380434059449,0.0969371165062937,0.38261623966382,Greece
59,59,0.19703940579548815,0.4981494685703029,0.11732456900776193,0.0003771188122742,0.11926615233223732,0.48846205742000554,0.2336029135275627,0.41366536882394717,0.5608698343454573,0.3094857933778405,0.2553654308651833,0.1067792710185031,0.11273680523806534,0.14271418780136189,0.44506043712464477,0.04247365424419616,0.16559409456670973,0.0,0.45265154726808704,0.025388211428783804,0.4595463825199163,0.40951678134981995,0.0125541250036936,0.0047725109997773,0.014292630321176497,0.1491934390673715,Grenada
60,60,0.07499604654414693,0.2868239180542192,0.07887793002455773,0.0,0.4834740390701812,0.7686538147774139,0.021976007500264433,0.19718515029862335,0.3073707471095285,0.03782550928869157,0.18344931078739432,0.12234632960451812,0.09155122724386605,0.35038530133847123,0.05169544867285903,0.010954472854958769,0.14042400146593423,0.0,0.5036186008330614,0.200180406571715,0.7417757263048451,0.35916478652217343,0.0866253635947153,0.17474956113002596,0.0911842900756082,0.2680059644842076,Guatemala
61,61,0.012522582799213302,0.052154040403176526,0.0281817047639393,0.0,0.43204496983007473,0.07512223351261199,0.07758070600465948,0.23435837438888774,0.08416896313240711,0.0677545431068607,0.06547267990865745,0.14398177576497165,0.16222575474373174,0.09148347575383216,0.0,0.29847804362827346,0.07069985313558014,0.0,0.09240790088428948,0.0008854067938738665,0.9640533695473372,0.668737848375392,0.011188439917643298,0.0036067415931436,0.012612208075492399,0.1936613799647553,Guinea
62,62,0.09782841992868534,0.13918075790766604,0.030240733507151268,0.0,0.4954496756882736,0.03671549362518214,0.010536316782452801,0.18005384478673406,0.24728472970096652,0.12669831230567985,0.08985306584720297,0.16195114843665434,0.045845560261982034,0.05135648700172333,0.0006539893349431333,0.18582297135641082,0.0362186294479803,0.0,0.0154115291730862,0.6901439319824728,0.8547134919218967,0.7705561526488411,0.013791368695284903,0.0128736440979992,0.013932396009884699,0.0817242781618544,Guinea-Bissau
63,63,0.07753402939146986,0.4022338724389331,0.03552382245754213,0.0,0.2613433896147203,0.06845878586885436,0.17455190399666118,0.22315342014377362,0.3547554107768194,0.1523127167359414,0.35106607924237704,0.0492556661504285,0.23871319636886823,0.13650786256219552,0.35662112251974437,0.05013551531694483,0.15549468520090398,0.0,0.2849696661097853,0.1309950544425818,0.543155546642103,0.10486058662937087,0.09689342942204542,0.12334545582653271,0.0978581576426129,0.7780452758573946,Guyana
64,64,0.16049035346553922,0.13408235633855337,0.0619558579154286,0.0,0.364986482485566,0.0201084809791947,0.04774647023791556,0.3676676038580567,0.2178722582168544,0.09738079445845478,0.07652601567998413,0.14214744860724243,0.07617757221585844,0.4657649941775926,0.0011067511822114666,0.30940467296459323,0.16808266748259512,0.0,0.28066374455210885,0.0,0.8352615143933539,0.46513701728950263,0.0098772864403906,0.011587035607195,0.0088822789508278,0.0636139352040124,Haiti
65,65,0.09038700867573464,0.3620236470392166,0.12017950150886166,0.0,0.4440949536838863,0.22233068740860176,0.023269690869489133,0.17594749508790933,0.30971063884819194,0.1547529312337915,0.3268215106350781,0.11334707307788983,0.01567085233066257,0.2908600695653792,0.0158843618488871,0.0014316061697607666,0.19788342046020024,0.0,0.4946108542990371,0.028129996273743435,0.692524793263267,0.5327719334810772,0.149882297581697,0.2028365558026024,0.0692895492232095,0.0977578961637521,Honduras
66,66,0.3431431742037941,0.7260674558671586,0.7605941624827491,0.00013893850978523333,0.1103942505706438,0.4748126196651028,0.03634173097686983,0.08045265961722826,0.5082940552963305,0.0046406564497422,0.4215831343080221,0.0029277570455608667,0.010764515102764433,0.041184051073328835,0.1459733715392358,0.051264379052125164,0.1693028201283577,0.0,0.25271656348743204,0.018245225060600567,0.27441034340396514,0.46954196262256004,0.36899203373501194,0.7192423769828006,0.3148050399520459,0.2614504541141385,Hungary
67,67,0.23497686923028213,0.9356059864904219,0.5186694992658823,0.0004962089635187,0.09380294319430049,0.32720237223066395,0.41209818138348364,0.17001273813988815,0.5848896070457638,0.3473681172896952,0.6995868478101589,0.23149511614991744,0.029047382052149403,0.0093368081385243,0.09258620275969927,0.032318519285164965,0.4253508816496386,0.0,0.3019802261830326,0.12484628714479129,0.03864996424494095,0.15878947351383144,0.1571721183509289,0.0424986917018261,0.1791279333211675,0.1534716009217839,Iceland
68,68,0.0209363655083928,0.30610044649459794,0.23086750245262333,0.0,0.47379009062581273,0.18081632361183428,0.057243029337034866,0.147184348140634,0.0,0.0,0.3852414525379326,0.0288424611266634,0.0930917289702799,0.4259286139930623,0.42656594499899647,0.05039093796811667,0.023578709526266065,0.0,0.15803202264784075,0.14738144528579641,0.7314586466414492,0.40256498999466467,0.0742652972792914,0.0597017162960769,0.0831384255843633,0.3613555645926529,India
69,69,0.003958170907075133,0.13151840102793855,0.02769863504118787,0.00017863522686673334,0.6425521365903343,0.3263396173963176,0.3585528087754857,0.15884191304264567,0.08438792191778544,0.0002365744026496,0.026346836050557664,0.16407864631127447,0.20352564379365834,0.022672023820556598,0.19496699337817894,0.1316183114450705,0.08139876220168928,0.0,0.4167539339994019,0.07176568414142613,0.8926886566054985,0.43478989944267493,0.0405258360774077,0.0623026082866683,0.0382328313388828,0.1626026840178934,Indonesia
70,70,1.5180496098612501e-05,0.2747149200222301,0.32510876778577896,0.00039696717081496663,0.42349356672088717,0.3287225538388786,0.07983274188799998,0.2537596912215758,0.22105547153856855,6.369310840566667e-05,0.14000784094141608,0.14316310632883678,0.008209005485232566,0.12994930348740008,0.08951085560943796,0.08006359251827157,0.04520652756033327,0.0,0.2107513447734651,0.9120902708284708,0.7108658175363641,0.3945307502230024,0.166598340391713,0.3743461213862114,0.1639760104127445,0.6324359495729971,Iran (Islamic Republic of)
71,71,0.0105967653632807,0.16483423656860444,0.13483433399580197,0.0,0.6048465718406707,0.6027451698496381,0.029685834732478805,0.16574352289000996,0.16450350930025828,0.1014630486296511,0.08578723719495208,0.032254969455075166,0.0274704599373737,0.09370837427133648,0.033343713219793736,0.008290829558793933,0.16010695658637208,0.0,0.258497694713068,0.145097021643969,0.8421148053250201,0.7871889229087948,0.1517202013509091,0.1779906926153272,0.16684827793413107,0.2222746373864714,Iraq
72,72,0.3728308374051756,0.6545713591037408,0.5349387054348385,9.924179270373334e-05,0.13367143081419738,0.28945768002700123,0.13649090570164016,0.12395113431895007,0.431081657587328,0.07028798065479604,0.4619148615455991,0.10539031902831382,0.0256807594890639,0.0317220911308376,0.04903348409668586,0.06650992469382547,0.3146805530699112,0.0,0.33189460467551607,0.17523678314330984,0.35274220317506366,0.3821391257496316,0.3889568585812455,0.396035421085303,0.051660004921853,0.221987257692829,Ireland
73,73,0.0684283438248231,0.4986409202616104,0.07495244099272692,0.0003374220951927,0.13917167530245758,0.3176096629810283,0.12509986359293865,0.2538441759424994,0.49028446879935933,0.070569499715416,0.39400212320992706,0.15357114685009696,0.09911997208138972,0.0929973270757613,0.0410083277508402,0.03235930193599213,0.23183015614976574,0.0,0.16059324938787453,0.3417027893052964,0.5895446681015166,0.7798911263180717,0.7147213963119752,0.2967402962918516,0.7311647629591427,0.4338674257828385,Israel
74,74,0.16368024976626172,0.5819187217212232,0.27924708158944717,9.924179270373334e-05,0.15764730261220017,0.3676569797722507,0.14727600288572004,0.17382356736210416,0.4230654930207085,0.050168091362322136,0.4310576575087981,0.10256923761355254,0.01578703330861427,0.0678964821205567,0.008327789804420832,0.029316175392308633,0.112056636941826,0.0,0.18907635550493773,0.44877371404285765,0.4710790954885242,0.7038555640225767,0.41827637823254166,0.8139403690451199,0.3865684046489432,0.3301775789616375,Italy
75,75,0.14018227206502684,0.4513796233057102,0.25560259362900734,0.04321698466378316,0.17195341743751022,0.07712749113188773,0.18329874139599414,0.23906290404930944,0.3991862301109567,0.22408434457970552,0.2791702496091565,0.18481115888942237,0.09951814903822105,0.05423748653351573,0.589295315078476,0.12154891155635388,0.10417476079627147,0.0,0.4767437448320435,0.022725155963095472,0.5269282873134015,0.3743031423696606,0.0575741865337231,0.0685396462235804,0.04814319150634041,0.3047417649450996,Jamaica
76,76,0.2458674467297323,0.46857383110014067,0.08410455941933903,0.0741667448095025,0.2520015313574239,0.9843050721034311,0.45208144778718085,0.07231651079388303,0.3658751040495159,0.06870149538449939,0.20251067954771204,0.1522507143093843,0.1182617100618152,0.027986691193830664,0.12550938684806748,0.0389007760159236,0.24531649196223784,0.08692446994599756,0.20788451066882088,0.13583199349809366,0.5669659807116759,0.5986898235869581,0.0307948174599563,0.0272842809940617,0.0315015345477469,0.3800948895214857,Japan
77,77,0.0054088237362999335,0.2480682625901713,0.09316778814306263,0.0,0.3414630456432026,0.16155114419566494,0.050128462839403864,0.12157158304731501,0.297978187954573,0.09185908155041513,0.20010424633536017,0.1090054256655804,0.07702569664535469,0.14270332661775098,0.06309211870452204,0.0334913173681246,0.2105625287156072,0.0,0.3921940060822407,0.21526952616539,0.7784074988682347,0.8250157925896916,0.3003456986639224,0.2206362358888776,0.3309515590887858,0.5299606886268131,Jordan
78,78,0.145613606051058,0.6246632055343243,0.2039696631621463,0.0,0.12035792845202836,0.2897739500239188,0.0229827247485524,0.10722854070035646,0.4023697708186252,0.09512621129805914,0.6387406183436948,0.2635189609957637,0.0186298965804947,0.0068523235407268665,0.0172596981143281,0.11977364219925496,0.21175249155582496,0.0,0.16850105952591654,0.16923135411980716,0.4092489599519388,0.5805395125939748,0.12481788691046898,0.08979592058182269,0.1258606683131467,0.5068998237766029,Kazakhstan
79,79,0.08677494574633793,0.33064371578916907,0.08506557064314006,0.0,0.5235924759455773,0.07129848906826132,0.03792795034506167,0.1556107408345482,0.18414720329945156,0.0022747538716310664,0.4038122190904833,0.20260370125854846,0.038109099360016836,0.4286403228726976,0.022062982076991602,0.18383762866375467,0.07532864530066437,0.0,0.163928883878381,0.11255117682644293,0.6970828509517055,0.3074479828026324,0.0182230839358803,0.017893171564852,0.0174218636195712,0.1891283719669242,Kenya
80,80,0.0138412373257358,0.22276994887138557,0.03760687045168807,0.0,0.17386754273376726,0.0755534734026651,0.5490927274260986,0.17080608567727898,0.2330804951394517,0.11044400693539891,0.007896455298794167,0.025191278761027835,0.9341424001766713,0.00030617907648733335,0.009499836775838133,0.17334086808629226,0.011637926178710999,0.0,0.406361509831555,0.20922806287466686,0.8083812705207151,0.1245408198368303,,,,0.1779530974650942,Kiribati
81,81,0.11178406993436678,0.11363848689121751,0.0,0.00019848358540746667,0.5484503419570973,0.3565911173858813,0.09495434678773014,0.17830677812497678,0.20267876447809044,0.022788465138461802,0.0091340252383623,0.080514392618592,0.0321102086996904,0.29605405735502205,0.0,0.16513042847176226,0.006479425170857767,0.0,0.006987644456906466,0.032057134966457235,0.8628927304286849,0.47695188089681234,,,,0.6480249423885047,"Korea, North"
82,82,0.5712518864965711,0.4150978153169964,0.20967258941729794,1.0,0.2570857055221485,0.3949137414292765,0.3281031000030994,0.09671648056896774,0.44889510902659535,0.0,0.05316380321644393,0.20294419582543308,0.0704758214712113,0.016389650107814933,0.035333304709293765,0.011443870115334834,0.06659182353070647,6.519542328126667e-05,0.2489897386773503,0.2653152806554247,0.5776568460724137,0.5716808090325575,0.014980528579756102,0.0153203123909552,0.015139066848612598,0.6223613935204012,"Korea, South"
83,83,9.542026119126667e-05,0.3963186172417263,0.07277862102157513,0.0004366638878964667,0.27505171723031,0.7281493277425892,0.067571455007647,0.18437147915133975,0.43155266053515495,0.24723142577799448,0.24799280324530312,0.1945481709807395,0.03652196888630083,0.10268532858970586,0.2715681307200694,0.05296419549633963,0.3216023990108939,0.0029989894709391333,0.2960065190555797,0.24444011855711026,0.584346340773638,0.51723885054201,0.3482374844455935,0.1108248066995949,0.3798822354161282,0.6581699877999186,Kuwait
84,84,0.061053004888725566,0.5849564749535495,0.15529770172031984,0.0,0.3066076658051604,0.19417980693517298,0.008270502053903435,0.06460790047167564,0.2758135550484921,0.07683815477698414,0.6893109570513781,0.3214830037525691,0.00029824666051456666,0.09789454384509483,0.036594623441184866,0.1381447505830946,0.328014997181977,0.0,0.24239503145377314,0.26252135720999187,0.3959839343993052,0.16337126428654705,0.12381165364272022,0.1163808001597329,0.1367949814966491,0.5674339162261081,Kyrgyzstan
85,85,0.09027827717087417,0.25020497474620224,0.13771133703812796,0.00011909015124446667,0.5590357840762615,0.08439022839532177,0.1785400750920938,0.3282106350388679,0.32950907259420364,0.13216163609039808,0.0029996612830310667,0.20047632727886341,0.11145417610560414,0.0491947969393099,0.28993376403643345,0.11798658236662536,0.3320359557471964,0.7847469233497305,0.05894294327274056,0.0096558185555966,0.6631870578455346,0.08903336386331684,2.9770577468261968e-05,0.0,6.262721290758823e-05,0.584736342686729,Lao People's Democratic Republic
86,86,0.316213873303646,0.7146694903893754,0.6875781150679411,9.924179270373334e-05,0.1158089085752733,0.4296526043018682,0.14646645624562687,0.08135074190542713,0.4060051681385155,0.08558752295103929,0.4972705724927276,0.16294048884475046,0.0179005328605245,0.0010024781148895332,0.0187548570028051,0.14780726321957569,0.4072656249633817,0.0,0.20763344033759434,0.18283895759657856,0.2677843695373125,0.32586889325437185,0.3602484628417051,0.3762580425487319,0.34546684158915236,0.289418462789752,Latvia
87,87,0.03798286431076864,0.22201420907013927,0.0930924436798391,0.0,0.2748775122163681,0.08584615451365578,0.060576225385946536,0.20602959003582066,0.18277537596093205,0.07936986320805517,0.22888803681679049,0.06789052618409663,0.0769856099954486,0.1208088692357875,0.05451481006284994,0.0677666359984112,0.22883653164208395,0.0,0.39367995906639713,0.6675200481624964,0.793033927763285,0.6913177697018011,0.4474131810723068,0.2814599725240416,0.3260071019066534,0.5235624237494917,Lebanon
88,88,0.12359938705494711,0.1742668217441559,0.0204737354429127,0.0,0.8858660224055309,0.0492003962004737,0.02374229553518037,0.036374318432584436,0.26587872760272835,0.09381422933290533,0.1136956360498535,0.35611348952533634,0.015129394598954666,0.2410405507282908,0.15503530101106092,0.14125674091550902,0.030366131780753397,0.0,0.14219465439963538,0.004601321759828133,0.8250015510566706,0.27794542252516136,0.0420447431199929,0.0460741152961742,0.0139748152230942,0.1363752202792463,Lesotho
89,89,0.07092577742584033,0.07075425811698867,0.018957564536322132,0.0,0.39678026450897724,0.0647879429590054,0.06171871834990313,0.14677513909649656,0.2123873412404718,0.0801007180951569,0.0029921533899804,0.1737816598309561,0.04547278144078943,0.021056113535749165,0.0006539893349431333,0.36006845939486504,0.021693790724219536,0.22056017380901952,0.05698122296495434,0.08783604850689035,0.9332569842345724,0.8902316088148609,0.0036856551271844,0.0089562424693337,0.0038710803860675,0.1255686593466178,Liberia
90,90,0.33471068711246305,0.7905898315505976,0.4535351643321144,0.00017863522686673334,0.13284489013390624,0.5216230694491654,0.17871366289297272,0.08035010676671156,0.4980792046649459,0.020394366656040903,0.5284876241335316,0.14171078026127149,0.020443160911602167,0.12773762949403777,0.09585072537035588,0.0450040176743584,0.12788733896711849,0.0,0.35365395257384113,0.16157357787790394,0.2375937177307023,0.23636817864560292,0.6405488683118873,0.5649652060442116,0.5464259840126321,0.1923546156974379,Lithuania
91,91,0.5086854124107062,0.7118818487528294,0.38040816061231286,0.0010122662855781667,0.07352348948210656,0.5383443371252309,0.14979800496648069,0.15193190655149197,0.6073800865926664,0.16369620978066393,0.42353080776583846,0.1019811579529357,0.019996158974202066,0.010249131808804034,0.09496083864781342,0.03807607131160177,1.0,0.0,0.4024705312177315,0.039732523583466434,0.1879618449235803,0.23869215519586584,0.7830908170513228,0.5034546018278311,0.8475287212191226,0.2167059780398536,Luxembourg
92,92,0.03596707878911837,0.21981113297638177,0.05625432349714091,0.0004763606049779667,0.643081736674699,0.047732308595962704,0.07126987032653544,0.17318463697904085,0.23545952423097471,0.030097744709460403,0.15093935896721367,0.24576922743712462,0.0278477199092653,0.1086125662982282,0.07768149888509827,0.44131540720712376,0.08523095782762928,0.16019183035134887,0.08327555724240743,0.031926553634280395,0.7331574778295342,0.17874133784875404,0.0065851553338174,0.0054725918809698,0.0072765963539229,0.0558546834756676,Madagascar
93,93,0.04883851192676386,0.19695154437761428,0.09646697871769676,0.0,0.4909395102871808,0.047515045037990165,0.07667744817691007,0.29824552975049673,0.31264488393278994,0.016679096814613832,0.0072844297037027,0.21766422783174333,0.12239030319250464,0.3329429840202819,0.0238859361208805,0.6400090867927201,0.015318353115261201,0.0,0.04176198675869933,0.029436431040358032,0.724650683015314,0.06819856851993761,0.0134681141088789,0.0235958631923672,0.006562088838435,0.1692612172970042,Malawi
94,94,0.032738603160158634,0.38696993869550483,0.07234293797361259,0.0040490651423127,0.34712528118654484,0.8865774181869304,0.40764329516238385,0.10010588706688044,0.43355110939694663,0.14851880531888356,0.0649083606247904,0.05085436041433974,0.05503574358398396,0.052885322129331634,0.5054246521041813,0.021975924417664466,0.0281517927950309,0.0,0.3646143930789603,0.09402239280986924,0.6360764489602542,0.711509919124237,0.069939093562767,0.0140988602461634,0.0630939153485569,0.2879652975464281,Malaysia
95,95,0.037832021602281635,0.5938925385416168,0.14794551826544036,0.0013496883807709,0.3288762141054305,0.7852069946223194,1.0,0.18768816588775938,0.1863165746387072,0.8408002816098343,0.3002574973425321,0.0005167536988685666,0.0314351828846203,0.021974463774089636,0.5061904545297273,0.028587331846608433,0.378522546650643,0.035845477171954465,0.269444095307276,1.0,0.3586532702039905,0.014273759335575432,0.2957787009301305,0.0538296896869583,0.2976339926812366,0.3720211468076454,Maldives
96,96,0.10467387975008509,0.3082410082481413,0.04685231907736117,0.0,0.6999873471323802,0.017993515430788063,0.06091697941716897,0.09471217978554787,0.17560157441390375,0.0494136087634803,0.4016731524527691,0.2903617956144205,0.07858546244982734,0.21400597930121404,0.08023859027816817,0.06308931922018317,0.0210256945189365,0.0,0.059640278160006666,0.2782455988733061,0.7055688000432855,0.22221799350126026,0.0038415844430354,0.0090011004456824,0.0033069961665946,0.349047038091365,Mali
97,97,0.21075892667401372,0.614980420758025,0.28574027785811706,0.0003374220951927,0.21226787780795475,0.4210495823345499,0.1889939683163634,0.13360130601920764,0.4707412065277896,0.039663230707017536,0.4449709344587534,0.06765331857091814,0.04228534107934626,0.053905585122482925,0.046356123487730466,0.0339857895769674,0.5045269018581158,0.0,0.43010114093352686,0.23801590198915204,0.3132677547325343,0.17685537977904228,0.34188581018049174,0.2882432074521004,0.33686438656842405,0.5654656364375762,Malta
98,98,0.00011927532648906666,0.3982061319980101,0.0832710685782457,0.0,0.4853977694077935,0.11735087183270058,0.08270034911644177,0.03185727638079957,0.254771870307052,0.15836866682961234,0.4513947531647326,0.33359788603835244,0.012082232385981268,0.21990452558554296,0.003320253546634467,0.00613203932251,0.12859695255520856,0.0,0.3538411155323024,0.0,0.6666165631541073,0.6485933482120332,0.0346666642616109,0.049290288336415,0.0380274703377416,0.1692503727802629,Mauritania
99,99,0.12156776179079543,0.27432073153748676,0.051298425584767056,0.0020245325711563335,0.38343356138344625,0.26098420152649576,0.18211124035095438,0.08577239517602771,0.3568687623252727,0.25476509471733094,0.15609502320818636,0.08370264247514592,0.04733219527793397,0.17489771402024057,0.21439155682032082,0.021853988961986332,0.2046935322679531,0.0,0.2621370023560475,0.05684805983201987,0.7378447123795225,0.840302075318691,0.0044057432374804,0.0042631916440698,0.0047221630959889,0.3174840721160363,Mauritius
100,100,0.17294790012278502,0.5133851944941569,0.15166628168050436,0.003989520066690466,0.352745696351415,0.7302668041758591,0.0856505991445498,0.20092562881287548,0.48543712239853454,0.006156398666087866,0.2897938853373241,0.2986961765183594,0.03176922531498663,0.1653842090664708,0.15062071202701588,0.011536058242940165,0.03812541859440476,0.0,0.33908881893358633,0.153143788725451,0.4960681380650033,0.33945711938988077,0.1447832352508523,0.6996318429388092,0.1282988381721422,0.2285102345126745,Mexico
101,101,0.16768085767369315,0.9558992236763638,0.3027055477944089,0.0,0.23324064567031644,0.19938722986406132,0.0025249297081489,0.014276483902920967,0.9260965685052794,0.14613315264189516,0.6424273573788808,0.9517474666300719,0.002630446302927267,0.008522074069920067,0.002506891981499,0.04441441762613693,0.3262153229643077,0.0,0.12389954496013927,0.0212049098021107,0.0465771974368275,0.17832374926862793,0.005753222364979699,0.0003209126706188,0.0047691130960258,0.1884560119289684,Mongolia
102,102,0.1391068349731361,0.8280048342717642,0.19649745079693018,0.00027787701957046666,0.15684784842110144,0.3694603452119029,0.0635208757430968,0.1861334178959442,0.5258097497321523,0.24759117203516876,0.7920944230637326,0.12503967047806797,0.016302638355033733,0.057200448219687804,0.025915829082825997,0.015369202137775933,0.523340461894388,0.0,0.3558446597096309,0.1823608040637704,0.1775411709516047,0.16678265356964608,1.0,0.7248385355739787,1.0,0.2246495865527992,Montenegro
103,103,0.011963329417416402,0.2503745762726193,0.14204350881266714,0.0,0.55065056021105,0.28024451834234637,0.14675266022780548,0.2131984809124313,0.22937781202635507,0.010300003717109232,0.12984757136901443,0.20718820571640836,0.0168562269360082,0.07861323503097717,0.16972748437000684,0.06596754259589983,0.08652721783144664,0.0,0.26040032047377326,0.3404988898024639,0.7581105216391958,0.41570339797206235,0.1269037461793257,0.1257182037125224,0.1396673743122719,0.3485969906466043,Morocco
104,104,0.05028289279049921,0.11953649818114487,0.038923806018368534,0.0,0.4251840095490658,0.11618728210563721,0.1093045427860031,0.07151814816354164,0.1378914808419104,0.053444801587654134,0.0804262866867932,0.10101706039318793,0.0248057836918567,0.3241826769616256,0.005066164862223533,0.633812752187353,0.043183196201897034,0.0,0.08008620070156956,0.18451501414718152,0.8660006517116724,0.42913107499641184,0.0135692594181709,0.0078040646243236,0.0095088806366061,0.1039338484478785,Mozambique
105,105,0.013136483494475867,0.5250606604238328,0.1442627392505986,0.0006748441903854334,0.39182220052577393,0.2634114841564704,0.4079039084642946,0.1145665736790597,0.6190687224429067,0.0843705454062238,0.11143208657403354,0.19577694140721513,0.14504296320349194,0.32431867399196024,0.27625344937505136,0.024593077136661035,0.07357813313854816,0.0,0.5301651066679064,0.2461770216490875,0.446037317865001,0.25253677609364905,,,,0.337020469025349,Myanmar
106,106,0.2741253645225361,0.30576810446468605,0.1337254660368212,0.0010519630026596667,0.3077233918387869,0.06084427964795063,0.09493666110814665,0.09015801353715924,0.2721480283743212,0.19382566766124523,0.23951817533965616,0.22374202733132373,0.01945163766117217,0.19396205565935812,0.1892958119561634,0.3582857625600322,0.1152330524783106,9.779313492189999e-05,0.31813609310394003,0.0226941081749837,0.6972118384987017,0.47752248079262277,0.1317231362352686,0.0787398577897231,0.1452265789056909,0.0816375220279246,Namibia
107,107,0.016211726089587434,0.15849442748266962,0.10761122407472516,0.0,0.5584379288699357,0.09120067698114986,0.018595546188946266,0.14059880728885096,0.06884137613931528,0.016303760284612365,0.2224466441651708,0.15696131909982478,0.009222020179782967,0.24304323995993005,0.600764654752802,0.1364753872644552,0.04311740060631606,1.0,0.015003883014277,0.11760466151731909,0.8351133875560492,0.4809495407300317,0.0870329606788587,0.0365869704945295,0.09876531117572922,0.4565541548054765,Nepal
108,108,0.2384603779337634,0.802184320518286,0.33066376106762035,0.0022031677980231,0.05460922095491574,0.48463220240664495,0.1260040942527995,0.18444896448057366,0.4625278682501806,0.0,0.707778201497589,0.0487991132640505,0.011540157909952,0.022155394809389068,0.09377716764704609,0.08921606303420516,0.10039611623942736,0.0,0.2924949778981833,0.32910201435725134,0.24539891910414985,0.399060619977564,0.5587089581637716,0.4466995977191741,0.0084142163847631,0.130226379286973,Netherlands
109,109,0.23258252548523095,0.502491246400814,0.16254887352374547,0.015958080266761935,0.22589463641199173,0.39095300640961267,0.17324470246155108,0.15356083793156286,0.5770959406172808,0.8539502688503204,0.25832051082640417,0.14173222823918766,0.15612796457320086,0.027044542210581463,0.057190271832033866,0.04301222132429516,0.308622655623418,0.0,0.23558983967199518,0.0635271749235502,0.44602121042883874,0.5147027267496816,,,,0.2568578012742307,New Caledonia
110,110,0.21972133963868515,0.7318015454353256,0.6897088020256508,0.003374220951927267,0.12579768331639618,0.39915494823617403,0.13777114343493171,0.12738587003812527,0.6603948592598426,0.0,0.2703869000281334,0.1017498962041285,0.059359575043481744,0.0557080255770531,0.06586126813462621,0.06350945746882447,0.09115057371385503,0.0011843835229433334,0.430784157632262,0.285547491753592,0.2169370735579143,0.21209182810388014,0.0044398468502688,0.0027034978091783,0.0049443413799261,0.3162206859156839,New Zealand
111,111,0.08031965442023349,0.3629330605616358,0.09378895406657602,0.0005954507562224333,0.5155612905837345,0.28310699687618246,0.056761464834017596,0.1011402295288959,0.2753502782176233,0.21620513670313538,0.341730947934713,0.15388487013829252,0.04825380019082647,0.2926389277954678,0.003999133082815533,0.03871663130475924,0.0610259663242618,0.0,0.4583081377962039,0.0034314767467009,0.6826585951805326,0.3975924200254934,0.0091455390511893,0.013899323272548498,0.0070857171958593,0.1476914734987122,Nicaragua
112,112,0.002463964168261367,0.16403768665970325,0.10843671939284237,0.0,0.7157015929261896,0.00014012471099276668,0.016922830869093335,0.06715835176976608,0.10018234928748367,0.018810139921490363,0.21605177695465336,0.18756584966218784,0.29970331758940466,0.7893654262614187,0.12085702759098617,0.020728834076201564,0.014082273915049135,0.0,0.0,0.0,0.8631389635533143,0.1414574928743433,0.0017964369059223,0.0036786749179731,0.0018064124992445,0.5289250372780263,Niger
113,113,0.16553484193154136,0.0,0.0270134375630596,0.0,0.35969527339732577,0.12177501713687457,0.07524471851339173,0.12747749500085184,0.04235426264231033,0.017081483770942166,0.010275962437764267,0.07562747757953876,0.10227205822985437,0.21881527599086859,0.25607747825135935,0.6305509189665214,0.007921691528907433,0.0,0.04484841017061367,0.09545009274891093,1.0,0.5432027607022503,0.0064600784105776,0.0043088036998136,0.006040153645742,0.2931110207401383,Nigeria
114,114,0.10488033992977501,0.41575290038960616,0.3448980964055914,0.0,0.15807483030149871,0.1990316098802262,0.03460670431780804,0.16884174259197957,0.23382927894617214,0.09632874964343759,0.34384820290264667,0.19328964950536584,0.056413650686785534,0.07855824306711144,0.21652893374595258,0.07403749000043047,0.3589045049534249,0.0,0.3019139763157586,0.25921960529202964,0.5819834767907933,0.5126140733007464,0.436949109537502,0.7560483435167326,0.445329472450079,0.7425349057882608,North Macedonia
115,115,0.19306837987790296,0.7153330667602282,0.40364799199941287,9.924179270373334e-05,0.11006078793800662,0.3738975729239327,0.2813232393562457,0.14312382760489364,0.44115515270208255,0.9037491778118834,0.5197569741150214,0.0798334252959041,0.05510743176591464,0.07842107589459923,0.03383891959974877,0.051236445373130164,0.45431840338763746,0.0,0.1987149970705404,0.20368232396779026,0.31440540795337946,0.41292289605766125,0.1152832891685555,0.0582641467257079,0.0369585581966994,0.1657096380642537,Norway
116,116,0.011197125310672865,0.48631419424453126,0.09027695113631456,0.0,0.2586620762217233,0.3721872461688136,0.17060814133483973,0.44753662196966265,0.3187343094605099,0.05647370786969713,0.45618110678262447,0.20644813962631373,0.025471615711810766,0.0760492912644992,0.34569365430651366,0.025685981672912767,0.20570910982715548,0.0008366745987764667,0.22293074945595934,0.10786402332686368,0.504372378297366,0.3386721553729184,0.2752696822687773,0.1753019338505287,0.2987120230278219,0.5440260268401789,Oman
117,117,0.00018433459548313334,0.6381566782977032,0.3309579347402425,0.00021833194394823335,0.3711858277794577,0.1856330760464581,0.013089715775197802,0.05329527961631153,0.13579321196304173,0.0120963992311064,0.761283414640709,0.1727899800177073,0.04150180977192867,0.1603347909578623,0.18561499255878708,0.02454693105423573,0.15943192712931545,0.459659572230128,0.25276345067668116,0.0805474688698351,0.45049709389873993,0.340355136120362,0.0240826788850816,0.0292103205493822,0.025546982062884704,0.0737589806154263,Pakistan
118,118,0.26088498593108045,0.505794938265922,0.3637718752391373,0.0006152991147632001,0.3355051702383723,0.2602115924117862,0.11562851006971464,0.21215196356689361,0.42323238800645385,0.2683255376487291,0.296228895120348,0.24230439939869597,0.04842908549470693,0.09699373281461426,0.021993009837353198,0.022143857620237767,0.190693771027316,0.0,0.3448880177682965,0.0779510467112576,0.45164097842154016,0.335136283808885,0.7323300751193984,0.6868660676927562,0.7493303630489055,0.0591568388233699,Panama
119,119,0.2027494878977055,0.40601800889268364,0.19052430436381318,0.0,0.20917526850817084,0.5100713446536506,0.0278097993343475,0.1358556960594841,0.41813998655020557,0.06189068635891217,0.2261538669297405,0.38108537047720015,0.05616096895374854,0.14741254566735426,0.011830636710909267,0.34704486950917196,0.3939029531049741,0.0,0.23582720851419128,0.0017525848508272,0.5804097970765345,0.5170268529445624,0.18220342818987537,0.2086557596871861,0.1728554810342665,0.15476752067236,Paraguay
120,120,0.18412658158777226,0.2952268088083773,0.03937292674671333,0.00027787701957046666,0.3382375870516912,0.4676660483913541,0.2106802401309953,0.32475347007056404,0.1928981230679747,0.04389561750227383,0.22599048484440398,0.4095842219405797,0.059279811709689566,0.20166331508441915,0.0272541408650505,0.31503921456792083,0.1386522413293245,0.0,0.18333242486992665,0.0383320054963238,0.6946470932133639,0.2984931006797237,0.3433386587221617,0.6889533428030191,0.3662124723265987,0.2140382269215128,Peru
121,121,0.11285040952681724,0.4229403403389714,0.2987077135438277,0.0,0.48600569521212794,0.23425520229472183,0.22834414828619906,0.2593709086011675,0.4920277961322717,0.048158847553761326,0.018159729877937333,0.27783613544962343,0.05671559798060966,0.0272846095390273,0.0455080531284803,0.08198085393738504,0.21217171641536833,0.0,0.2743222370271274,0.1764017922463288,0.46434064311999823,0.16741489437480128,0.0469247221193596,0.05467693746590271,0.0493101064222578,0.2489413040531381,Philippines
122,122,0.3321501576849528,0.6957413128038169,0.6948347787416305,0.0,0.15168073727145762,0.21872092216802733,0.0780403924320493,0.08290339487133763,0.5502276637283762,0.0,0.368185496258497,0.0141065046666582,0.013183895709925767,0.026232186977814903,0.02707296450769417,0.11559817163070574,0.05963979367673244,0.0,0.28470371866595595,0.09026432580698678,0.25112960318864147,0.27029374053956706,0.3870009995857348,0.5480926869673457,0.3752636087995245,0.3257963941981835,Poland
123,123,0.3003422109643849,0.6707991665888559,0.4694899764372138,9.924179270373334e-05,0.11715099103086428,0.25880949495185385,0.2452920074967058,0.19633040856814565,0.484037436858858,0.03488472418738633,0.37353801045420626,0.1971812834599972,0.011903725920395068,0.044213197368657996,0.025576856235107467,0.06227555905682803,0.3211003117097619,0.0,0.15927994046526275,0.24742901143397875,0.33018216786472177,0.44051100672769694,0.7138137598383464,0.7338181267159133,0.646783061663651,0.3513406533821336,Portugal
124,124,0.21665769873744364,0.5931299743598527,0.3358971149397429,0.0,0.2790925584302684,0.4273362271022117,0.09944414513005417,0.09683548240802813,0.348759283513366,0.14128034960769817,0.49981916226464307,0.1723043533819645,0.006083120035406633,0.0161904292131296,0.010942785121483334,0.07644830745241177,0.15432886731291312,0.0,0.23048730309650878,0.025054772356764166,0.4040461833983502,0.3986631439376609,0.4463810275590216,0.5385309512592322,0.4793974904558611,0.3021011251186119,Republic of Moldova
125,125,0.24003731256932848,0.6084009582004778,0.33161519997210576,0.0,0.19225854875074413,0.471787206332927,0.029598127026506733,0.13516089972031683,0.320256374678417,0.08210817406494557,0.5829442729456985,0.15836616296061656,0.014286825556331298,0.027547285121526533,0.21486578555914707,0.10434451373343871,0.18272035531534578,0.0,0.162637726352147,0.1535813440610443,0.3693548477333004,0.3700248326135358,0.3711624150640755,0.5271854899233323,0.3963948491773432,0.461276941846279,Romania
126,126,0.21288801864685825,0.6103283414016291,0.31218502998382636,0.0004565122464372,0.165021553570028,0.57984915742357,0.1312019428722733,0.0885000481331929,0.446056097972513,0.016126685727887034,0.4070192330795697,0.2021340023372377,0.02018147867592507,0.03614047416240513,0.01746602587393953,0.1369900537497025,0.1218611624259951,0.0,0.38293536097743647,0.02419373533513503,0.3709732414109474,0.41893418514067493,0.2558437341987883,0.2756872936595519,0.2562140706123554,0.2989995933306222,Russian Federation
127,127,0.08501506186622639,0.08724243898858035,0.031737045418148264,0.0,0.08141896626792419,0.012425337788679798,0.0672248167647263,0.9342399373387223,0.0881957411213352,0.022248498256442834,0.11442055350151979,0.16922897490957453,0.07244479866369974,0.9062135216334654,0.028118364514260034,0.8536203638076708,0.0108919760369334,0.0,0.035486183278218765,0.0012192834365034667,0.8867335598136663,0.15750176918384323,0.0120892380300344,0.0090354186400206,0.010289157688214,0.1009787176358953,Rwanda
128,128,0.19653557511328182,0.5684429536758141,0.21824507637175405,0.0,0.1090755558008753,0.19422531626365447,0.22899024505188162,0.21385228142378013,0.7308566741985562,0.39700202516663596,0.21481880497757097,0.2294690828766465,0.09756661141772593,0.11826710382227079,0.11970941540095927,0.046783138257157665,0.052643121809633896,0.0,0.44629864651337786,0.11567985655711636,0.39136225471943586,0.5501269853321819,0.0070871774173657,0.0,0.0073747361931184,0.1817541005828927,Saint Kitts and Nevis
129,129,0.33443151875718075,0.6804401780974243,0.1355853884962556,0.00017863522686673334,0.13579412988072806,0.16259565799811634,0.26984220241267814,0.17752647214980077,0.9004248565152952,0.3870198228461737,0.2187834199132692,0.3278811040800766,0.07123080030612053,0.12547851672708213,0.2336430359526509,0.05343513329686856,0.17131944327728563,0.0,0.37308338835985183,0.106611131341829,0.24066472547427725,0.19294016621931473,0.09568150002176008,0.0533367438107036,0.0531831937003737,0.1767602006235597,Saint Lucia
130,130,0.172688152835181,0.4658536170745533,0.04038584659671383,0.0,0.22958528801975553,0.1985473025462182,0.12091293265009732,0.3303422826190768,0.7011980628082952,0.48375818759435657,0.18940724501876938,0.15214453761990976,0.017280335971524,0.15472110057047572,0.42818087999772064,0.10599697231029885,0.33435529618839044,0.0,0.3486993934851232,0.0776676289421721,0.48687895818397675,0.3066074931902482,0.10401451034451088,0.014575506566889001,0.0399630974789258,0.2320780805205368,Saint Vincent and the Grenadines
131,131,0.06454608969494827,0.489781633638335,0.24709137502029485,0.07596702270568437,0.022382249409880466,0.06943675152464286,0.31095838142384746,0.345133339706567,0.6427609895838633,0.2009984486288834,0.09900549214263772,0.11825501776433257,0.7735035160475335,0.0,0.08029752493044735,0.21247451298365327,0.11002600280174642,0.00039117253968770004,0.19281959965816975,0.016731324647075933,0.4521900285095643,0.19077725898220413,6.614920639672457e-05,0.0,0.0001106210428967,0.0167330893317066,Samoa
132,132,0.07839735439478633,0.08824470167161297,0.02648886564766383,0.0,0.2009684611482326,0.016834725671941702,0.23009686512505612,0.6885331394272668,0.12237802487828449,0.11865344020688033,0.038895304969327894,0.01984046403645043,0.7258181017222034,0.07918974181540317,0.03587551234192807,0.09515318373744754,0.011512969532349935,0.0,0.1766472220133788,0.0028523711500203336,0.9145926391367813,0.37016155377270055,0.0617821615038296,0.0462251779692765,0.0558372883193257,0.0,Sao Tome and Principe
133,133,0.0,0.353932593697148,0.18815582936656639,0.0,0.41334384187028966,0.29296815250621,0.07862438068977887,0.24699079462502774,0.3737269057317272,0.20850097511716736,0.2586626635932682,0.11908423407873885,0.017236384508664836,0.10232816067212129,0.29319166451551076,0.016220235285147832,0.2586963854950957,9.779313492189999e-05,0.2378552911887307,0.1601349938030083,0.6927873668155013,0.7033068131583681,0.10141184563863641,0.09845215815217671,0.1140390219254676,0.2627301070896028,Saudi Arabia
134,134,0.011909988150211099,0.07739767605870103,0.03363813740045226,0.0,0.6277030848211352,0.07583616907921441,0.14942705386051225,0.04363015807308087,0.11512358940546474,0.0117017642618569,0.04609732491760463,0.1518721167096965,0.10585167927619688,0.09312464058262047,0.08852519939120967,0.04504682926207113,0.06512868922463083,0.0,0.15759166315011644,0.09898850087348553,0.9554427554646664,0.8456275105366985,0.0163177203358499,0.0217405205750149,0.015388111151168999,0.3816239663819981,Senegal
135,135,0.26120894713178605,0.6776092513342985,0.1994867164108194,0.0,0.23115252697004643,0.4181910352005705,0.0447694276447052,0.18866944865861016,0.5576268921122448,0.0100135286588934,0.5017949397229108,0.2523512149875579,0.0277031695812472,0.0465168807688399,0.037142785328639065,0.04668090273807713,0.30782777429054575,7.606132716146668e-05,0.22991228706212305,0.1854390203183539,0.28186869533600095,0.17489988575031998,0.561170239939253,0.3187546170925366,0.0,0.3544584519452352,Serbia
136,136,0.013124376958641834,0.0784843493633814,0.006311177893769966,0.0,0.46798373533255494,0.06635656498292679,0.20764695581483064,0.08056214271187903,0.045261068940127096,0.07305198983394777,0.09748369328478336,0.0829744942613192,0.11195898067864486,0.22126899166662795,0.10142482971131389,0.3285243253418557,0.03289615056422324,0.0,0.022314400253720963,0.09566130689124812,0.9602296971179953,0.6948872991411782,0.0045133480859391,0.0053408807440157,0.0034003108585044,0.2003849803443134,Sierra Leone
137,137,0.31609590015489647,0.6832251804076538,1.0,0.0,0.06463158712953605,0.4987428310901372,0.058590712585955496,0.09718379178618954,0.3653830923465729,0.029939161882347035,0.3378868323200361,0.17002969833775752,0.02971460526866983,0.022390504995209237,0.053283378249357534,0.0655554310458063,0.23872468019762505,0.0,0.3146608070918668,0.1412750925976465,0.3179726611613096,0.7004841683261257,0.46045159307863787,0.5070072080146643,0.4824653141690445,0.2007916497221092,Slovakia
138,138,0.2528816376361773,0.6468656573924616,0.6505420023388533,9.924179270373334e-05,0.20862253636720332,0.3514202421058516,0.06343447285819297,0.21412435118358095,0.4022883448643208,0.15861283148645391,0.4572611781075595,0.16751565060370044,0.0240865180609008,0.028820570515835166,0.08883270447501936,0.051876841718368726,0.49150132156356124,0.0,0.18068854433695614,0.34350113795240494,0.37125918539811775,0.2852430134550513,0.7912834670560596,0.9262620064789987,0.8089643750897899,0.2247526094618408,Slovenia
139,139,0.035426657618855835,0.15944088749989574,0.13069917165711753,0.0024016513834305667,0.20183932859666723,0.05117513968212493,0.28795993868646025,0.10249230859638224,0.1392289025832918,0.17515477221760745,0.025842114735150967,0.050448086074478336,0.4648931289872255,0.2180665410804803,0.06534221473975123,0.9092953916183039,0.15572929623403695,0.0,0.05636486268942673,0.05129793821406987,0.8028544991804981,0.15475090156050778,0.0001985125062387,0.0,0.0001547147453101,0.0143852514572319,Solomon Islands
140,140,0.2837286030031186,0.3848178454654703,0.04212964800187444,0.00017863522686673334,0.4761114188630386,0.3184006352816848,0.04172976705207553,0.038660762954351065,0.5450921993072358,8.18911393787e-05,0.1738317438844282,0.3901641062667598,0.033361326107344165,0.031857095186601736,0.06279938404277492,0.04634594252667403,0.0804042152117783,0.0,0.33451924502721786,0.01872101462975793,0.6232985877269298,0.5022290332638236,0.2374332254394832,0.4176659463772176,0.2486871539209794,0.1575816727667073,South Africa
141,141,0.27143809730782115,0.5581154163811656,0.15536819711239094,0.00021833194394823335,0.07055841909630543,0.44977934910935985,0.22519912008860268,0.1509280739429123,0.5060944064725389,0.0,0.3808464860790468,0.1438518895728731,0.035020719239303,0.06853967313145169,0.009314317892916934,0.0574253993371587,0.16420286524510622,0.0,0.20828871399024998,0.44510651004514656,0.4929140283311316,0.7773510675611953,0.5933767328478203,0.6949739835469083,0.0349212762604089,0.3772210925850617,Spain
142,142,0.028373500532093865,0.13838873719628123,0.0123798905573341,0.0007740859830891667,0.4628162114483723,0.26511764532172766,0.2927607416866998,0.13426670343308791,0.04738586042158687,0.015450780082936167,0.14090665934407517,0.0968323560462901,0.6960165511838191,0.2165082265944255,0.6763060725400566,0.04560977022591057,0.10007900856762007,0.0,0.30140253167403136,0.1279442346904977,0.8675488843175819,0.0499077646665013,0.0300053915346794,0.0086288965576051,0.0315640860604498,0.2178826081062762,Sri Lanka
143,143,0.0,0.4114523097362386,0.0793885226238271,0.0,0.37233386004098606,0.0566021350215312,0.0073134989595765,0.213052875753056,0.2266204351424672,0.017885837666927567,0.5236502024420234,0.2741080232953652,0.09410073786282569,0.24407676684676957,0.05740387377716613,0.03252642576975993,0.05409707369595567,0.1482167943153842,0.3105227053448169,0.0,0.6088924350139494,0.4155489952526024,0.006463405784974,0.0225192557045092,0.005498129966230299,0.4061651077673851,Sudan
144,144,0.18402180329067486,0.24392310958536437,0.03621591438175276,0.0,0.3130109974315922,0.28746653585183185,0.1280808362201358,0.24275800486846044,0.38247408076952477,0.3418985540541268,0.07821427411659752,0.04595485832518228,0.08705043654471134,0.040030332437496034,0.02865357503311447,0.0523440984964846,0.1617336875459819,0.06615667830820916,0.4143185841821027,0.030322907698545967,0.7343433928149166,0.6363281541721334,0.1373420393190784,0.1426231386379891,0.1458003629849426,0.2447336315575437,Suriname
145,145,0.2444542997142236,0.7802508172352215,0.6331432876875045,0.0,0.10978768469269773,0.46424100809363594,0.16918149101793192,0.11752705887049764,0.42615140419738884,0.12974704117174513,0.5935446669821709,0.012179109731288067,0.029074367456824,0.0235788636905996,0.0720695518116593,0.053449797089787636,0.2202959374929854,0.0,0.24903996824941246,0.21450354903853874,0.27297743442570327,0.3573010155043963,0.544458549784372,0.6296177793332237,0.0,0.2035515792327504,Sweden
146,146,0.2589318383207984,0.7400394430201281,0.35985146382983824,0.0004366638878964667,0.06771588156453454,0.3252271337473032,0.08190348579761293,0.14932700366482002,0.4767884702856988,0.0,0.6147781673189937,0.12311275792821885,0.016539803828046235,0.0238134069837378,0.053607942323054665,0.03553020090967123,0.14727688968802824,0.0,0.36407417451463325,0.46050494092629607,0.30148651704737517,0.4884768049482735,0.5918495665266834,0.6000064506621313,0.4069173410240498,0.2218137454249694,Switzerland
147,147,0.14250688984352866,0.43774708034500964,0.1427207076623533,0.005577388749950367,0.1630462456409005,0.5674830392410829,0.16177319449073574,0.22127320027610206,0.6219241430646942,0.05491438804865767,0.09237611532929683,0.1150123260331456,0.12180698893595404,0.0446501898219528,0.119571765114784,0.006007061710720601,0.1268490571176271,0.059037567131084163,0.22803684301444313,0.3909657476256056,0.5496660182222288,0.7855537399807258,0.0003460903415621,0.0002055757597108,0.0003949747529097,0.4520428358411278,Taiwan*
148,148,0.0123089714906337,0.21040403479336076,0.0003890670090570334,0.0,0.517814657089574,0.13924257495423756,0.0017955623957932332,0.11957138258033155,0.19890883606090526,0.07125527623088444,0.2446655273839963,0.22726749093037527,0.0298380870479092,0.06399141557437331,0.030506997248491402,0.0565291288648637,0.1839398186424485,0.0,0.16711113094999142,0.08149184527676606,0.7940668569616942,0.4678825653381342,0.0135308445814571,0.0051475699297634,0.0155073596882978,1.0,Tajikistan
149,149,0.21687377967606067,0.3093384787757731,0.07295998017624877,0.006450716525743299,0.3744091361478958,0.717653259846399,0.25623824625635666,0.218129957956644,0.320766913821597,0.011510110982987034,0.06900378189668,0.1048492573321685,0.12966353781804763,0.05367122370248676,0.8416463691861624,0.0369886881658626,0.0558227782280154,0.0,0.3958494529840139,0.08393062831769615,0.6557865504133636,0.38140936538919284,0.003345047105284,0.0006403373567648,0.0028168180310175,0.1485265012877863,Thailand
150,150,0.0172254626295186,0.2397380547843567,0.08369837708842098,0.0,0.7437045207968892,0.0469807606310401,0.09648488331271664,0.08714631892020426,0.4553462398017878,0.2150220155361443,0.0005528369050775667,0.10128479580541017,0.08641159366049041,0.18946572076372772,0.06224180221944927,0.12250201333700987,0.33339001594311,0.0,0.15675298049645983,0.0013161395886023997,0.7155845660731522,0.28203475309636716,0.0005532607908035,0.0,0.0005119790300988,0.1263223532601328,Timor-Leste
151,151,0.0406256642244952,0.03528948554181547,0.0227111351782243,0.0,0.47566317332162605,0.0408655501176183,0.1003278836760832,0.007592642533857567,0.1039368887416046,0.17289427086016218,0.0235481723873929,0.07091307274742843,0.072197196317063,0.4124684362674727,0.08572637152955774,0.5070313846849018,0.047831595273097695,0.0,0.13263384143517534,0.0,0.9851514897075158,0.6681247966566283,0.0062787549656756,0.0051460569748777,0.0060595051278763,0.0708526501287786,Togo
152,152,0.11131247000137674,0.4729664275348798,0.247378802544762,0.0,0.2619541644503649,0.1909261767610471,0.17101829919187828,0.1291094571226171,0.5485137803046162,0.20249726394235953,0.23327672201077235,0.12963100036824468,0.1027794158109499,0.19102434274329794,0.27366772402714434,0.06160715806079733,0.0955550894593137,0.0,0.5055723922963987,0.12705514092863665,0.510240488692199,0.4619413953817049,0.0533936163745091,0.053180902338649104,0.0586234964365318,0.1446983868781347,Trinidad and Tobago
153,153,0.031108514460155567,0.2531798609395786,0.13871797598660174,0.0,0.32763902952964985,0.26152322549404444,0.07330102971460914,0.16700287242204462,0.14075365626507857,0.016630444779297,0.2705407191577998,0.09713516449343011,0.0369929286495074,0.11094112764685697,0.16285550808209492,0.027661558130482766,0.10640177777988624,0.0,0.22533864562908223,0.4822289819408649,0.7774768576154594,0.6458899339077463,0.1745699390695251,0.3246823963673683,0.1607659633591905,0.8087894808187609,Tunisia
154,154,0.0341209681033912,0.32708513011178203,0.14060169288474753,0.0,0.22039736744560257,0.24811807476920023,0.023093322917112732,0.20242577876447868,0.17106147990156498,0.0146438655073111,0.3858422031182802,0.08358168452659075,0.04832425019502427,0.18836641095537687,0.19025136842719514,0.04546723430950903,0.07651101740183923,0.0,0.18600602144573133,0.6458610904086323,0.7193962923385538,0.6643628401244602,0.2896674517236811,0.17186015180010203,0.3187047769727719,0.6870760471736478,Turkey
155,155,0.025551852762750165,0.6646519838714618,0.30152551430283064,0.0,0.39755917570957083,0.3116482291340096,0.0190834354829101,0.11665001940018006,0.5873373186298914,0.07291098115580112,0.44896522780575254,0.06162335795717644,0.009266926809268633,0.02486412534815857,0.0014746259208844668,0.0384036822342935,0.19954691137530375,0.0,0.034534215776967435,0.0419806866493761,0.2872061340648675,0.22458005208964793,,,,0.5175220279246306,Turkmenistan
156,156,0.24975040535088355,0.16392372265909483,0.037318462341416864,0.0,0.1464095814637265,0.040603244408384094,0.1089127704992579,0.46353493989277944,0.12970751557469626,0.0181307465801009,0.17456448564442917,0.13108810630095055,0.14670497613073766,0.6035608059056295,0.016573068203046364,0.3752911352563231,0.016090674908629265,0.0,0.10617641426983966,0.0,0.8316901182667477,0.4458416993667747,0.00833464370197,0.0038553825660298,0.0034701937966503,0.0983218110342957,Uganda
157,157,0.1559366973677674,0.5129579520701143,0.2200135389398946,0.00011909015124446667,0.2451398916717568,0.6181487193905343,0.07055566889731657,0.08869316751413599,0.3157356380843791,0.009893527626402566,0.42339830503696235,0.13922161478585407,0.0011180181135402,0.03137365500795617,0.0192642231051702,0.18241238711264254,0.10097677418795066,0.0,0.35406431823290824,0.1384664106842941,0.4565298297250967,0.3302555170584316,0.2955077204983388,0.3192931861861288,0.2935199020593729,0.4651809678731192,Ukraine
158,158,0.0,0.4050814799436066,0.17592912947251413,0.0,0.29897792634180004,0.3223682930279734,0.1510394422795577,0.25126733512532234,0.41716033020252424,0.22669240463146548,0.24904528423057937,0.1832987490093182,0.08296710234508366,0.49916319791327757,0.4631941888175976,0.0049063778399116,0.07349000053369896,0.0,0.29820827510970366,0.7850820180576071,0.5672072446060935,0.3074093991261757,0.3177526326892533,0.050410562597571505,0.340620722196815,0.4019249017215671,United Arab Emirates
159,159,0.2574292357985777,0.6483089145060524,0.22887756142476132,0.00011909015124446667,0.10084877363920304,0.366766514875785,0.09969891605267585,0.16041906356993538,0.5291049440161266,0.1998340744755915,0.49356173225081085,0.10535071951516402,0.035848852127599466,0.04987176556834744,0.09250884323018314,0.10520827287030783,0.3331750416822254,0.0,0.24778952441317093,0.1619845254912612,0.36819099382418496,0.4460705306172316,0.5638196046055997,0.9018073824418688,0.0016771046140187,0.202147214314762,United Kingdom
160,160,0.16677799285570424,0.08539923931072979,0.0569779298129176,0.0,0.2843454952968533,0.00340546110643,0.060334624012044626,0.20833288293851004,0.06618262451625176,0.0019471893141162,0.1329156205380042,0.0,0.2025270116968727,0.5501679689575646,0.04704837598269867,0.39705003968366515,0.012944855909976799,0.0,0.08925083253711863,0.06238892049548167,0.9325729475002926,0.5202565548362615,5.193988968780872e-05,0.0001895933405175,3.388966225283224e-05,0.1678188965704215,United Republic of Tanzania
161,161,0.2436360218695238,0.6211306269343039,0.16991298782324094,0.00039696717081496663,0.05342131172422817,0.45393109269645415,0.0924468947287251,0.14592620407110063,0.5517327534489815,0.0,0.4945472470667111,0.015016898411947597,0.05648675463377817,0.0441490790145598,0.06442510474741166,0.048482749011277526,0.1506357074849649,0.0,0.3804848566905434,0.25324972843171284,0.45570201885625433,0.6337223255935385,0.7839833073101493,0.7555667546698012,0.0,0.2639501152229904,United States of America
162,162,0.1644729252357377,0.5985095930581924,0.17473720808617835,0.0,0.21913491759486528,0.427819004063369,0.0556303079639332,0.13696066741260793,0.4546297741096624,0.10921168638723837,0.5071568177013944,0.10479341680863807,0.04238649935874517,0.046424855373007966,0.019864097737173934,0.06489312233091094,0.3132511252245025,0.0,0.36003491219222566,0.026093016219764564,0.42294409869776306,0.46871616109883923,0.121906647296558,0.0734636902778038,0.12051772583393168,0.1668049342551172,Uruguay
163,163,0.05867551586829526,0.5355201679456333,0.11424665716423066,0.0,0.3082797024200636,0.2627573038345911,0.011458001084983599,0.1795861028113711,0.2924829223924111,0.021742494969148433,0.6082646871581003,0.19631007938159692,0.006299073583470867,0.00021049811508503334,0.0086536725746238,0.06205773232667041,0.0432632883854629,0.0,0.046136605210562766,0.13098575292499712,0.44938941820743583,0.35093319106251125,0.0221937487778323,0.0097998892253586,0.025083468760084503,0.7579449640775382,Uzbekistan
164,164,0.022500619805571734,0.2622537752762409,0.0908404228347154,0.0,0.1814720802013818,0.1030795822527727,0.2293771663099906,0.18328399905164194,0.35248727236886673,0.06627190948749846,0.06304425962736264,0.1480859791587988,0.9370056269203285,7.654476912183334e-05,0.05810710524182703,0.3480913564590209,0.04738421737336193,0.0,0.10099257505950814,0.008538877607012099,0.7033883392221749,0.1028384727558605,0.0,0.0,3.446138407998423e-05,0.1659482174325606,Vanuatu
165,165,0.11092053981534981,0.38119446660576806,0.08543638994880916,0.0,0.2941957133252852,0.18784396185787053,0.09022267322390763,0.24247228415384203,0.32128541687627843,0.01827444591509107,0.33654811023978154,0.20752450102730757,0.0017732649750278,0.0786602964777058,0.00045276184726833333,0.059798178321737366,0.05689789903543433,0.0,0.37550470806558317,0.0014280549167132999,0.6867658160952316,0.6957602504618796,0.0434548848213277,0.0231193128424912,0.0469474238572816,0.1784139894265961,Venezuela (Bolivarian Republic of)
166,166,0.07785457536109804,0.5366815084436082,0.16500484147384728,0.0008336310587114333,0.432652648208867,0.19497278627478887,0.22133075820525824,0.17002441138492472,0.7519898354339553,0.015410459158171165,0.03418220119981174,0.395196130655962,0.1318144094000283,0.04917753117586037,0.2989226508727245,0.020811509286607802,0.0991229136752112,0.24197382815254062,0.08588168492553243,0.2976184195738474,0.33125179812611777,0.0413082628491779,0.0001683040870329,0.0001961903876365,0.0001687905403574,0.6015344991188829,Vietnam
167,167,0.0007893857971278333,0.16202487508309296,0.06964604640733317,0.0,0.7722649612056175,0.1273522983632428,0.04603075649580914,0.1274332055827153,0.2520046582557968,0.0508827149296937,0.06923338757505103,0.23901562028863177,0.015113043931907532,0.19808243768528175,0.04344263447005289,0.011285894018511369,0.11299037637602645,0.0,0.4053660887841519,0.011577228758896869,0.8374263034475002,0.46058879505289624,0.0006552564295822999,0.0111200178344249,0.000529628006627,0.1277755185034566,Yemen
168,168,0.46888507441944993,0.1317521684324433,0.06938572127356217,0.0,0.7438713802394105,0.16393723891158532,0.1455132148658209,0.012697812919156566,0.1551127080340471,0.04993788453012843,0.06123322202397683,0.22700193438336344,0.26673541982337073,0.039638069569584204,0.06385157058805713,0.18437415204095245,0.025747041107570635,0.0,0.1132775310333232,0.0013668782311840998,0.8874695938961955,0.2732364091393347,0.0320738867143202,0.0246120240620069,0.0321381086875374,0.1414070760471736,Zambia
169,169,0.1801662543167459,0.1783022494954969,0.11328699155334598,0.0,0.6546685814509616,0.10861871065539304,0.04090878439126844,0.039485460561112934,0.1912492818154543,0.04406698069660694,0.13890905852809296,0.15534733301376283,0.05549111327679124,0.0822761511900116,0.0317734400207862,0.057154835762867805,0.0558641352158476,0.0,0.31640169746643476,0.07859256262749013,0.8601213864258467,0.6764066375589489,0.0222639829887474,0.0477501558066984,0.0211246522272705,0.0793981293208621,Zimbabwe
