,Alcoholic Beverages,Animal Products,Animal fats,"Aquatic Products, Other",Cereals - Excluding Beer,Eggs,"Fish, Seafood",Fruits - Excluding Wine,Meat,Miscellaneous,Milk - Excluding Butter,Offals,Oilcrops,Pulses,Spices,Starchy Roots,Stimulants,Sugar Crops,Sugar & Sweeteners,Treenuts,Vegetal Products,Vegetable Oils,Vegetables,Obesity,Active,Population,Country
0,0.00046666666666666666,11.950400000000002,2.423366666666667,0.0,23.3212,0.34863333333333335,0.02256666666666667,2.4166000000000003,2.842333333333333,0.038033333333333336,6.1047666666666665,0.2137,0.4301,0.3305333333333333,0.14503333333333335,0.4181333333333333,0.16026666666666667,0.0,1.1916666666666667,0.31779999999999997,38.06016666666667,6.6396000000000015,2.624633333333333,4.5,0.0125744965063707,38928000.0,Afghanistan
1,0.8613,22.2872,1.5373333333333334,0.0,8.221933333333334,1.0118,0.16806666666666667,3.7753666666666668,4.832033333333334,0.06269999999999999,14.474333333333334,0.2635,1.7294999999999998,0.38730000000000003,0.0002666666666666667,1.0419,0.2942,0.0,1.6596333333333335,0.4889333333333334,27.7124,4.1316,5.0588,22.3,1.12371388301621,2838000.0,Albania
2,0.12023333333333334,10.027833333333334,0.37316666666666665,0.0,14.298766666666666,0.7209666666666666,0.18730000000000002,3.379266666666666,2.0936333333333335,0.10516666666666667,6.566400000000001,0.08446666666666665,0.6054666666666666,0.6127,0.11066666666666665,2.0577,0.21983333333333333,0.0,1.9403666666666666,0.3995666666666667,39.97523333333333,11.385133333333334,4.7362,26.600000000000005,0.0707667335482562,44357000.0,Algeria
3,2.5825,8.308200000000001,0.5444666666666667,0.0,11.338366666666667,0.08556666666666668,1.3411333333333333,2.8875333333333333,5.338033333333333,0.07113333333333334,0.8562333333333333,0.13970000000000002,1.8294333333333332,0.8256666666666667,0.0037333333333333333,10.480633333333333,0.06923333333333333,0.0,1.5344666666666666,0.0123,41.6972,9.128066666666667,0.9265666666666666,6.8,0.0034192239099686,32522000.0,Angola
4,1.9601666666666666,19.9106,2.0734,0.0,7.644266666666667,0.27343333333333336,2.4677333333333333,5.215066666666667,9.014866666666666,0.37076666666666663,5.9058,0.17373333333333332,0.7239,0.23463333333333333,0.28706666666666664,0.7801666666666667,0.5683333333333334,0.0,3.2322333333333333,0.1032,30.081766666666667,6.648066666666668,2.3308,19.1,0.0959183673469388,98000.0,Antigua and Barbuda
5,1.9008666666666667,21.563166666666664,1.532,0.0,8.844833333333332,1.1442666666666665,0.27876666666666666,2.5729666666666664,11.9191,0.0,6.416033333333334,0.27603333333333335,0.0355,0.06586666666666667,0.021466666666666665,1.5191666666666668,0.30560000000000004,0.0,3.369066666666667,0.06763333333333334,28.430266666666668,7.936599999999999,1.8008,28.5,0.342728695153933,45377000.0,Argentina
6,0.2096,18.687066666666666,2.7385999999999995,0.0,9.690266666666666,0.9763000000000001,0.2300333333333333,3.0599333333333334,5.769166666666666,0.12843333333333332,8.6828,0.2899333333333333,0.3258333333333333,0.22003333333333333,0.010666666666666666,1.1144666666666667,0.895,0.0,2.6511666666666667,0.45786666666666664,31.313733333333335,5.618966666666666,6.93,20.9,0.177469553450609,2956000.0,Armenia
7,2.5073,20.380666666666666,2.2733333333333334,0.0011,6.043900000000001,0.5375333333333333,0.8272999999999998,2.0840666666666667,8.598433333333332,0.2642333333333333,7.8078666666666665,0.3350666666666666,0.7756,0.07216666666666667,0.08406666666666666,1.3814666666666666,0.5329333333333334,0.0,2.7784333333333335,0.9259333333333334,29.6187,10.0074,2.1625333333333336,30.399999999999995,0.0072066475110662,25754000.0,Australia
8,3.2792,21.000933333333332,6.320133333333334,0.00036666666666666667,6.605366666666666,0.9294666666666668,0.5294333333333333,2.1431333333333336,5.933466666666667,0.00016666666666666666,7.191833333333332,0.09616666666666666,0.6985,0.055299999999999995,0.08656666666666667,1.5206666666666668,0.4067,0.0,2.954833333333333,0.4987333333333333,28.999800000000004,8.635133333333334,2.1142333333333334,21.899999999999995,0.153432802333408,8914000.0,Austria
9,1.9508,17.309866666666665,3.1193666666666666,0.0,15.759866666666667,1.0422666666666667,0.1703,2.334633333333333,5.694266666666667,0.021233333333333337,7.1384,0.14246666666666666,0.08316666666666668,0.046933333333333334,0.012500000000000002,2.3603333333333336,0.5770333333333334,0.0,1.6559333333333335,0.9663333333333332,32.68743333333334,2.8618666666666663,4.065,19.9,0.0287396121883657,10108000.0,Azerbaijan
10,1.6440000000000001,18.830233333333336,1.9955666666666663,0.0003,6.028233333333333,0.8563999999999999,1.7208666666666668,6.209599999999999,10.533766666666667,1.4549333333333332,3.4318333333333335,0.28306666666666663,1.4452333333333334,0.0646,0.19356666666666666,0.5999666666666666,0.5021,0.0,4.961733333333333,0.2247,31.18023333333333,4.6121,3.226933333333333,32.1,0.320865139949109,393000.0,Bahamas
11,0.0010333333333333334,5.799533333333333,0.4688666666666667,0.0,24.775199999999998,0.5977666666666667,1.8383666666666667,1.3158333333333332,0.8688666666666666,0.0179,1.9577666666666664,0.0732,0.2833333333333333,0.8280666666666666,0.6268666666666668,2.495033333333333,0.0339,0.07633333333333334,0.7846666666666667,0.15803333333333333,44.19983333333334,11.277566666666665,1.5220666666666667,3.4,0.027524453945315,169809000.0,Bangladesh
12,1.5624666666666667,16.810133333333333,1.7838333333333332,0.0,8.512233333333333,0.8597666666666667,2.1656666666666666,2.7566333333333333,8.216633333333332,1.5078000000000003,3.654833333333334,0.12366666666666666,1.7755,0.7105,0.25606666666666666,1.9661666666666668,0.3565,0.0,4.138633333333334,0.3810666666666666,33.1984,7.003699999999999,2.2597666666666667,24.8,0.107665505226481,287000.0,Barbados
13,2.3514,16.2638,3.6254333333333335,0.0,8.453133333333334,1.0616,0.6128666666666667,1.7321,7.155733333333333,0.24086666666666665,3.4877333333333334,0.3202,0.24639999999999998,0.0003333333333333333,0.012633333333333331,4.7832,0.4492666666666667,0.0,2.873466666666667,0.5372,33.73223333333333,8.405633333333334,3.654733333333333,26.600000000000005,0.10928,9375000.0,Belarus
14,2.5606333333333335,19.54146666666667,6.085466666666666,0.0003333333333333333,7.022533333333333,0.8363333333333333,0.7827999999999999,1.9265333333333334,4.065433333333334,0.0,7.5904,0.18073333333333333,0.286,0.1468,0.07773333333333333,2.2274,0.14963333333333334,0.0,3.4862333333333333,0.6312666666666668,30.45573333333333,8.995700000000001,2.9508666666666663,24.5,6.10089448545376,11515000.0,Belgium
15,1.6334,13.882833333333336,4.168966666666667,0.0,11.009133333333333,0.45493333333333325,0.6062333333333333,5.144733333333334,5.926866666666666,0.8275666666666668,2.6758666666666664,0.041666666666666664,0.8189333333333334,1.2613666666666665,0.0354,0.5309666666666666,0.3959,0.0,3.8721666666666668,0.18273333333333333,36.125699999999995,8.496466666666667,1.9081,22.399999999999995,0.0601431980906921,419000.0,Belize
16,2.5541,4.1370000000000005,0.19516666666666668,0.0,10.931233333333333,0.11063333333333332,0.8709666666666666,1.3041333333333334,1.9644666666666666,0.07506666666666666,0.9063333333333333,0.08336666666666666,3.2776,1.0138999999999998,1.3531333333333333,11.775066666666667,0.0447,0.0,0.6990999999999999,0.9428666666666666,45.8704,10.087233333333334,1.8035333333333332,8.2,0.0047096404291915,12209000.0,Benin
17,1.2271666666666665,17.4077,1.7235666666666665,0.0,12.227166666666667,0.9107666666666666,0.17333333333333334,3.4903,11.4373,0.11236666666666667,3.064366666666667,0.10836666666666668,0.6338,0.496,0.09183333333333334,3.9194333333333327,0.4231,0.0,2.7549333333333337,0.7452000000000001,32.58256666666667,5.120299999999999,1.3505,18.7,0.4213960285395,11633000.0,Bolivia
18,2.891066666666667,15.3786,1.0181666666666667,0.0,11.202333333333334,0.4612333333333334,0.24500000000000002,2.3784666666666667,4.847033333333333,0.2588,8.6957,0.10656666666666666,0.44103333333333333,0.41773333333333335,1.2173333333333332,2.149233333333333,1.2245666666666668,0.0,1.556,0.43323333333333336,34.62373333333334,5.5575,4.8966666666666665,19.4,0.656232855836635,3281000.0,Bosnia and Herzegovina
19,1.9438333333333333,13.177233333333334,1.8394000000000001,0.0,13.669400000000001,0.17223333333333332,0.30319999999999997,1.3472333333333333,2.5467333333333335,0.7502,8.0751,0.2424666666666667,0.6216333333333334,0.32180000000000003,0.3505666666666667,2.5416666666666665,0.3766333333333333,0.0003,3.5753,0.0706,36.82073333333333,9.626499999999998,1.6272666666666666,16.1,0.162537764350453,2317000.0,Botswana
20,1.9314333333333333,18.4682,2.0556,0.0,8.049433333333333,0.5737333333333333,0.33646666666666664,2.6900999999999997,9.309166666666668,0.00019999999999999998,6.0824,0.11173333333333334,1.0474666666666668,1.0699666666666667,0.010166666666666666,1.7672333333333334,0.18576666666666666,0.41063333333333335,3.037833333333333,0.10163333333333334,31.533266666666666,9.9003,1.3271666666666666,22.3,0.372093649085038,211812000.0,Brazil
21,3.5871999999999997,18.894633333333335,3.5780666666666665,0.0034333333333333334,9.5515,0.7987000000000001,0.36926666666666663,2.0072666666666668,5.891466666666666,0.11333333333333333,7.9848333333333334,0.2689,0.8787666666666668,0.18400000000000002,0.8142999999999999,0.9320666666666666,0.2275,0.0,2.3378333333333337,0.1872,31.104699999999998,7.8464,2.4387666666666665,27.399999999999995,0.303883354987729,6927000.0,Bulgaria
22,5.9631333333333325,4.897466666666666,0.24996666666666667,0.0,21.119333333333334,0.2646,0.4447666666666667,0.2836666666666667,1.9784333333333333,0.06296666666666667,1.8314333333333337,0.12793333333333332,5.828033333333333,1.4651333333333332,0.061099999999999995,0.49573333333333336,0.020566666666666667,0.0,0.9645666666666667,0.13683333333333333,45.1009,8.112666666666666,0.5907666666666667,4.5,0.0050375544180261,20903000.0,Burkina Faso
23,1.7446333333333335,13.414166666666667,1.7941,0.0009666666666666666,14.581666666666669,0.5483333333333333,0.661,2.0937666666666668,5.477433333333333,0.5747666666666666,4.841666666666667,0.08826666666666666,0.8195666666666667,1.2661333333333333,0.5803333333333334,1.9422,0.25403333333333333,0.0,1.9193,0.08686666666666666,36.584466666666664,8.035233333333332,2.6912,10.6,0.10089928057554,556000.0,Cabo Verde
24,1.9978666666666667,9.658233333333333,0.3409,0.0,22.441699999999997,0.2653333333333333,3.6207333333333334,1.0697333333333334,4.927933333333333,0.26816666666666666,0.38516666666666666,0.11306666666666666,3.6467666666666667,0.5648666666666666,0.24093333333333333,1.7053,0.07579999999999999,0.35146666666666665,2.3925,0.123,40.33486666666667,4.265533333333333,1.2100666666666668,3.5,0.0001290572368845,15497000.0,Cambodia
25,2.2274333333333334,3.8087666666666666,0.3163666666666667,0.0,12.603633333333333,0.03966666666666666,0.9240333333333334,3.837666666666667,1.7477333333333336,0.05206666666666667,0.7210333333333333,0.06926666666666667,4.3366,1.9612666666666667,0.5630000000000001,6.680499999999999,0.0608,0.0,0.7498666666666667,0.18509999999999996,46.1865,9.333599999999999,3.595,9.5,0.0053349875930521,26598000.0,Cameroon
26,2.1396333333333333,17.300466666666665,4.854500000000001,0.002,6.9985,0.9278666666666666,0.7229666666666666,2.4372666666666665,5.6959333333333335,0.30893333333333334,5.0869,0.010166666666666666,1.3701666666666668,0.8014333333333333,0.09949999999999999,1.6901000000000002,0.2760666666666667,0.0,3.7409,0.6473,32.69486666666666,9.925766666666666,2.2687000000000004,31.3,,38190000.0,Canada
27,0.7612333333333333,10.947066666666666,1.2462666666666666,0.0,5.2017999999999995,0.07336666666666666,0.5938333333333333,2.3196999999999997,7.208266666666667,0.03333333333333333,1.4578999999999998,0.3739333333333333,3.3394666666666666,1.2159000000000002,0.004433333333333333,16.149866666666668,0.10896666666666666,0.0,0.8027333333333333,0.0,39.049033333333334,8.337666666666665,0.7753333333333333,6.3,0.0008488612836438,4830000.0,Central African Republic
28,0.32443333333333335,12.025966666666667,1.364766666666667,0.0,19.133366666666667,0.04783333333333334,0.7239333333333334,0.4827333333333333,4.9082333333333334,0.032233333333333336,4.123,0.8502666666666667,8.456533333333335,1.3273333333333333,0.0,3.455633333333333,0.011666666666666667,0.0,1.1424,0.0,37.981766666666665,3.2626000000000004,0.34536666666666666,4.8,0.0029566866149197,16877000.0,Chad
29,2.1877333333333335,19.971566666666668,2.2724333333333333,0.005166666666666667,11.206933333333334,0.9384000000000001,0.5966666666666667,1.8693666666666668,11.263066666666665,0.13976666666666668,4.855766666666667,0.04176666666666667,0.6001,0.35273333333333334,0.024933333333333335,2.3471333333333333,0.2512,0.0,3.7323,0.35853333333333337,30.0258,4.736833333333333,2.2218,28.8,,19470000.0,Chile
30,1.1997333333333333,20.218300000000003,1.5702333333333334,0.028266666666666666,9.637133333333333,1.5824666666666667,1.8708,1.9239666666666666,12.523000000000001,0.6806000000000001,1.9669333333333332,0.6708333333333333,1.109,0.08883333333333333,0.06256666666666666,1.1201333333333334,0.5301666666666667,0.010166666666666666,2.156,0.9480333333333334,29.7838,4.939033333333334,5.379933333333334,6.599999999999999,0.0001264987859967,1402385000.0,China
31,1.3629333333333333,14.358733333333333,0.7665333333333333,0.0,8.3913,1.1128,0.3564333333333333,5.746866666666667,6.341766666666666,0.047933333333333335,5.648499999999999,0.14006666666666667,0.5174333333333333,0.44649999999999995,0.07966666666666666,2.7031333333333336,0.12269999999999999,0.014733333333333334,4.767,0.2658333333333333,35.63803333333333,9.8728,1.2983333333333333,22.100000000000005,0.148011892241728,49444000.0,Colombia
32,2.1951,8.035200000000001,0.13873333333333335,0.0,7.2014,0.07556666666666666,1.8059333333333332,2.2408,5.369366666666667,0.11143333333333333,0.3519333333333334,0.29386666666666666,2.2134666666666667,0.3318,0.004633333333333333,14.034866666666668,0.22203333333333333,0.0,1.6473333333333333,0.0076,41.96193333333333,10.459366666666668,1.2975333333333332,8.4,0.177437477346865,5518000.0,Congo
33,0.9697333333333334,16.860366666666668,2.7423333333333333,0.00023333333333333333,8.2778,0.8459333333333333,0.9967333333333334,4.104433333333334,4.181266666666667,0.035866666666666665,8.005766666666666,0.08473333333333333,0.6204,0.9513333333333333,0.05586666666666667,0.8103666666666666,0.32380000000000003,0.0,4.108366666666666,0.17546666666666666,33.14693333333333,11.413200000000002,1.2890333333333333,25.7,0.735374682058306,5111000.0,Costa Rica
34,0.6355333333333334,3.4669666666666665,0.11356666666666666,0.0,11.7524,0.238,1.0864,2.649,1.4728666666666665,0.014566666666666667,0.32220000000000004,0.23416666666666663,2.2344666666666666,0.2191,0.33,13.364466666666667,0.8475666666666667,0.0,0.8052999999999999,1.2407666666666666,46.53136666666666,11.182033333333331,1.2593333333333334,9.0,0.0062349570200573,26175000.0,Cote d'Ivoire
35,2.575,20.459633333333333,3.3854,0.00016666666666666666,7.6662,0.6152666666666666,0.6943,1.7250333333333334,6.8775,0.0,8.692400000000001,0.19310000000000002,0.9638,0.056100000000000004,0.05133333333333334,0.9940666666666665,1.3781999999999999,0.0,3.5211,0.3501666666666667,29.542066666666667,5.312033333333334,4.947133333333333,27.100000000000005,0.0722388059701493,4020000.0,Croatia
36,1.0138,14.507733333333332,1.3191333333333333,0.0,11.3386,0.8248000000000001,0.24906666666666666,4.2880666666666665,7.867933333333333,0.040633333333333334,4.110566666666667,0.13136666666666666,1.3596333333333332,1.4513666666666667,0.021766666666666667,2.9970999999999997,0.09006666666666667,0.0,3.5860333333333334,0.0025,35.494400000000006,5.903700000000001,3.401733333333334,26.7,0.05087314954348019,11281000.0,Cuba
37,1.7091,16.6665,0.8683333333333333,0.0005,8.6394,0.7239,1.1374,2.8308,7.284,0.7594,6.512899999999999,0.13176666666666667,1.1795666666666669,0.2697333333333333,0.05366666666666667,0.9350666666666667,1.0649333333333335,0.0,2.9042333333333334,0.48016666666666663,33.338966666666664,9.456566666666665,3.0531333333333333,22.600000000000005,2.43380281690141,1207000.0,Cyprus
38,4.916366666666667,19.0055,4.803733333333334,0.00019999999999999998,6.098199999999999,0.6074333333333334,0.37516666666666665,1.6217666666666666,6.139866666666666,0.0793,6.9676,0.10613333333333334,0.27773333333333333,0.1464,0.057133333333333335,1.7420333333333333,0.5313333333333333,0.0,3.324733333333333,0.22083333333333333,31.000466666666668,10.1106,1.8674333333333333,28.5,0.8976670399402759,10716000.0,Czechia
39,2.436833333333333,25.459233333333334,6.8486666666666665,0.0003333333333333333,7.1908,1.1765666666666668,1.0856333333333332,1.7389666666666665,5.977166666666666,0.0,10.069633333333334,0.2961333333333333,0.38166666666666665,0.05186666666666667,0.14823333333333333,1.6066333333333331,0.9937,0.0,3.3371333333333335,0.6003,24.543499999999998,3.8261,2.230866666666667,21.3,0.117841825355979,5829000.0,Denmark
40,0.16946666666666665,6.7802333333333324,0.5781333333333334,0.0,17.519900000000003,0.1505,0.28929999999999995,1.3939333333333332,2.7854333333333336,0.5347666666666667,2.783866666666667,0.19299999999999998,0.20033333333333334,1.5058333333333334,0.2239,0.8187666666666665,0.30046666666666666,0.0,3.4586333333333332,0.1832,43.214400000000005,13.104766666666665,3.8112,12.199999999999998,0.0026315789473684,988000.0,Djibouti
41,0.7892,15.587866666666665,1.5907666666666669,0.0,5.423933333333333,0.21306666666666665,1.3694666666666666,8.771266666666667,7.0961,0.3472,5.186633333333334,0.1317,2.449866666666667,0.3587,0.3649,4.437566666666666,0.8781,0.0,3.3790333333333336,0.017233333333333333,34.4142,5.2251666666666665,1.968,28.2,0.0152777777777778,72000.0,Dominica
42,1.5996666666666666,11.7326,1.0297,0.00019999999999999998,7.227133333333334,0.7993,0.3837,9.825800000000001,4.881433333333333,0.10830000000000001,4.4085,0.22956666666666667,1.7340666666666664,0.7606333333333333,0.04643333333333333,1.1596333333333333,0.20240000000000002,0.0,2.5154,0.03866666666666667,38.2701,11.9013,1.1455,26.899999999999995,0.511314285714286,10500000.0,Dominican Republic
43,1.4067999999999998,15.338099999999999,2.1118,0.010933333333333335,14.006666666666666,0.7519666666666667,0.3974666666666667,3.6883666666666666,5.559833333333333,0.0924,6.358366666666666,0.15203333333333333,0.4667333333333333,0.18236666666666668,0.03183333333333333,1.1260999999999999,0.08973333333333333,0.0,1.8092666666666666,0.044333333333333336,34.65286666666666,10.706733333333332,1.0153,19.3,0.184438353035235,17511000.0,Ecuador
44,0.0341,8.9784,1.3465333333333334,0.0,21.081433333333333,0.4237333333333333,1.1788666666666667,3.4064666666666668,3.288966666666667,0.014199999999999999,2.4615333333333336,0.27563333333333334,1.9661333333333333,0.3757,0.14116666666666666,1.3833333333333335,0.07023333333333333,0.8167999999999999,1.9542666666666666,0.12873333333333334,41.021899999999995,5.353133333333333,4.2988333333333335,31.100000000000005,0.0272293483328869,100803000.0,Egypt
45,1.0223333333333333,14.725633333333333,2.6243666666666665,0.0,14.175533333333334,0.9797333333333333,0.4354,3.1251666666666664,3.8602666666666665,0.3125,6.769000000000001,0.06343333333333333,2.634466666666667,1.6666,0.020666666666666667,1.1963,0.2536333333333333,0.0,3.5741666666666667,0.056600000000000004,35.26506666666666,4.301833333333334,2.9371666666666667,22.7,0.0637710229902793,6481000.0,El Salvador
46,3.6779666666666664,23.622666666666664,2.9822333333333333,0.00016666666666666666,8.486699999999999,0.9790666666666668,0.44449999999999995,1.8092333333333332,5.9567000000000005,0.0717,13.131666666666666,0.13393333333333332,0.18563333333333332,0.21483333333333332,0.13476666666666667,1.8598333333333332,1.3742,0.0,2.054733333333333,0.5950000000000001,26.378433333333334,3.747733333333334,2.1584,23.8,0.706836964688204,1331000.0,Estonia
47,2.5944000000000003,11.269933333333334,1.2545666666666666,0.0006333333333333333,18.110166666666668,0.25143333333333334,0.29960000000000003,3.5074666666666663,5.491,0.3169666666666667,3.7302999999999997,0.23483333333333334,1.4781333333333333,0.43086666666666673,0.43703333333333333,2.8227666666666664,0.05463333333333333,0.0,3.2982666666666667,0.2899333333333334,38.72786666666667,4.3386,1.0605,13.5,0.372101449275362,1104000.0,Eswatini
48,0.9772333333333333,6.160966666666667,0.5384333333333333,0.0,21.66763333333333,0.10886666666666667,0.04613333333333333,0.6232333333333333,1.8579999999999999,0.005999999999999999,3.493533333333333,0.12369999999999999,1.1098666666666668,3.3481666666666663,1.2336,6.071133333333333,0.12646666666666667,0.0,1.0611,0.3043,43.82686666666667,6.562233333333334,0.7525,3.6,0.0119887570051168,114916000.0,Ethiopia
49,0.8639999999999999,12.125933333333334,3.4093666666666667,0.0007,9.929733333333333,0.37263333333333337,1.6588,0.9592,4.994033333333333,0.11763333333333333,1.5706,0.12596666666666667,5.617,0.9652,0.10013333333333334,4.186233333333333,0.26766666666666666,0.0,5.217099999999999,0.07123333333333333,37.871433333333336,7.931066666666667,1.6443333333333332,30.0,0.0001116071428571,896000.0,Fiji
50,2.3292333333333333,27.611800000000002,3.108333333333334,0.0,7.163,0.5865666666666667,1.1376666666666668,1.6932333333333334,9.370866666666666,0.45283333333333337,13.306766666666666,0.1028,0.3299,0.07866666666666666,0.03493333333333333,1.5046333333333335,0.6429,0.0,2.1212666666666666,0.2671333333333334,22.3875,4.1296333333333335,1.6402,24.899999999999995,0.281678422861277,5529000.0,Finland
51,2.0528666666666666,22.986333333333334,4.557366666666666,0.00036666666666666667,7.442266666666668,0.7395666666666667,1.1986666666666668,2.3077,7.2139999999999995,0.08796666666666668,9.044533333333334,0.23176666666666668,0.3947333333333333,0.12113333333333332,0.02903333333333333,1.352833333333333,0.45199999999999996,0.0,2.7206333333333337,0.4946333333333333,27.013666666666666,7.4633666666666665,2.094533333333333,23.2,4.70961964890668,64940000.0,France
52,2.062533333333333,18.195233333333334,2.1695333333333333,0.005633333333333333,9.087833333333334,0.6188666666666667,2.2356666666666665,1.8646666666666667,9.7663,1.5661666666666665,3.185166666666666,0.20826666666666668,3.4613666666666667,0.17003333333333334,0.016066666666666667,1.8449666666666669,0.6873333333333332,0.2725666666666667,2.1429666666666667,0.1712,31.812433333333335,6.757266666666666,1.6979999999999997,,,280000.0,French Polynesia
53,2.7499333333333333,11.545166666666667,0.3000333333333333,0.0,10.409866666666666,0.10746666666666665,1.7906000000000002,4.983766666666667,7.396866666666667,0.31293333333333334,1.4085999999999999,0.5418,4.0466999999999995,0.0202,0.0005,6.949533333333332,0.30086666666666667,0.0479,1.3248333333333333,0.013933333333333332,38.44596666666666,6.252266666666666,1.0503,13.4,0.0264007171671896,2231000.0,Gabon
54,1.0654,6.6409666666666665,0.11496666666666668,0.0,17.90563333333333,0.17016666666666666,2.123533333333333,0.36286666666666667,1.0306666666666666,0.40723333333333334,3.1515,0.05056666666666667,6.820233333333333,0.10553333333333333,0.0014333333333333333,0.40936666666666666,0.15003333333333332,0.0,3.2357,0.13486666666666666,43.35256666666667,11.8243,0.9424333333333333,8.7,0.0089780719900703,2417000.0,Gambia
55,1.257,16.541133333333335,3.0330999999999997,0.0,15.2667,0.6939666666666667,0.4506333333333334,1.4055666666666669,4.0744,0.37390000000000007,8.172733333333333,0.11259999999999999,0.3203333333333333,0.0008333333333333334,0.049466666666666666,1.7758666666666667,1.2844,0.0,3.321633333333333,0.5386000000000001,33.45883333333333,6.2436333333333325,1.624666666666667,23.3,0.149017496635262,3715000.0,Georgia
56,3.3538666666666668,21.452933333333334,5.280633333333333,0.00036666666666666667,6.538566666666667,0.7532,0.6373333333333333,1.8123333333333334,6.213666666666666,0.0,8.505,0.06406666666666666,0.5130333333333333,0.050133333333333335,0.07523333333333333,1.8012,0.4775,0.0,2.9963333333333337,0.8744999999999999,28.544666666666668,7.9378,2.1176333333333335,25.7,0.21784393757502998,83300000.0,Germany
57,0.4466666666666667,4.236466666666667,0.3045666666666667,0.0,8.626766666666667,0.1612,1.7332,5.7763333333333335,1.5701333333333334,0.08823333333333333,0.35673333333333335,0.1159,4.462733333333333,0.6035666666666667,0.6973333333333332,15.4185,0.0017666666666666666,0.1158,0.9302333333333334,0.07403333333333334,45.75863333333333,7.739466666666668,0.7816666666666667,9.7,0.0196150999259808,31073000.0,Ghana
58,1.1054666666666666,15.691600000000001,0.8703666666666668,0.00016666666666666666,7.693733333333333,0.5735666666666667,0.6191,2.9578,4.8563,0.08446666666666668,8.594366666666666,0.1769666666666667,1.1773,0.3347,0.044533333333333334,1.5647,0.5075999999999999,0.0,2.0124333333333335,1.1973333333333336,34.31036666666666,12.407433333333332,3.219633333333334,27.399999999999995,0.593439252336449,10700000.0,Greece
59,1.7098000000000002,15.824733333333334,1.1149666666666669,0.0006333333333333333,7.633900000000001,1.0316666666666667,1.6701333333333335,5.821066666666667,8.125666666666667,0.5892666666666667,3.7821,0.09736666666666666,1.9605666666666668,0.7142666666666666,0.6142,1.1455,0.4322,0.0,4.452133333333333,0.06506666666666668,34.17763333333333,7.5972,1.4399,20.2,0.0008849557522123,113000.0,Grenada
60,0.7641333333333332,10.456533333333333,0.7501333333333333,0.0,16.138466666666666,1.6760333333333335,0.17566666666666667,3.1125333333333334,4.5278,0.03946666666666667,3.2130666666666667,0.1135,1.7982666666666667,1.6580333333333332,0.07423333333333333,0.5698333333333333,0.28086666666666665,0.0,4.901766666666666,0.44813333333333333,39.55016666666666,7.478000000000001,2.273433333333333,18.8,0.0452009299236134,18066000.0,Guatemala
61,0.13346666666666665,4.122433333333333,0.3126666666666667,0.0,15.615866666666667,0.19486666666666666,0.5783999999999999,3.624966666666667,1.6976666666666667,0.11303333333333332,1.2079666666666666,0.13093333333333335,3.1640999999999995,0.43346666666666667,0.0,6.309333333333334,0.15686666666666665,0.0,1.1849999999999998,0.0027333333333333337,45.87683333333333,12.865033333333335,2.2744666666666666,6.599999999999999,0.002078025477707,12560000.0,Guinea
62,1.0494666666666668,6.5414,0.2750333333333333,0.0,17.7008,0.10710000000000001,0.09416666666666666,2.871066666666666,4.288433333333333,0.24063333333333334,1.6194333333333333,0.14983333333333335,0.8734999999999999,0.24296666666666666,0.0004333333333333333,4.1379,0.10189999999999999,0.0,0.49246666666666666,1.6381333333333332,43.461000000000006,13.211066666666667,0.9033333333333333,8.2,0.0155163466528282,1927000.0,Guinea-Bissau
63,0.8142333333333333,13.623133333333334,0.41019999999999995,0.0,11.330566666666668,0.18636666666666668,1.2455666666666667,3.1838,6.256733333333334,0.21109999999999998,5.487966666666666,0.0421,4.572933333333334,0.6463333333333333,0.5380333333333333,1.1006333333333334,0.42586666666666667,0.0,2.926133333333333,0.3831,36.37276666666667,3.7261,6.516266666666667,19.2,0.101270648030496,787000.0,Guyana
64,1.1097333333333335,6.511066666666667,0.7039,0.0,13.582233333333333,0.078,0.3621666666666667,5.555,3.9807,0.15990000000000001,1.2666333333333333,0.12696666666666667,1.5357,2.229033333333333,0.0007333333333333333,5.912766666666667,0.31629999999999997,0.0,2.053733333333333,0.0,43.48263333333333,10.191433333333332,0.8412999999999999,20.5,0.0206699991230378,11403000.0,Haiti
65,0.9238,12.351533333333334,1.1484333333333332,0.0,15.271966666666666,0.49956666666666666,0.18733333333333335,2.9233,4.7558,0.3047,5.6489,0.10523333333333333,0.3123,1.4018,0.020766666666666666,0.3317,0.36233333333333334,0.0,4.833233333333333,0.055999999999999994,37.644133333333336,9.8679,1.0492666666666668,19.4,0.896289537712895,9864000.0,Honduras
66,3.2655,21.6974,6.2159,0.00023333333333333333,7.4283,0.9656000000000001,0.26816666666666666,1.4156333333333333,7.0552,0.006366666666666666,7.184166666666667,0.0028333333333333335,0.208,0.21350000000000002,0.14770000000000003,1.4746999999999997,0.4228,0.0,2.628033333333333,0.031433333333333334,28.299133333333334,8.7592,2.3102,28.600000000000005,0.861574690283608,9767000.0,Hungary
67,2.2649333333333335,26.900433333333336,3.682066666666666,0.0008333333333333334,6.400133333333334,0.6825333333333333,2.8578333333333332,2.5191666666666666,8.608533333333332,0.6636,10.860666666666667,0.2066666666666667,0.5171666666666667,0.0487,0.11363333333333332,1.0320666666666665,0.9751333333333334,0.0,3.0894666666666666,0.2746,23.1016,3.630333333333333,1.5699666666666665,23.100000000000005,0.0089673913043478,368000.0,Iceland
68,0.15136666666666665,10.9839,2.9928666666666666,0.0,16.7179,0.43660000000000004,0.4288,2.4227333333333334,0.5200333333333332,0.0,6.579533333333333,0.0258,1.8133333333333332,1.9393333333333331,0.5743999999999999,1.3274,0.0376,0.0,1.7742666666666667,0.2842,39.0136,8.959833333333334,3.0164666666666666,3.7999999999999994,0.0106253839011499,1400100000.0,India
69,0.038,6.267233333333333,0.2856,0.0003,21.011533333333333,0.7812333333333333,2.6402,2.5484,1.8572666666666666,0.0008666666666666666,0.5541,0.14556666666666665,3.803066666666666,0.10563333333333332,0.26626666666666665,2.471433333333333,0.22529999999999997,0.0,1.7899333333333332,0.18016666666666667,43.7391,9.676866666666667,1.6119666666666665,6.900000000000001,0.0649273751651401,271739000.0,Indonesia
70,0.00023333333333333333,10.2354,2.6507666666666667,0.0006666666666666666,15.2729,0.7607333333333334,0.5871,3.800133333333333,3.6255333333333333,0.00023333333333333333,2.4792,0.12610000000000002,0.1905666666666667,0.6195666666666666,0.13216666666666668,1.6986999999999999,0.07436666666666666,0.0,2.2497666666666665,2.2762,39.76553333333333,8.511766666666666,4.942433333333333,25.5,0.182512180629828,84150000.0,Iran (Islamic Republic of)
71,0.09706666666666668,7.1870666666666665,1.5971,0.0,20.0308,1.2956,0.23623333333333332,2.7678,2.503033333333333,0.18676666666666666,1.5347333333333333,0.029433333333333336,0.5204000000000001,0.43850000000000006,0.042633333333333336,0.484,0.38843333333333335,0.0,2.6938,0.3201,42.802099999999996,12.955800000000002,1.8886333333333332,27.399999999999995,0.0381069855254877,39725000.0,Iraq
72,3.5995666666666666,19.91893333333333,4.172633333333333,0.00016666666666666666,7.820633333333333,0.6287,0.9570666666666666,1.8552333333333333,6.385366666666667,0.1347,7.684466666666666,0.09163333333333333,0.47546666666666665,0.16473333333333331,0.06253333333333333,1.7793333333333334,0.8040333333333333,0.0,3.3560000000000003,0.425,30.080133333333333,7.460500000000001,2.1430333333333333,26.899999999999995,3.50809514291425,5003000.0,Ireland
73,0.6381,15.375133333333332,0.6320666666666667,0.0005666666666666666,8.177666666666667,0.6639666666666667,0.8950333333333335,3.5572,6.460033333333333,0.12853333333333333,6.5844,0.14326666666666665,1.7276666666666667,0.4644333333333333,0.05333333333333332,1.0194333333333334,0.5306333333333334,0.0,1.7974666666666668,0.7336,34.615566666666666,12.245700000000001,3.5560999999999994,26.7,0.774392361111111,9216000.0,Israel
74,1.5505333333333333,17.823766666666668,2.592633333333333,0.00016666666666666666,8.7338,0.7721666666666667,1.0364666666666666,2.7541999999999995,6.007266666666666,0.05790000000000001,7.3197333333333345,0.09383333333333334,0.29063333333333335,0.3532,0.010166666666666668,0.9665,0.18546666666666667,0.0,2.0491333333333333,0.8550999999999999,32.179700000000004,11.573866666666667,2.7936333333333336,22.899999999999995,0.7082294016186811,60296000.0,Italy
75,1.2686333333333335,14.850333333333333,2.6525333333333334,0.0046,8.955366666666666,0.19896666666666665,1.3201,3.691333333333333,5.917566666666667,0.36450000000000005,4.584933333333333,0.16746666666666665,1.8299999999999998,0.27153333333333335,0.8739,2.5129333333333332,0.22686666666666666,0.0,4.652633333333333,0.062366666666666674,35.15203333333333,7.840266666666667,2.6011666666666664,24.399999999999995,0.151619793520826,2809000.0,Jamaica
76,2.163733333333333,14.976799999999999,0.8470333333333334,0.044333333333333336,11.2221,2.0887333333333333,3.1707666666666667,1.3070666666666666,5.2484,0.13296666666666668,3.4373,0.14023333333333332,1.9191666666666667,0.1408,0.15,1.1236,0.5358666666666666,0.10880000000000001,2.224466666666667,0.32403333333333334,35.02126666666667,10.507833333333334,3.164633333333333,4.4,0.0309914501417038,125967000.0,Japan
77,0.04663333333333333,9.220133333333333,0.8461666666666666,0.0,13.3221,0.36543333333333333,0.3795,2.0561333333333334,4.1899,0.16896666666666668,3.338366666666667,0.10046666666666666,1.3855000000000002,0.6738333333333332,0.08483333333333333,1.0029000000000001,0.4350666666666667,0.0,3.9033,0.4723333333333333,40.779333333333334,13.214966666666667,4.0141333333333336,33.4,0.09360427006274001,10679000.0,Jordan
78,1.2364666666666666,18.895666666666667,1.507266666666667,0.0,7.642333333333333,0.6240666666666667,0.17073333333333332,1.6734,6.0747333333333335,0.15880000000000002,10.2799,0.23883333333333334,0.35380000000000006,0.03716666666666667,0.023033333333333333,2.8470333333333335,0.5371666666666667,0.0,1.8620666666666665,0.3980333333333333,31.103399999999997,10.197133333333333,4.138966666666667,21.3,0.144987187700192,18732000.0,Kazakhstan
79,0.8830666666666667,11.694233333333335,0.7816333333333335,0.0,17.162433333333336,0.19423333333333334,0.2916666666666667,2.3863333333333334,3.3942333333333337,0.008333333333333333,6.847733333333333,0.18026666666666666,0.7811666666666667,2.0498,0.03213333333333333,3.8998000000000004,0.12003333333333333,0.0,1.8276666666666668,0.27646666666666664,38.311,7.155200000000001,1.7226333333333332,6.0,0.0291660439396204,53528000.0,Kenya
80,0.13716666666666666,8.473733333333334,0.34146666666666664,0.0,9.076666666666666,0.18663333333333335,3.9304,2.707966666666666,3.754766666666667,0.22276666666666667,0.22983333333333336,0.02356666666666667,16.28323333333333,0.0010666666666666667,0.012433333333333336,3.6962666666666664,0.022266666666666667,0.0,4.0187,0.433,41.53253333333333,3.3094,1.6061666666666665,45.6,,125000.0,Kiribati
81,0.7754333333333333,5.997166666666668,0.009066666666666667,0.0003333333333333333,18.384600000000002,0.8670333333333334,0.7042999999999999,2.8266000000000004,4.049633333333333,0.03556666666666667,0.2939333333333333,0.069,0.5697666666666666,1.4142,0.0,3.2532,0.017833333333333336,0.0,0.41043333333333337,0.03933333333333333,44.01006666666667,10.984733333333333,5.2877,7.099999999999999,,25779000.0,"Korea, North"
82,2.3375333333333335,13.733600000000001,1.9131333333333334,0.7103999999999999,11.384533333333332,0.8674333333333334,2.3289333333333335,1.6679333333333333,6.751733333333333,0.0,0.977,0.18483333333333332,1.1793333333333333,0.08463333333333334,0.0418,0.5254666666666666,0.15006666666666668,0.00019999999999999998,2.5939333333333336,0.6149666666666667,36.2674,10.526466666666666,5.1587,4.9,0.0165311600780209,51781000.0,"Korea, South"
83,0.0014666666666666667,13.262099999999998,0.9138666666666667,0.0007333333333333333,11.639600000000002,1.5569333333333333,0.5041,2.7220999999999997,6.204366666666666,0.4277666666666667,3.910233333333333,0.17216666666666666,0.6947666666666666,0.48700000000000004,0.3726333333333333,1.5035,0.8048333333333334,0.0092,3.0185333333333335,0.5843666666666667,36.7423,9.391533333333333,5.075966666666667,37.0,0.170091664890215,4691000.0,Kuwait
84,0.45470000000000005,18.524433333333334,1.4629666666666665,0.0,12.359966666666667,0.4722666666666666,0.07103333333333334,1.1390333333333336,5.040833333333333,0.11393333333333333,11.194966666666666,0.2762,0.039066666666666666,0.4890999999999999,0.05676666666666667,3.0284333333333335,0.9416333333333333,0.0,2.548766666666667,0.7091333333333333,31.487,4.7489,4.840866666666666,15.4,0.0307400667273279,6594000.0,Kyrgyzstan
85,0.6402,10.0267,1.5548333333333335,0.00019999999999999998,18.327066666666667,0.23953333333333338,1.2987,4.615033333333333,6.575300000000001,0.1865,0.1784,0.17123333333333335,2.3825,0.23173333333333332,0.5066,2.0856666666666666,0.4917,0.8512666666666666,0.8842,0.029166666666666664,39.98186666666667,3.812466666666667,4.929200000000001,4.5,5.52333609500138e-05,7242000.0,Lao People's Democratic Republic
86,2.8395666666666664,21.55933333333333,5.157966666666667,0.00016666666666666666,7.5604000000000005,0.9163999999999999,1.0136333333333334,1.3366333333333333,6.115133333333333,0.14063333333333333,8.204433333333334,0.1462,0.3427,0.006333333333333334,0.025300000000000003,3.4326333333333334,1.0544333333333333,0.0,2.2294,0.44663333333333327,28.443066666666663,6.4301666666666675,2.5988333333333333,25.7,0.556992639327024,1902000.0,Latvia
87,0.3545666666666667,8.623833333333332,0.9503666666666667,0.0,11.801699999999999,0.21363333333333334,0.45169999999999993,3.2164333333333333,3.073066666666666,0.09000000000000001,3.8669999999999995,0.06253333333333333,1.4445333333333332,0.5868666666666668,0.07033333333333333,1.6087333333333333,0.4906,0.0,3.9236,1.4875999999999998,41.37966666666666,12.164899999999998,4.138233333333333,31.3,1.65768498168498,6825000.0,Lebanon
88,1.3935000000000002,7.585033333333334,0.21333333333333335,0.0,25.481733333333334,0.14253333333333332,0.19299999999999998,0.8054,4.672733333333333,0.1745,2.0488666666666666,0.3188666666666667,0.34326666666666666,1.1272666666666666,0.22760000000000002,3.2262,0.07653333333333333,0.0,1.6418,0.013233333333333333,42.41153333333333,6.5973999999999995,1.3057333333333334,13.5,0.303034547152194,2142000.0,Lesotho
89,0.5947666666666667,4.657966666666667,0.17853333333333332,0.0,14.929033333333335,0.16879999999999998,0.46819999999999995,2.3979,3.501533333333333,0.1432,0.17966666666666664,0.1613,0.8452000000000001,0.09933333333333333,0.0004333333333333333,7.911766666666668,0.059166666666666666,0.44819999999999993,0.8670333333333332,0.19449999999999998,45.333733333333335,15.582566666666665,1.2771333333333332,8.6,0.0020166073546856,5058000.0,Liberia
90,2.9537,23.598233333333337,4.193599999999999,0.0003,7.991266666666665,1.1569,1.2487333333333333,1.2996,7.926333333333333,0.021966666666666666,8.947433333333334,0.12473333333333332,0.41263333333333335,0.6533333333333333,0.13746666666666665,1.2227333333333334,0.2642333333333334,0.0,3.5574999999999997,0.43349999999999994,26.398800000000005,5.5715,1.8855666666666666,28.399999999999995,1.6226914817466003,2794000.0,Lithuania
91,4.4144000000000005,21.48726666666667,3.1405666666666665,0.0017000000000000001,6.319766666666666,1.1371666666666667,1.0494,2.2929,9.439900000000002,0.24613333333333332,6.6263,0.09143333333333332,0.3686333333333333,0.05313333333333333,0.12936666666666666,1.1563333333333334,2.225033333333333,0.0,4.053366666666666,0.07793333333333334,28.509800000000002,5.038866666666666,2.1404333333333336,24.2,0.395727848101266,632000.0,Luxembourg
92,0.3620666666666667,9.1755,0.6569333333333334,0.0007999999999999999,20.422866666666668,0.1567,0.5448000000000001,2.6133,4.944266666666667,0.04193333333333334,2.6605,0.20986666666666665,0.6354333333333334,0.4840333333333333,0.1276,7.790066666666665,0.15963333333333332,0.2372,1.0997333333333332,0.08843333333333332,40.8243,5.974899999999999,0.7892333333333333,4.5,0.0020548192553537,27691000.0,Madagascar
93,0.5138333333333334,8.550099999999999,1.0473666666666668,0.0,15.683866666666667,0.14456666666666665,0.5680333333333333,4.3091333333333335,6.348833333333332,0.023033333333333333,0.2623333333333333,0.1853,2.5088666666666666,1.6021999999999998,0.034866666666666664,11.023833333333334,0.029866666666666666,0.0,0.7236333333333334,0.08503333333333334,41.44486666666666,3.314966666666667,1.5955000000000001,4.7,0.0767903815995818,19130000.0,Malawi
94,0.3670333333333333,12.8636,0.6664,0.0068000000000000005,13.707166666666666,1.8798666666666666,2.9871000000000003,1.7812666666666666,6.2680333333333325,0.17253333333333334,0.9988000000000001,0.04873333333333333,0.9887666666666667,0.2581333333333333,0.6101666666666666,0.7924000000000001,0.03946666666666667,0.0,3.6443,0.1980333333333333,37.136833333333335,12.112,2.4726,15.300000000000002,0.155254568194991,32781000.0,Malaysia
95,0.3470333333333333,18.710933333333333,1.9254333333333336,0.0022666666666666664,12.868466666666668,1.8056333333333334,7.207000000000001,2.8918666666666666,3.242766666666667,1.4363666666666666,4.530600000000001,0.0006333333333333333,0.6439,0.10339999999999999,0.7343333333333333,0.8413333333333334,0.9201999999999999,0.0482,2.7840000000000003,2.3845,31.2918,2.0231,3.2561,7.900000000000001,0.3781885397412201,541000.0,Maldives
96,1.1800333333333335,11.123800000000001,0.4954,0.0,21.6185,0.07473333333333333,0.4667333333333333,1.6899,3.1102666666666665,0.08676666666666666,6.711633333333334,0.2536,1.5740999999999998,0.9776666666666668,0.10263333333333331,1.4210333333333331,0.037233333333333334,0.0,0.8864000000000001,0.6440333333333333,38.881400000000006,5.7578,2.9062666666666668,7.099999999999999,0.0087304330650338,20251000.0,Mali
97,1.9519,19.065966666666668,2.9664000000000006,0.0005666666666666666,9.5573,0.9127666666666666,1.3462666666666667,2.1575,6.850666666666666,0.045033333333333335,6.928666666666667,0.06110000000000001,0.7885666666666666,0.27343333333333336,0.061900000000000004,1.0718666666666667,1.3384666666666665,0.0,4.248066666666666,0.5811666666666666,30.931299999999997,4.2433000000000005,4.6178333333333335,31.0,0.459961685823755,522000.0,Malta
98,0.0018333333333333333,13.264333333333333,0.7552666666666665,0.0,17.138366666666666,0.28196666666666664,0.6245666666666666,0.6739999999999999,3.7821666666666665,0.3204666666666667,7.517533333333333,0.30706666666666665,0.25276666666666664,1.0303333333333333,0.0022,0.45726666666666665,0.21283333333333335,0.0,3.5559333333333334,0.0,36.735899999999994,11.538533333333334,1.5466666666666669,11.300000000000002,0.0082150537634408,4650000.0,Mauritania
99,1.3092666666666666,9.833833333333333,0.6263333333333333,0.0034000000000000002,14.543333333333331,0.5594,1.3304333333333334,1.5484666666666669,4.896000000000001,0.48613333333333336,2.3401333333333336,0.07873333333333334,0.8631333333333334,0.8377,0.2725666666666667,0.8277666666666667,0.5159333333333334,0.0,2.729433333333333,0.13433333333333333,40.158500000000004,13.505566666666667,2.5995333333333335,11.5,0.0026877470355730995,1265000.0,Mauritius
100,1.8688333333333331,16.3999,1.4414333333333333,0.0067,13.1349,1.5502333333333336,0.6203333333333333,3.2937333333333334,7.537966666666667,0.010833333333333334,4.9754,0.2729,0.6081,0.8312333333333334,0.19833333333333333,0.5650666666666667,0.10160000000000001,0.0,3.4061,0.3619333333333334,33.59356666666667,7.168233333333333,2.0524999999999998,28.399999999999995,0.21766307750093902,127792000.0,Mexico
101,1.5609333333333335,27.72253333333333,2.6345666666666667,0.0,10.5528,0.43439999999999995,0.0322,0.47359999999999997,13.227533333333334,0.27949999999999997,10.513966666666667,0.8714333333333334,0.07193333333333334,0.043833333333333335,0.0029666666666666665,1.2936333333333334,0.8525999999999999,0.0,1.4666333333333335,0.044866666666666666,22.279300000000003,3.9033333333333338,1.7375,19.6,0.0170187444213032,3361000.0,Mongolia
102,1.2088666666666665,24.415033333333337,1.829633333333333,0.00046666666666666666,8.2981,0.7905333333333333,0.4512,2.813366666666667,8.368533333333332,0.4307,12.862433333333334,0.11069999999999998,0.3143666666666667,0.3026,0.03453333333333333,0.6415000000000001,1.3497000000000001,0.0,3.603733333333333,0.4318,25.585966666666668,4.039633333333334,2.116566666666667,24.899999999999995,1.23392282958199,622000.0,Montenegro
103,0.12526666666666667,9.588333333333333,1.4539,0.0,18.441433333333332,0.6589,1.0814333333333332,3.3228666666666666,3.8640333333333334,0.010033333333333333,2.3495666666666666,0.1807,0.35600000000000004,0.3764,0.2463666666666667,1.6456333333333333,0.1641,0.0,2.6986000000000003,0.8629000000000001,40.409699999999994,9.276833333333334,2.8870666666666662,25.600000000000005,0.0352247441032488,35952000.0,Morocco
104,0.5294333333333333,6.169833333333333,0.441,0.0,14.652499999999998,0.29960000000000003,0.8132999999999999,1.2945666666666666,3.0656999999999996,0.07893333333333334,1.4707666666666668,0.08700000000000001,0.5338333333333333,1.5286333333333335,0.009533333333333333,12.434433333333333,0.08226666666666667,0.0,1.0709666666666668,0.3997,43.835033333333335,10.080433333333334,1.1225666666666667,6.0,0.0541327087210422,31166000.0,Mozambique
105,0.11636666666666666,16.8107,1.3320666666666667,0.0011333333333333332,14.671933333333333,0.5917,2.880433333333334,1.8850333333333331,9.8256,0.1564,2.007566666666667,0.17806666666666668,2.6656,1.5343666666666664,0.37283333333333335,0.7453,0.10959999999999999,0.0,2.1649,0.32863333333333333,33.18293333333333,5.569866666666667,2.868866666666667,5.7,,54704000.0,Myanmar
106,2.6256666666666666,10.954666666666668,1.3970666666666667,0.0017666666666666666,11.816766666666666,0.16473333333333331,0.6920666666666667,1.5124000000000002,4.439766666666666,0.3414333333333333,4.065233333333333,0.19766666666666666,0.40943333333333337,0.9216666666666665,0.27249999999999996,6.8838,0.29796666666666666,0.0003,3.2334333333333327,0.057466666666666666,39.036300000000004,9.6943,0.9836,15.0,0.0438410074773711,2541000.0,Namibia
107,0.1571,7.129266666666666,1.3222,0.0,18.676333333333336,0.2397,0.1495,2.2477,1.5202,0.028333333333333332,3.756966666666667,0.13816666666666666,0.21133333333333335,1.1500333333333332,0.8233666666666668,2.990066666666667,0.11616666666666665,1.2832999999999999,0.4846333333333333,0.25803333333333334,42.86263333333334,10.650833333333333,3.8040999999999996,3.7999999999999994,0.006530870782770999,29996000.0,Nepal
108,2.2022333333333335,23.659266666666667,3.1125333333333334,0.0037,5.9069666666666665,1.0240666666666665,0.8734000000000001,2.6547,6.869433333333333,0.0,11.728733333333333,0.04276666666666667,0.21829999999999997,0.11566666666666665,0.11893333333333334,2.2037999999999998,0.15586666666666668,0.0,2.9774333333333334,0.7779666666666668,26.341799999999996,7.426866666666668,1.5854333333333335,23.100000000000005,5.65639777866835,17467000.0,Netherlands
109,2.315,15.798166666666669,1.7260333333333333,0.0268,9.880866666666666,0.8098333333333333,1.243,2.499433333333333,8.001133333333334,1.6843000000000001,3.8533000000000004,0.134,2.4543333333333335,0.1371,0.06753333333333333,1.2842,0.7780333333333332,0.0,2.487366666666667,0.1401666666666667,34.20503333333333,8.2135,2.260866666666667,,,295000.0,New Caledonia
110,2.2898,22.271933333333333,6.4273,0.005666666666666667,7.852466666666667,0.8504666666666667,0.9969666666666667,1.9961,9.219233333333333,0.0,4.684766666666667,0.0942,1.0798333333333334,0.2804666666666667,0.0821,1.6643333333333334,0.15286666666666668,0.0036333333333333335,4.2298,0.68,27.723166666666668,4.721133333333333,2.6937333333333338,32.0,0.0013234409464608,4987000.0,New Zealand
111,0.7950666666666667,12.493900000000002,0.9760333333333334,0.001,17.044166666666666,0.6394666666666667,0.43379999999999996,1.7296666666666667,4.394733333333334,0.3474333333333333,5.903033333333333,0.14326666666666665,0.9424999999999999,1.4014,0.004633333333333334,0.9567333333333333,0.18143333333333334,0.0,4.506733333333333,0.011500000000000002,37.50703333333333,8.154933333333332,1.4315,21.8,0.028865979381443297,6596000.0,Nicaragua
112,0.025066666666666668,7.2092,1.0868333333333335,0.0,21.926266666666667,0.03376666666666667,0.13833333333333334,1.2085333333333332,1.9963666666666666,0.0326,3.796533333333333,0.16736666666666666,6.053033333333333,3.7415000000000003,0.18810000000000002,0.6983666666666667,0.027766666666666665,0.0,0.3484,0.0,42.7914,4.2895,4.241166666666667,4.7,0.001996775393774,24189000.0,Niger
113,1.7405000000000002,2.7936666666666667,0.32166666666666666,0.0,13.2085,0.31183333333333335,0.5548666666666667,2.0703666666666667,1.2471333333333334,0.0247,0.2869333333333333,0.06473333333333334,2.0355333333333334,1.074633333333333,0.3506666666666667,11.016066666666667,0.022366666666666663,0.0,0.7511666666666666,0.16633333333333333,47.2089,12.114866666666666,2.6346333333333334,7.8,0.0121461142912584,206140000.0,Nigeria
114,0.9627333333333334,13.714133333333331,3.2295999999999996,0.0,8.661299999999999,0.4551,0.25706666666666667,2.5504,3.8644999999999996,0.1576,5.723299999999999,0.17023333333333335,1.0476666666666665,0.40126666666666666,0.31693333333333334,1.8742,0.9073666666666665,0.0,3.0708333333333333,0.5946333333333333,36.292,9.738966666666668,6.010133333333333,23.899999999999995,0.382115384615385,2080000.0,North Macedonia
115,1.8360333333333332,21.3369,3.209233333333333,0.00016666666666666666,7.315666666666666,0.7829666666666667,1.9509,2.182533333333333,6.660699999999999,1.7233333333333334,8.6554,0.07243333333333334,0.9670666666666667,0.41303333333333336,0.0433,1.4301333333333333,1.0505333333333333,0.0,2.1441666666666666,0.47213333333333335,28.668566666666667,7.444533333333333,1.6403333333333334,25.0,0.85526266938927,5387000.0,Norway
116,0.1158,15.724166666666667,0.9970666666666667,0.0,11.070766666666666,0.8483666666666667,1.2413999999999998,5.823800000000001,5.126566666666666,0.05906666666666668,7.325166666666667,0.17989999999999998,0.5251,0.3649,0.4897,0.8520666666666666,0.5375666666666666,0.0025666666666666667,2.3646333333333334,0.2834666666666667,34.27343333333334,7.403,4.3914333333333335,22.899999999999995,0.132463399108848,4713000.0,Oman
117,0.0028333333333333335,19.524766666666668,3.860333333333333,0.00036666666666666667,14.056533333333334,0.4191,0.10980000000000001,1.0590666666666666,2.2798333333333334,0.013333333333333334,12.706966666666666,0.1563,0.6976333333333332,0.7751999999999999,0.22199999999999998,0.8544666666666667,0.22503333333333334,0.7107000000000001,2.630666666666667,0.13499999999999998,30.468666666666667,8.1626,0.9288333333333333,7.8,0.0146035122657735,220940000.0,Pakistan
118,2.8129333333333335,16.331500000000002,3.913133333333334,0.0010333333333333334,13.1278,0.5822666666666666,0.8216666666666667,3.2149666666666668,6.0153,0.4149333333333334,4.779366666666667,0.2211,0.8458666666666667,0.48136666666666666,0.029399999999999996,0.7063333333333333,0.5030333333333333,0.0,3.4749666666666665,0.20356666666666667,33.663133333333334,7.012466666666666,0.8438333333333333,22.5,0.721106700910577,4283000.0,Panama
119,1.9115666666666666,13.485033333333334,1.7621666666666667,0.0,9.456233333333333,1.0835,0.2107,2.3274,6.285999999999999,0.09910000000000001,3.787966666666667,0.3506,1.0511333333333333,0.7454000000000001,0.0161,6.734500000000001,0.6730333333333333,0.0,2.4758666666666667,0.005933333333333333,36.514266666666664,9.545766666666667,1.4778,19.0,0.295382494831151,7255000.0,Paraguay
120,1.8050666666666666,10.833433333333332,0.43923333333333336,0.00046666666666666666,12.897066666666667,1.1138333333333332,1.5446,4.567166666666666,3.5334999999999996,0.0521,3.8469333333333338,0.3553333333333333,1.189,0.9128000000000002,0.04123333333333334,5.421766666666667,0.29433333333333334,0.0,1.9984666666666666,0.1028,39.16596666666667,7.759566666666665,2.1254,19.1,0.135477089934194,32824000.0,Peru
121,1.0187,14.731333333333332,3.0208333333333335,0.0,17.346633333333333,0.5687666666666668,1.6758,3.9629,8.854333333333333,0.0858,0.36766666666666664,0.2446,1.1073,0.13,0.05766666666666667,1.5747,0.3739666666666667,0.0,2.1573333333333333,0.3803,35.270633333333336,4.8301,2.2406333333333333,6.0,0.0328031319298054,109581000.0,Philippines
122,3.2236,21.3043,5.832466666666668,0.0,8.525366666666669,0.4843333333333333,0.5267333333333334,1.4257666666666668,8.1703,0.0,6.277866666666667,0.013,0.26306666666666667,0.1368,0.03513333333333333,2.7746333333333335,0.10323333333333333,0.0,2.910633333333333,0.21876666666666666,28.6974,6.298266666666667,2.7782999999999998,25.600000000000005,0.534208194328607,38368000.0,Poland
123,2.5932333333333335,20.176033333333333,4.5479666666666665,0.00016666666666666666,7.462133333333334,0.5590666666666667,1.7055999999999998,3.038466666666667,6.935533333333333,0.06536666666666667,6.249199999999999,0.1773,0.23433333333333337,0.22966666666666669,0.03386666666666666,1.6421,0.7795000000000001,0.0,1.7850666666666666,0.4659,29.823566666666668,8.483533333333332,3.012333333333333,23.2,1.4466991711360297,10255000.0,Portugal
124,1.9656000000000002,18.452566666666666,3.0282666666666667,0.0,11.861833333333331,0.9525333333333333,0.7211333333333334,1.6242666666666665,5.564266666666666,0.24696666666666667,8.0357,0.1534,0.14306666666666668,0.07983333333333333,0.0141,1.9160000000000001,0.4089,0.0,2.432933333333333,0.056366666666666655,31.542166666666663,8.148533333333333,2.6515999999999997,20.1,0.212644978783593,3535000.0,Republic of Moldova
125,2.294,18.8391,3.1389666666666667,0.0,9.4807,1.0236,0.21803333333333333,2.0974,4.9378,0.1356,9.379233333333334,0.14113333333333333,0.2865666666666667,0.143,0.3167333333333333,2.473133333333333,0.4578333333333333,0.0,1.8093000000000001,0.34813333333333335,31.1584,7.445233333333334,3.875966666666667,24.5,0.182215061587236,19241000.0,Romania
126,1.9268666666666665,18.950866666666666,3.191966666666667,0.0007666666666666667,8.889166666666666,1.2569,0.9239666666666667,1.5021333333333333,6.665400000000001,0.016900000000000002,6.7291,0.18296666666666664,0.39896666666666664,0.18473333333333333,0.022966666666666666,3.1750000000000003,0.26920000000000005,0.0,3.8192,0.06126666666666667,31.04903333333333,8.184166666666666,2.5985,25.7,0.295842107773984,146733000.0,Russian Federation
127,0.7403666666666666,5.359999999999999,0.3893,0.0,5.943433333333332,0.07103333333333334,0.49346666666666666,11.402266666666668,2.2565333333333335,0.023033333333333333,2.0048333333333335,0.1374,1.556,4.252766666666667,0.0392,13.036666666666667,0.029366666666666666,0.0,0.6668666666666668,0.006066666666666667,44.637699999999995,5.804466666666666,1.1493,4.8,0.0314468807906115,12952000.0,Rwanda
128,1.9187666666666667,17.532666666666668,2.1867666666666667,0.0,7.256866666666667,0.42160000000000003,1.7003666666666668,3.3769000000000005,9.922766666666668,0.7416,3.0881333333333334,0.21796666666666664,1.6940666666666668,0.5898666666666667,0.15816666666666665,1.3377999999999999,0.11803333333333332,0.0,4.413433333333333,0.2682666666666667,32.463366666666666,8.969633333333334,1.623,23.100000000000005,0.0074074074074074,54000.0,Saint Kitts and Nevis
129,3.4529333333333327,20.9592,1.6302666666666668,0.0003,8.079133333333333,0.3673,1.9578999999999998,2.7769,13.325466666666665,0.7335333333333333,3.378033333333333,0.30160000000000003,1.2977666666666667,0.6187666666666667,0.3108666666666666,1.3266,0.46889999999999993,0.0,3.7159666666666666,0.2668666666666667,29.035033333333335,4.310866666666667,1.6857333333333333,19.8,0.505494505494506,182000.0,Saint Lucia
130,1.4501,15.257133333333334,0.4591,0.0,10.139766666666667,0.4624333333333333,0.8836333333333334,4.923633333333334,10.345066666666666,0.8883666666666667,2.97,0.13693333333333332,0.3452,0.7518666666666668,0.6981333333333333,2.299,0.8507333333333332,0.0,3.4954,0.20746666666666666,34.73746666666667,6.592866666666667,2.1057,23.8,0.718918918918919,111000.0,Saint Vincent and the Grenadines
131,0.6482,15.429666666666668,2.3347333333333333,0.0536,4.955766666666666,0.16846666666666665,2.141166666666667,5.104133333333333,9.0081,0.3763666666666667,1.6208666666666665,0.10856666666666666,12.159233333333333,0.0,0.10256666666666665,4.256,0.23703333333333332,0.0012,2.0886666666666667,0.03516666666666667,34.564033333333334,4.0972,0.5093333333333333,45.5,0.0,200000.0,Samoa
132,0.7407,5.029733333333334,0.27743333333333337,0.0,9.654466666666666,0.06833333333333333,1.6326333333333334,9.442966666666665,2.3402000000000003,0.20750000000000002,0.7029666666666667,0.0176,12.4589,0.3966,0.041666666666666664,2.082933333333333,0.033933333333333336,0.0,1.9541333333333333,0.009733333333333333,44.96693333333334,7.540766666666666,0.3999,10.6,0.13,210000.0,Sao Tome and Principe
133,0.0,11.993866666666667,1.2739,0.0,14.999833333333333,0.6363666666666666,0.5925666666666666,3.5779666666666667,5.075399999999999,0.3512,4.3057,0.10996666666666667,0.33486666666666665,0.47956666666666664,0.3767666666666667,0.6718000000000001,0.6522666666666667,0.0003,2.5016666666666665,0.36410000000000003,38.00693333333333,11.475499999999998,2.2194333333333334,35.0,0.006640792214834,35041000.0,Saudi Arabia
134,0.1325,4.734633333333334,0.3381,0.0,20.749133333333333,0.18689999999999998,1.1217,0.9621666666666666,2.034466666666667,0.013566666666666666,0.9042333333333333,0.14129999999999998,1.9834333333333334,0.4466666666666667,0.11876666666666665,1.2735,0.13849999999999998,0.0,1.7764,0.20220000000000002,45.26286666666667,14.400933333333333,3.0779,7.400000000000001,0.027006688963210696,16744000.0,Senegal
135,2.3199333333333336,20.974633333333333,1.8092666666666666,0.0,10.637533333333334,0.9312,0.3287333333333333,2.8857999999999997,9.3408,0.010166666666666668,8.344166666666666,0.22246666666666667,0.5502333333333334,0.2346,0.0537,1.2842666666666667,0.7776666666666666,0.00023333333333333333,2.4167333333333336,0.44920000000000004,29.023433333333333,4.4151,2.990066666666667,23.5,5.78180250107805,6957000.0,Serbia
136,0.13433333333333333,4.7645333333333335,0.07176666666666667,0.0,16.892466666666667,0.17823333333333333,1.5312666666666666,1.4433999999999998,1.1661666666666666,0.1231,1.7494666666666667,0.07383333333333333,2.2405,1.0444000000000002,0.15839999999999999,6.6511,0.06386666666666667,0.0,0.5509666666666666,0.12,45.230999999999995,13.972366666666668,1.8389666666666666,7.5,0.0155572270277047,7977000.0,Sierra Leone
137,2.9872,20.339133333333333,8.0313,0.0,6.024866666666667,0.9867333333333335,0.42086666666666667,1.6436,4.843,0.036899999999999995,5.9002333333333326,0.15706666666666666,0.4992666666666667,0.11803333333333332,0.0641,1.8066000000000002,0.5375666666666666,0.0,3.2292666666666663,0.2693333333333333,29.66326666666667,10.595866666666668,1.846,22.399999999999995,0.337202489930428,5462000.0,Slovakia
138,2.4101666666666666,19.715566666666664,4.8871,0.00016666666666666666,9.739500000000001,0.7587999999999999,0.455,3.1856333333333335,5.7834666666666665,0.29296666666666665,7.673866666666666,0.1521,0.45846666666666663,0.1497666666666667,0.12510000000000002,1.4131666666666665,1.2663,0.0,1.9882,0.8079333333333333,30.2848,6.324366666666666,2.1275,22.5,0.751212553495007,2103000.0,Slovenia
139,0.3665,7.2282,1.4134,0.004033333333333333,9.614266666666667,0.15330000000000002,2.0609333333333333,1.6562999999999999,3.0168999999999997,0.28109999999999996,0.5291333333333333,0.0433,8.611166666666668,1.0480333333333334,0.1052,14.437433333333333,0.4316,0.0,0.8563999999999999,0.13723333333333335,42.775133333333336,4.761133333333333,0.46940000000000004,20.5,0.0009790209790209,715000.0,Solomon Islands
140,2.8511,13.0772,0.3768666666666666,0.0003,16.510666666666665,0.7087666666666667,0.31936666666666663,0.8461666666666666,8.228333333333333,0.0003,3.096766666666667,0.3527333333333333,0.6268666666666666,0.15483333333333335,0.08036666666666667,1.3190333333333333,0.17656666666666668,0.0,3.387166666666667,0.04523333333333333,36.919599999999996,9.4122,1.5096666666666667,27.0,0.14594318105588,59628000.0,South Africa
141,2.577166666666667,17.0153,1.2363666666666668,0.00036666666666666667,6.374133333333333,0.9315666666666665,1.5486333333333333,2.3477666666666663,6.862333333333333,0.0,6.3016000000000005,0.13060000000000002,0.6172,0.3557333333333333,0.011866666666666666,1.5782999999999998,0.3567,0.0,2.2218333333333335,0.8316,32.98546666666667,12.529433333333332,3.1861333333333337,27.100000000000005,5.73155872782618,47635000.0,Spain
142,0.2971666666666667,6.479066666666667,0.13053333333333333,0.0013,16.826766666666668,0.6370999999999999,2.1601,2.0820333333333334,1.1746,0.0198,2.2864,0.0857,13.368133333333335,1.0335333333333334,0.9377999999999999,1.1298333333333332,0.16576666666666665,0.0,2.702633333333333,0.2422,43.51746666666666,2.6918666666666673,2.0302666666666664,5.400000000000001,0.0256689611159229,21937000.0,Sri Lanka
143,0.0,13.747533333333335,0.7455333333333334,0.0,13.816966666666668,0.1517,0.0672,3.2906333333333335,3.8929333333333336,0.034,8.647933333333333,0.2429,1.8103333333333333,1.1831666666666667,0.08003333333333333,0.9530333333333334,0.0902,0.2831666666666666,3.1509,0.0,36.252166666666675,8.221366666666666,3.3383333333333334,7.400000000000001,0.013703847294123,43849000.0,Sudan
144,1.8727666666666665,9.2912,0.34430000000000005,0.0,12.638766666666667,0.6364,0.9336000000000001,3.8274666666666666,6.042233333333333,0.6018333333333333,1.2931333333333332,0.042366666666666664,1.6159000000000001,0.1965,0.0393,1.2511999999999999,0.4294,0.12546666666666664,4.099166666666666,0.07563333333333333,40.703466666666664,11.685566666666666,2.2544,26.5,0.0852892561983471,605000.0,Suriname
145,2.2404333333333333,22.988166666666668,4.833733333333334,0.0,7.304566666666667,0.9745666666666666,1.1866,1.8266666666666669,6.081366666666667,0.23223333333333332,9.9074,0.0105,0.5296333333333333,0.12390000000000001,0.09456666666666667,1.4732333333333332,0.3709,0.0,2.5950333333333333,0.5067666666666667,27.002399999999998,7.7466,1.9706666666666666,22.100000000000005,5.550226462368701,10377000.0,Sweden
146,2.4423666666666666,22.023866666666663,3.0422333333333333,0.0007333333333333333,6.285033333333334,0.6845666666666667,0.5850666666666667,2.291933333333333,7.3014,0.0,10.291033333333333,0.11413333333333335,0.30643333333333334,0.1251,0.0699,1.0917000000000001,0.2506,0.0,3.6233333333333335,1.0557,27.979266666666664,8.382833333333334,2.0527,21.2,2.37047718322909,8634000.0,Switzerland
147,1.3476666666666668,14.135133333333334,1.2981333333333334,0.009366666666666667,8.888166666666667,1.1596333333333335,1.1802666666666666,3.5896666666666666,8.7752,0.09693333333333333,1.5981666666666665,0.10716666666666667,1.9361,0.22609999999999997,0.1363,0.44316666666666665,0.29616666666666663,0.111,2.405666666666667,0.5795,35.86193333333333,12.034300000000002,3.784233333333333,,0.0003049555273189,23610000.0,Taiwan*
148,0.09500000000000001,8.367366666666667,0.0122,0.0,16.995266666666666,0.3378666666666667,0.02513333333333333,1.8881666666666668,3.6862333333333335,0.11293333333333333,4.0982666666666665,0.19943333333333335,0.6030333333333333,0.3187,0.03183333333333333,1.4616999999999998,0.5143000000000001,0.0,1.8533,0.19820000000000002,41.64073333333334,9.6966,7.8638,12.6,0.0,9429000.0,Tajikistan
149,1.9207999999999998,11.252366666666667,0.6973999999999999,0.010833333333333334,14.4274,1.6374666666666666,1.8592333333333333,3.5581666666666667,5.7357000000000005,0.011500000000000002,1.2135,0.09466666666666668,2.4068666666666667,0.2533666666666667,1.1610666666666665,1.0066666666666666,0.10716666666666667,0.0,3.9238,0.15486666666666668,38.74283333333333,8.361033333333333,1.4633666666666667,10.800000000000002,0.0095439925451648,66534000.0,Thailand
150,0.1876,9.482066666666666,0.8405333333333332,0.0,23.091466666666665,0.13906666666666664,0.7286,1.3370666666666668,7.529100000000001,0.39623333333333327,0.14183333333333334,0.09143333333333332,1.6927666666666668,0.9101666666666667,0.0882,2.7193,0.5058666666666667,0.0,1.7816,0.0041333333333333335,40.528,6.5391,1.2658666666666667,2.9,0.0014415781487100998,1318000.0,Timor-Leste
151,0.4342,3.671466666666667,0.22240000000000001,0.0,16.001633333333334,0.12156666666666667,0.7599,0.3927333333333333,1.9712666666666667,0.32993333333333336,0.5257999999999999,0.06333333333333334,1.4186666666666667,1.8934333333333333,0.12846666666666667,10.410566666666668,0.10516666666666667,0.0,1.5504333333333333,0.0,46.32666666666666,12.7702,0.9021333333333333,7.099999999999999,0.0099287353545114,8279000.0,Togo
152,1.1251666666666666,15.373600000000001,2.3415,0.0,11.342033333333333,0.42860000000000004,1.2727333333333333,2.1809333333333334,7.575533333333333,0.24016666666666667,3.638533333333333,0.12220000000000002,1.8230333333333333,0.8888666666666666,0.3490333333333333,1.5996,0.2364333333333333,0.0,4.924566666666667,0.2953333333333333,34.6294,8.153,1.4597666666666667,19.7,0.0162162162162162,1369000.0,Trinidad and Tobago
153,0.31629999999999997,9.406066666666666,1.1801666666666668,0.0,13.088166666666666,0.5885666666666666,0.5387333333333334,2.5949,2.4536666666666664,0.016866666666666665,4.554866666666666,0.08539999999999999,0.7103,0.5480666666666667,0.2308,0.8928333333333333,0.21886666666666665,0.0,2.377166666666667,1.1378,40.60066666666666,12.1593,6.300433333333333,27.3,0.303707128446537,11896000.0,Tunisia
154,0.31936666666666663,11.197033333333332,1.3391,0.0,10.3482,0.5480999999999999,0.17603333333333335,3.1498000000000004,2.6832333333333334,0.015399999999999999,6.382366666666667,0.07456666666666667,0.9031333333333335,0.9286666666666666,0.26486666666666664,1.2772,0.1301,0.0,2.0216,1.452,38.80073333333333,12.530566666666667,5.457933333333333,32.2,0.102220046096708,83737000.0,Turkey
155,0.24336666666666665,20.625466666666668,2.8546,0.0,15.0664,0.6966666666666667,0.14853333333333332,1.9246999999999999,9.431533333333334,0.12490000000000001,7.445566666666667,0.054400000000000004,0.19973333333333335,0.12333333333333334,0.002433333333333333,1.1205999999999998,0.5317333333333333,0.0,0.6601,0.09826666666666665,29.36773333333333,5.1534,4.126433333333334,17.5,,6031000.0,Turkmenistan
156,2.654,7.2691333333333334,0.3948,0.0,8.014033333333334,0.12510000000000002,0.7985666666666665,6.2314333333333325,2.8302,0.023866666666666665,3.0031666666666665,0.1135,2.9651,3.0021333333333335,0.022966666666666666,7.2244,0.0457,0.0,1.3058,0.0,42.73303333333333,10.137533333333334,1.1055,4.1,0.0549725629085503,45741000.0,Uganda
157,1.3856333333333335,16.638166666666667,2.318033333333333,0.00019999999999999998,10.841366666666667,1.3991333333333333,0.5146666666666667,1.4677333333333333,5.251399999999999,0.009933333333333334,7.024366666666666,0.12293333333333334,0.05036666666666667,0.15643333333333334,0.027266666666666665,3.9561333333333337,0.25556666666666666,0.0,3.550333333333333,0.3605,33.3588,7.387633333333333,3.923433333333333,26.100000000000005,0.363334769495907,41778000.0,Ukraine
158,0.0,13.6149,1.7145666666666664,0.0,12.291533333333334,0.7224,1.1293,3.828133333333333,6.028133333333334,0.4284333333333334,3.8604,0.16533333333333333,1.5892666666666668,2.3102666666666667,0.6809999999999999,0.4322333333333333,0.1381,0.0,3.050966666666667,1.8556333333333335,36.381033333333335,6.407999999999999,3.370366666666667,29.899999999999995,0.218930251585191,9778000.0,United Arab Emirates
159,2.4934,19.654733333333336,2.0325333333333333,0.00019999999999999998,7.142633333333333,0.7753333333333333,0.7112666666666666,2.4535666666666667,7.853533333333334,0.3451666666666666,8.187966666666666,0.09406666666666667,0.6482333333333333,0.25926666666666665,0.11776666666666664,2.593366666666667,0.8229333333333333,0.0,2.5825,0.371,30.34123333333333,8.584533333333335,1.9347333333333332,29.5,5.68610184633711,67160000.0,United Kingdom
160,1.8609333333333336,5.0422,0.6325,0.0,11.689433333333332,0.04176666666666667,0.4436,3.1962333333333333,1.5741333333333334,0.007133333333333333,2.3508,0.0,3.9598666666666666,2.6941666666666664,0.0734,7.409466666666667,0.026266666666666664,0.0,1.1517333333333333,0.16276666666666667,44.95763333333334,11.112400000000001,1.6136,7.099999999999999,0.0005105969799444,59734000.0,United Republic of Tanzania
161,2.334,18.686600000000002,1.5900999999999998,0.0006666666666666666,5.8556333333333335,0.9397333333333333,0.6651,2.2548666666666666,7.262533333333333,0.0,8.208866666666667,0.013999999999999999,0.9912333333333333,0.23293333333333335,0.08063333333333333,1.3781999999999999,0.31183333333333335,0.0,3.7749333333333333,0.5323666666666667,31.30966666666667,11.293266666666668,2.282833333333333,37.3,8.01981884211739,329878000.0,United States of America
162,1.6381666666666668,18.524733333333334,1.5898666666666665,0.0,10.184266666666666,0.9076333333333334,0.4064666666666666,2.3160000000000003,7.096166666666668,0.19336666666666666,8.429433333333334,0.09496666666666669,0.7921666666666667,0.23156666666666667,0.025999999999999995,1.5767333333333333,0.6163666666666666,0.0,3.5951,0.0658,31.4699,8.5788,1.6664666666666665,28.899999999999995,0.166015293118097,3531000.0,Uruguay
163,0.454,17.075300000000002,1.0786666666666667,0.0,12.6918,0.6114,0.09473333333333334,2.6717999999999997,5.249733333333333,0.02836666666666667,9.869066666666667,0.17153333333333332,0.15486666666666668,0.0007333333333333333,0.012766666666666667,1.5336666666666667,0.09963333333333334,0.0,0.7613666666666666,0.35179999999999995,32.92653333333333,7.8569666666666675,6.305266666666667,15.300000000000002,0.0027330719260256,34174000.0,Uzbekistan
164,0.16973333333333332,9.664733333333333,0.8997999999999999,0.0,8.879833333333332,0.243,1.6062999999999998,2.8008333333333333,5.687833333333334,0.12993333333333335,1.0984666666666667,0.13586666666666666,15.278799999999999,0.0002666666666666667,0.07983333333333333,7.031533333333333,0.12120000000000002,0.0,1.2616333333333334,0.0195,40.33233333333333,3.0019666666666667,1.5566000000000002,23.5,0.0,321000.0,Vanuatu
165,1.1468666666666667,12.770966666666666,0.9694333333333335,0.0,12.260933333333334,0.4278666666666666,0.6537333333333334,3.6634666666666664,4.688166666666667,0.03336666666666666,5.8537,0.18316666666666667,0.057633333333333335,0.39466666666666667,0.0003,1.3508333333333333,0.0998,0.0,3.7323333333333335,0.005433333333333334,37.228566666666666,12.812066666666666,1.6666333333333334,25.2,0.0238994588933496,28645000.0,Venezuela (Bolivarian Republic of)
166,0.7247,17.60183333333333,1.6413666666666664,0.0014,15.8576,0.4603333333333334,1.5998,2.705133333333333,12.899500000000002,0.017666666666666667,0.6402333333333333,0.3530333333333333,2.3399333333333336,0.2464666666666667,0.4213,0.6149,0.15766666666666665,0.33546666666666664,1.1261999999999999,0.6123666666666666,32.4048,2.3897,4.848633333333333,2.1,0.000500992630627,96209000.0,Vietnam
167,0.012133333333333335,7.264733333333335,0.7990333333333334,0.0,23.602500000000003,0.31826666666666664,0.35946666666666666,2.1929000000000003,4.266733333333334,0.09246666666666666,1.2973,0.21583333333333332,0.33849999999999997,0.8588999999999999,0.06193333333333334,0.48196666666666665,0.23763333333333334,0.0,4.0257000000000005,0.03426666666666666,42.7372,9.554599999999999,1.2479333333333333,14.1,0.00028163347415,29826000.0,Yemen
168,2.3356,6.308166666666668,0.6724,0.0,22.35636666666667,0.38843333333333335,1.0902666666666665,0.45873333333333327,2.7530666666666668,0.09566666666666668,1.1847666666666667,0.21096666666666666,4.981733333333334,0.18399999999999997,0.09300000000000001,4.088566666666666,0.05123333333333333,0.0,1.3740666666666668,0.0042,43.69363333333334,6.3189,1.3562666666666667,6.5,0.0390448215839861,18384000.0,Zambia
169,1.8273666666666666,7.488033333333334,1.2400666666666667,0.0,20.7402,0.25803333333333334,0.3194666666666666,0.8995666666666667,2.9769,0.08823333333333333,2.5389,0.14406666666666668,1.0288000000000002,0.38716666666666666,0.04126666666666667,1.4545000000000001,0.1002,0.0,3.2296,0.1988333333333333,42.51776666666667,11.636666666666665,0.8844666666666666,12.300000000000002,0.0322142232389154,14863000.0,Zimbabwe
