,Alcoholic Beverages,Animal Products,Animal fats,"Aquatic Products, Other",Cereals - Excluding Beer,Eggs,"Fish, Seafood",Fruits - Excluding Wine,Meat,Miscellaneous,Milk - Excluding Butter,Offals,Oilcrops,Pulses,Spices,Starchy Roots,Stimulants,Sugar Crops,Sugar & Sweeteners,Treenuts,Vegetal Products,Vegetable Oils,Confirmed,Deaths,Recovered
0,0.0,0.5213181698428033,0.41554278356392216,0.0,0.40519398349199043,0.19514545002486322,0.0018237299449305076,0.04019552898686094,0.20445400441168976,0.0357377768033326,0.4608952371200874,0.4269400110071547,0.034428190976108684,0.07283808391244564,0.10338534877658188,0.01690218897201441,0.028961522548613984,0.0,0.0,0.1509968646997347,0.4789358792608112,0.3854664263897763,0.013626460267069571,0.03335951842076515,0.013647751816696259
1,0.0,0.846265791817737,0.22741447646384233,0.0,0.09678180092605906,0.49316260566882153,0.015150070326841012,0.0627374058160533,0.30704342340859847,0.03727252795439597,1.0,0.40354980737479357,0.10870915336545041,0.04266230629157531,0.0,0.01782580585573104,0.15574206513387318,0.0,0.0,0.18452045984403892,0.15373420818226297,0.1363285309737889,0.28507123039726456,0.27477757305909156,0.1983032261230991
2,0.0,0.2948004616793587,0.058412860218226684,0.0,0.1847919243047367,0.36023744405768277,0.021860919732042815,0.05603296178674471,0.11714877894926554,0.09625082218811665,0.4502636563763887,0.14680792515134836,0.039800139649612806,0.10026385224274405,0.058396335332017435,0.04641174840676087,0.08528872864826527,0.0,0.0,0.17274298577056035,0.7052999033986127,0.7121126885903439,0.023500018689654754,0.03536770968086154,0.018537011336468838
3,0.0,0.32260786109473205,0.08629812689875326,0.0,0.3200195565269909,0.02980482347091,0.16665077359525116,0.03232870456857006,0.3965309856561311,0.06752905064678799,0.05989863308247582,0.21175013758943312,0.13776188688381363,0.12196662826563602,0.003835983762243492,0.3211415904682738,0.03333530350493528,0.0,0.0,0.0061902082160945416,0.6775520957482846,0.5564793714661658,0.0058970607307965986,0.007876653585667196,0.006284126952579672
4,0.0,0.7114974469633292,0.31133853303914527,0.0,0.12795145379770498,0.102312282446544,0.1798579159415453,0.12250659028166966,0.5255670353522887,0.19688664766498576,0.3687662474331189,0.1853329664281783,0.04540015929880456,0.025010219629120367,0.13373803582734348,0.01500877436039531,0.31175010343400905,0.0,0.0,0.04059811881984083,0.28859037247989555,0.3015761019841913,0.02820610957030572,0.03852098164106385,0.021108301042548308
5,0.0,0.7947345970969402,0.2200642474398267,0.0,0.019602542348508806,0.47010193933366484,0.01776050730683958,0.01783008489528198,0.7194737316391817,0.0,0.322718817727265,0.25839295542102364,0.0,0.007915567282321899,0.007932665450076348,0.04553431236723007,0.0731426207222649,0.0,0.0,0.027453975399951765,0.20533126748547842,0.3928272898610144,0.4185129520925886,0.5836594688387794,0.43199641812949363
6,0.0,0.7729992848988195,0.41819181683443873,0.0,0.0871991027005263,0.48533068125310785,0.02436407847998665,0.052877929302364186,0.38829139093605397,0.07914930936198203,0.5855048720967936,0.376169510181618,0.02091937164691806,0.028763610687873944,0.003835983762243492,0.020458113974323452,0.5320054376736214,0.0,0.0,0.1917758662271887,0.2270822617270321,0.24974176590801467,0.5458276639746579,0.5681193219295783,0.5971777456812937
7,0.0,0.5987937372191346,0.3069391258860848,0.0,0.0,0.2000559423172551,0.05174386726106754,0.03793303858687755,0.41899690868272266,0.11401008550756413,0.36073994436765133,0.3218216840946615,0.043119449541928215,0.009662194804712178,0.03750325872406987,0.013761891567377851,0.23423370175542288,0.0,0.0,0.32448347937937133,0.4012062627808654,0.489653155858974,0.010733569749789746,0.019034635876530745,0.011204708103616293
8,0.0,0.7153709116912771,0.8601310433167236,0.0,0.013741336170947055,0.3594915464942814,0.04869239754928839,0.01946987151545343,0.2822462788611101,0.0,0.28281483756833165,0.10319207484865162,0.03763872855694231,0.004459474525251774,0.03798741201445011,0.015054955204581139,0.13118387611560967,0.0,0.0,0.16878366428169467,0.28472318056932094,0.41245625911765,0.45539216039279806,0.4836340791273645,0.49744845934727533
9,0.0,0.8500169366069077,0.521255977090892,0.0,0.2563803169307756,0.6096780208851317,0.02321977733806947,0.05777653237021814,0.43463372395986377,0.03727252795439597,0.5541789677867086,0.22179416620803521,0.0043052782641342605,0.00947638336616002,0.006331235335741686,0.07264246790431328,0.4037768189609315,0.0,0.0,0.45367392877240936,0.14998306339309236,0.06988688552204605,0.21956661329318808,0.168382573489194,0.24619529512368313
10,0.0,0.7906164924914376,0.30405536814856043,0.0,0.1519599666388657,0.38068746892093486,0.17661572937277994,0.08948253315897627,0.6499210519098385,0.7796535847401886,0.2817966176897217,0.35498073747936154,0.08925294474717455,0.0077669181314801725,0.10126252281106848,0.010390689941812137,0.2761096991547964,0.0,0.0,0.09108449232253397,0.20938350750856244,0.16561942810286145,0.20181345788114663,0.24151577293532317,0.1919401759575377
11,0.0,0.15112157974632726,0.0811945463446694,0.0,0.34533375514077824,0.375559423172551,0.2559420220754762,0.04044461049878572,0.036617808965211905,0.03222977417233063,0.17332491453210236,0.16208035222894882,0.019971999901754044,0.20246014344643054,0.39484562958549035,0.09628706012745913,0.008718009338613393,0.07769556025369978,0.0,0.05328000643138516,0.8486463260108648,0.7846279998855825,0.030398058142468598,0.026010492700412457,0.03145438402753851
12,0.0,0.6532167007489744,0.26470884106471015,0.0,0.06487590233240344,0.35896320238687224,0.21319760650344483,0.044243103555638576,0.4792560464833816,0.7092742819557115,0.30943076389244417,0.13346175013758943,0.11219688490135053,0.08614218291278011,0.11846858589996649,0.04405652535328346,0.17843844198829717,0.0,0.0,0.1571066806013345,0.34686798228556376,0.34113279747772834,0.056078678831368814,0.033823300953129326,0.051995744553223935
13,0.0,0.5896416966716432,0.525782806097471,0.0,0.21953351931207038,0.47215315763301835,0.059324862326268865,0.020165224069576767,0.4175629135959189,0.1137908353431265,0.10731127379875653,0.31865712713263616,0.013164958473538503,0.0,0.0059588097277568815,0.08464948739262954,0.24779833323482475,0.0,0.0,0.21026609856097758,0.4104837596758208,0.42134269014769404,0.26331802553699457,0.10199123267141255,0.2890200412605818
14,0.0,0.6812154210942303,0.8448203016544721,0.0,0.020839205084697013,0.3456924415713575,0.07168569861968675,0.020756792660398114,0.18710893269234535,0.0,0.35994925965744584,0.18973582828838742,0.01609128453082291,0.013118287561782302,0.03701910543368962,0.029832825344047288,0.024646846740351086,0.0,0.0,0.2423024358871292,0.3187845789057698,0.4575272456831206,0.6039660269578742,1.0,0.0
15,0.0,0.5886882284309175,0.6561554814869459,0.0,0.11850104972534584,0.1920375435106912,0.047452737978878105,0.027668804616310685,0.3697591593497655,0.43499232624424466,0.13239133773613884,0.042652724270776,0.0486703462117411,0.14058493440856218,0.01847231015604633,0.008589637018564699,0.2382528518233938,0.0,0.0,0.07727711230806335,0.41131177156908255,0.457635306718536,0.27599075653845917,0.3938517550126934,0.30305941561148136
16,0.0,0.03625688441706709,0.03054100636438626,0.0,0.21307411348537575,0.04612133267031328,0.10042434500679429,0.01665732610996949,0.09320184460351602,0.05656654242490682,0.06080877375609368,0.13015960374243257,0.2539201891936463,0.24285555018766952,0.9671893039365388,0.4946430220744435,0.0330397777646433,0.0,0.0,0.3854007556877563,0.9638779811564568,0.6331931718138681,0.003269826803696221,0.002429450066640767,0.003228296959957552
17,0.0,0.7966321243523317,0.2777997599104023,0.0,0.10001437979925801,0.45356787667826953,0.019751114501633013,0.052244847126222044,0.793065889331625,0.09559307169480377,0.17590743869349307,0.19193725921849203,0.04548787890483827,0.07778066817793304,0.055230717664146584,0.2157569040362058,0.23195815355517466,0.0,0.0,0.14898705683736635,0.20322987366545814,0.23498825630806297,0.1875629459251705,0.49849786110281663,0.15914101274776316
18,0.0,0.6156644795443426,0.16223484518244796,0.0,0.15346121768140114,0.24160865241173546,0.034269435239707255,0.058150154638105314,0.34437822991721223,0.20061390046042535,0.6305568354408779,0.1426802421574023,0.03006326337987151,0.07477052287338808,0.8266358794830733,0.056248268218343035,0.7334653348306637,0.0,0.0,0.19241900474314658,0.38442961271625536,0.2652167418326516,0.3614348333756731,0.7848605982033345,0.3274733512489549
19,0.0,0.3746502904314444,0.2752848549067473,0.0,0.35617037186160877,0.06579438090502238,0.04109948268052543,0.013730618344853352,0.10068526158656274,0.4224950668713002,0.47476350563433967,0.2863236103467254,0.038859785472931486,0.04295960459325875,0.20379129268928534,0.08326406206705458,0.21865949524203557,0.0,0.0,0.03097113915909639,0.625230526038465,0.5538636587559633,0.09743192113928245,0.03793909370086662,0.09345258065004398
20,0.0,0.6220533440389417,0.29082361462266365,0.0,0.00788012999338529,0.22146941819990051,0.020406703697523062,0.022365444091578972,0.5244621538919645,0.0,0.2837079131043192,0.10498073747936158,0.05774406225986758,0.09394626333197072,0.0029794048638784407,0.04987531172069825,0.03439919616998641,0.19080338266384775,0.14760147601476015,0.035493206849425196,0.37782119961359445,0.5167987236084759,0.42850707969103313,0.5856887091925249,0.44021296508629953
21,0.0,0.6940056957181749,0.5365935444065159,0.0,0.049334215294354486,0.3611698160119343,0.03850096550408849,0.024389231375967782,0.3309237514251795,0.05744354308265731,0.4432328196726907,0.32416070445789763,0.05581423092712606,0.017503437511613214,0.23012178317381105,0.011221945137157109,0.05570660204503812,0.0,0.0,0.06841385963501889,0.30591275765597364,0.4012179114344468,0.31004793598159286,0.7248973640593709,0.3085172498667724
22,0.0,0.06958122671216549,0.038353977909074445,0.0,0.5499755543412614,0.10818622575832919,0.04193386892984004,0.0007264877431139342,0.1045327566008831,0.03244902433676825,0.11295414597518731,0.17267473858007704,0.41672426920796213,0.20034189304693598,0.03575285836654129,0.011314306825528773,0.006560671434481943,0.0,0.0,0.05342069298175094,0.9306477311219563,0.4520288459399244,0.005130576748233696,0.0034571765564097544,0.00531328168532577
23,0.0,0.5312950858748698,0.2861022996291353,0.0,0.2381869949095511,0.2451516658378916,0.060576441700240784,0.015827054403553562,0.35318201942554,0.3681210260907696,0.3474006951199395,0.110484314804623,0.04975105175807634,0.16819651417741274,0.36158802279244723,0.03809919645331116,0.12296826053549265,0.0,0.0,0.035211833748693626,0.4685888670037261,0.43576248184415706,0.24846726357007168,0.1309436246431852,0.2722550991006297
24,0.0,0.43385314079965875,0.05752090724359705,0.0,0.48472002530844666,0.15722899055196415,0.5755715545807805,0.021431388421861052,0.42603758947776715,0.30081122560841916,0.025421366689989025,0.18877270225646667,0.2886396092617869,0.10193615518971347,0.18729283825555848,0.16315692250854347,0.018027070157810743,0.4027484143763213,0.0,0.061258943644987546,0.5661468592003414,0.1994806713768565,0.00026394692940295573,0.0,0.0003240753273222925
25,0.0,0.04103049843806847,0.05080778748717398,0.0,0.34447096718529807,0.005159124813525609,0.10581209621665434,0.07843991946364448,0.09647730879086003,0.061390046042534535,0.053573155400831636,0.11557512383048982,0.33989242067516023,0.31554498494927347,0.278015716360657,0.2399094855453958,0.035847272297417104,0.0,0.0,0.02062062866789935,0.9588220903536615,0.580370395090215,0.011310643078866053,0.009610693817959653,0.012269461562891352
26,0.0,0.5691985848524006,0.6547672539249284,0.0,0.031819619798107615,0.3685044753853804,0.04851360049586383,0.04017477219420054,0.27093103894119447,0.13593510195132646,0.21065774728806522,0.008943313153549806,0.08056168618135502,0.07399011483146901,0.03646046702171241,0.021427911702225917,0.0530468703824103,0.0,0.0,0.24338773213280812,0.43085159768658504,0.49321599176193515,0.20269714956513615,0.2923116124530079,0.21126939166971803
27,0.0,0.4242651394447303,0.19116631234449502,0.0,0.10202179977567513,0.016844853306812527,0.06359215200133501,0.04800008302717064,0.47048751914931963,0.022363516772637582,0.08852824564696782,0.47716015410016505,0.24401138249607893,0.17815600728380837,0.0037987412014450117,0.4842061512884455,0.01205745020391276,0.0,0.0,0.0,0.5758948173982863,0.46176705219030184,0.0098944570371873,0.007034266212715745,0.01118807028055402
28,0.0,0.37129433313678517,0.20789210722213652,0.0,0.40235828707831234,0.0037605668821481843,0.07516628125968484,0.00340411399630529,0.27224357542774974,0.019294014470510854,0.24192107942683888,0.9999999999999999,0.5867494271909726,0.1985209409491248,0.0,0.08321788122286874,0.007772326969679059,0.0,0.0,0.0,0.6287056668632149,0.08130639435285741,0.001947251515517089,0.003994295068546525,0.0018673896498958295
29,0.0,0.8625876626227906,0.351053912856865,0.0,0.1261913663685255,0.4197227747389359,0.05995661191503564,0.039572825207049,0.7566126371796528,0.07432580574435431,0.2788386605004636,0.05448541552008806,0.03844224014821105,0.07778066817793304,0.010539644705969983,0.07786090329731227,0.12873101247118623,0.0,0.0,0.14553018731409278,0.13723356208207355,0.18717124813674169,0.36913517963278325,0.5233669888808773,0.4011333780481905
30,0.0,0.8163538621736568,0.22939957481339404,0.18982387475538162,0.09249662074717435,0.6988438587767279,0.11494266574486853,0.02045581916682234,0.8110339261296629,0.3326024994518746,0.11591210316444535,0.6582278481012658,0.062144077698518235,0.00869597532424096,0.02517597109977282,0.020365752285951787,0.27667119806135115,0.0,0.2201722017220172,0.361343355575207,0.18364613782634326,0.18129145650384415,0.0006575779803401642,0.001854322763452701,0.0007395218869039962
31,0.0,0.5138252894905219,0.11774449906445532,0.0,0.0427885306721118,0.5357720039781203,0.04223186401888097,0.12350291632936877,0.41113736184084215,0.03880727910545933,0.3285380296592092,0.16235553109521186,0.03232993799978246,0.061392099297632764,0.046143532829317345,0.1250577260552323,0.07846208404752054,0.0,0.0,0.10553501085296246,0.4861747105094783,0.5761401233802763,0.41799867398689655,0.6074526014784583,0.45245603976717613
32,0.0,0.2503199136860329,0.0209776609371542,0.0,0.09840384228236174,0.024770014917951264,0.21891911221303073,0.08299603545260185,0.342642547339469,0.11620258715194036,0.028447584429768427,0.46642817831590533,0.1746988585924863,0.05511167267456984,0.003947711444638934,0.49330377759305444,0.15340741178556652,0.0,0.0,0.004260792668220918,0.7495138566535773,0.6691584270127162,0.05489711289961013,0.07828457559313041,0.0420051234471942
33,0.0,0.48736340940169864,0.4073341336319922,0.0,0.03925685197434643,0.3391347588264545,0.10861325005363912,0.05528571725097037,0.1856671015668159,0.03025652269239202,0.3692952666996593,0.07594936708860758,0.03420713756890375,0.09052733286261103,0.01541842017057093,0.017641082478987716,0.11954016194810568,0.0,0.16974169741697417,0.07114719832783986,0.5127808653978849,0.6330692194497152,0.36925111636448416,0.281939518925636,0.33803375270322045
34,0.0,0.009631911076540933,0.01652460247734909,0.0,0.22893215610710077,0.11471282943809048,0.14415810427444153,0.05083338522531498,0.06561898828904011,0.019951764963823723,0.021928701854980463,0.3501651073197578,0.16930234842929273,0.03716228771043145,0.2267699527019478,0.565022628613651,0.5720491754831846,0.0,0.0,0.46939062625613,0.9903680889234592,0.7240248286120197,0.010823272275076005,0.003337749240188474,0.011737452624153525
35,0.0,0.7639852463335383,0.49758233798981966,0.0,0.11306548560582094,0.2764793635007459,0.06507020764297804,0.02287398551175872,0.41466357926740866,0.0,0.4901790132937422,0.1802421574023115,0.06134407489149085,0.006503400349325505,0.024393877323004732,0.012422647085988732,0.7898220935043442,0.0,0.0,0.14042527534367716,0.23608375465756687,0.21476812962239028,0.5619386028599712,0.6900813467320567,0.6248658004705075
36,0.0,0.6550169993350814,0.21427661272474866,0.0,0.2005751919703201,0.44157135753356536,0.029370395975874316,0.06025696909313572,0.5922948231210158,0.03047577285682964,0.2611876198114871,0.20060539350577877,0.09227049919473403,0.23218997361477572,0.015530147852966372,0.16740556017363997,0.043087652934570606,0.0,0.0,0.0013867674250341668,0.34498300066491866,0.3047861503891787,0.02723403471249274,0.011138679382426098,0.02553374112214506
37,0.0,0.4999309990088948,0.12363943639302262,0.0,0.1421184320266889,0.29413227250124313,0.08504779841228216,0.03382319364011872,0.3778733774502313,0.353869765402324,0.3706889196061366,0.1418547055586131,0.07201428776943078,0.02333791668215095,0.02003649770958251,0.012930636372032879,0.5684733140256516,0.0,0.0,0.17302435887129192,0.5002101393820022,0.46984938198622545,0.25186620254577036,0.09427587387547927,0.018852318578183227
38,0.0,0.6319957595754558,0.6488387845296456,0.0,0.01202151217968997,0.2375062158130284,0.03368536486518702,0.015536459306307987,0.3022791118633708,0.04648103486077615,0.31106332872574616,0.10676940011007154,0.015091281022038673,0.013118287561782302,0.02364902610703512,0.020365752285951787,0.28261126544121995,0.0,0.0,0.08368839938901841,0.3680606957809031,0.5171610459036924,0.9235811571278861,0.8620345766533215,0.9463993588679883
39,0.0,0.953308283882623,0.953893408266325,0.0,0.027799027925570152,0.5253605171556439,0.13277469187307792,0.05068808767669218,0.3265551598355999,0.0,0.4912654937228735,0.3143918547055586,0.022880782037831712,0.005648667731985581,0.06524896651893784,0.01888796527200517,0.49867013416868605,0.0,0.0,0.23808183937615568,0.04663212435233166,0.11188448910967241,0.33271946438537214,0.20502229103317388,0.36586358510719014
40,0.0,0.1909539700661155,0.09190468845356814,0.0,0.19596215236835296,0.05948533068125311,0.03261258254463967,0.009070718392593975,0.16514059812483592,0.3098004823503618,0.20929822465684852,0.26307099614749585,0.012922852360885478,0.2069939425471032,0.11764924956239993,0.009651796434838829,0.16706070098705597,0.0,0.0,0.08354771283865263,0.8091777590987217,0.8420529054116332,0.05774507496483115,0.03438816377269037,0.0655216946388604
41,0.0,0.6870867781555409,0.25350913078176657,0.0,0.028788358114520726,0.09444927896568871,0.19503182587550957,0.11917512505967577,0.5025956878278892,0.246217934663451,0.40126395786048685,0.18891029168959822,0.16677953255976335,0.05102382102642238,0.17429518453688878,0.21903574397339984,0.5273952361250664,0.0,0.0,0.006270600530589276,0.31310767918302823,0.23420004640267994,0.01611700969579141,0.0,0.0169004371092299
42,0.0,0.3217861220188436,0.14753438713441663,0.0,0.02657386902878836,0.3315514669318747,0.027534746227382174,0.37113145276791826,0.2533273779439018,0.09252356939267704,0.2242074665665512,0.25798018712162907,0.09987052586149425,0.07138875469173882,0.02268071952627463,0.031079708137064743,0.08587978012884923,0.0,0.0,0.014128949272449554,0.6782138779811564,0.6653127254582265,0.2032481273894928,0.14386302610216078,0.17452734614511636
43,0.0,0.49900575844634865,0.3147722166708023,0.0,0.15394437893647003,0.3004102436598707,0.02795193935203948,0.04145131494281503,0.30714137389266977,0.061390046042534535,0.3357508944976308,0.13869014859658776,0.027810623896925957,0.022891969229625775,0.014599083833004359,0.03306548443705551,0.0546131568059578,0.0,0.0,0.015756893640967922,0.5010820609968762,0.5911320029112914,0.14104630390854173,0.46208459366086213,0.1325443635106184
44,0.0,0.3443682645623456,0.22781015485108405,0.0,0.719450116476374,0.2445300845350572,0.15526736119388754,0.07101936608755215,0.21790848290372247,0.019294014470510854,0.19661313901829952,0.4116675839295542,0.15429878701328775,0.058865063733323425,0.08848832445718968,0.08367968966472707,0.023405638631124773,0.37209302325581395,0.0,0.060133451242061264,0.6559077394020751,0.27518378321684994,0.016088506362954988,0.051381180198316424,0.014491583780930148
45,0.0,0.5734923283443526,0.4267894387402673,0.0,0.41442581461562794,0.4802958727001492,0.05173194745750591,0.14475787201361642,0.2252312610928923,0.2218811664108748,0.4534320835964209,0.07498624105668684,0.17554096681040987,0.2169162733657884,0.011582436408327438,0.058972938025307106,0.09660736450144808,0.0,0.0,0.023454457753838732,0.42650767165564746,0.16831141919100429,0.08334155002026603,0.13921284246212037,0.08607822580353926
46,0.0,0.8844923408899874,0.4364332611276163,0.0,0.10971211641885478,0.4739557434112382,0.031515960616969034,0.03561865620524316,0.3730659676920123,0.04121903091427319,0.8018965056286513,0.16152999449642266,0.010610563545837002,0.024452785313463895,0.07172917209787345,0.035466888334718755,0.8231869495833086,0.0,0.0,0.2511254924029263,0.11557979650980449,0.11094690071415636,0.3429452174846489,0.18476179323557682,0.31289714673011826
47,0.0,0.49515424857920687,0.20892489487697086,0.0,0.6333726381179718,0.12860517155643958,0.04181467089422367,0.0450941320547149,0.40003369496652047,0.2523569392677044,0.2988446901824263,0.380022014309301,0.11727058691434006,0.07696309784830353,0.30427172172358574,0.14306825528770664,0.01699273006678882,0.0,0.0,0.1318232976927406,0.5048457514207931,0.19033680082126386,0.1407930972402008,0.29504838836670083,0.11491963233542887
48,0.0,0.19291736190392553,0.09453360248405548,0.0,0.5983204394466652,0.05152909000497265,0.004589124371230362,0.03870103991531228,0.12814665930079025,0.0,0.2805053556090263,0.23087506879471656,0.09196874374997807,0.9493106395629715,1.0,0.36455158400295556,0.005496778769430817,0.0,0.0,0.1499115684540558,0.8067909520882208,0.3960341600002543,0.011796917422071692,0.010066353498913478,0.012083930989483922
49,0.0,0.4713708615087381,0.5138520967601317,0.0,0.02994449397486411,0.16139358528095477,0.17307554771497366,0.00484671108620296,0.29451359748619876,0.05744354308265731,0.09197540344829548,0.13002201430930105,0.3122642535587844,0.11115240254190047,0.04886223976760643,0.15909300822019026,0.13026774632070454,0.0,0.0,0.029524077498191175,0.5287106851171135,0.40878536217927336,0.0005705743198811921,0.0012037806762827904,0.0006543432224920903
50,0.0,0.9944548294420958,0.4260249076191562,0.0,0.0458082885162923,0.24689209348582797,0.10978139080267957,0.02623658592274322,0.6174328353530723,0.2512606884455163,0.661990818955955,0.10842047330764996,0.018866732865729353,0.00665204950016723,0.016014301143346617,0.0190726886487485,0.23181039068502865,0.0,0.0,0.10364579146233621,0.005488715201545591,0.124136703566332,0.08210027248358749,0.06710690815097275,0.062023011933443624
51,0.0,0.7916671894014479,0.6152061216140995,0.0,0.02545799660636737,0.2894704127299851,0.10224807495172479,0.0362828735703759,0.39886612519639064,0.03486077614558211,0.44229423710302224,0.21381397908640618,0.021789550138772422,0.009439221078449588,0.010614129827566945,0.013300083125519536,0.18556061232933388,0.0,0.0,0.17143661066002092,0.2083328105985523,0.3340643344552612,0.4995002895953426,0.6555566379802641,0.04069488224052547
52,0.0,0.6317166192023487,0.3110836893321082,0.0,0.1573897788386874,0.2374440576827449,0.18675948220373328,0.016833758847582873,0.5160854284941876,0.6386757290067968,0.2107430729762169,0.17570170610897082,0.16465320930950633,0.01482775279646215,0.007448512159696101,0.029278655213817308,0.37502216443052183,0.0,0.0,0.06415306696679797,0.3682833807976515,0.28755359350616744,,,
53,0.0,0.44685669121429206,0.04772954376270026,0.0,0.1792643294699606,0.04276479363500746,0.24060123489164897,0.06256097307843991,0.48977984649200135,0.3117737338303004,0.12035472732754256,0.8196202531645569,0.3115730230632388,0.0033074436062283993,0.0,0.26115267387087837,0.2101779064956558,0.0,0.0,0.0035774579950156767,0.553143308785708,0.33135327377263324,0.049311158285474666,0.017162642649581717,0.05353542806618133
54,0.0,0.03210427931601201,0.01533086090228085,0.0,0.2272468436340629,0.04764420686225758,0.15870026461963907,0.0,0.017345071719344435,0.1363736022802017,0.15181715273867016,0.04279031370390753,0.4354787209779683,0.01155747147794418,0.0,0.0,0.029404811159051955,0.0,0.0,0.047471661709140606,0.967895720683988,0.6684973477372338,0.016813058998864875,0.02989878426091674,0.01778541053772758
55,0.0,0.6353328984179955,0.48520900537183703,0.0,0.2058439504184521,0.34811660865241173,0.04899039263832932,0.017622516968678,0.2478734949908122,0.23481692611269459,0.5064875964891324,0.1375894331315355,0.021803585275737808,0.0,0.026591188410115082,0.03712939872540869,0.8207931910869437,0.0,0.0,0.23245437736152427,0.3644444165652561,0.31474365697613443,0.6765973742110265,0.47454946050738567,0.7528037405100605
56,0.0,0.7252537354627457,0.7365117261637303,0.0,0.010756089844985758,0.30712332173048235,0.08159105537940733,0.02344479730991967,0.31370013830608345,0.0,0.35558058442408,0.06494221243808475,0.029014136891708397,0.0037533910587535767,0.03143272131391755,0.022305347741756718,0.19546072462911518,0.0,0.0,0.3364217380818394,0.2747462645372543,0.37698681337541357,0.26352986874399786,0.39848822537632517,0.27117267964310243
57,0.0,0.08372015707134703,0.05229661124933774,0.0,0.2696557476057634,0.08988065638985579,0.32898657830118966,0.1222367519770845,0.08837876276784559,0.10874808156106117,0.013862580135042121,0.23885525591634563,0.380608353011765,0.147459957634992,0.4756247439573945,0.9219081924817586,0.0,0.0,0.0,0.017445132245357344,0.9160853855900841,0.4923610382758545,0.021629025863129737,0.007792710410829788,0.022606949654140784
58,0.0,0.4042234879373723,0.11217817598969894,0.0,0.019395473239193578,0.22280581800099453,0.03660571673778817,0.02190879465305021,0.2241342156712938,0.06533654900241176,0.46403522244406903,0.19592735277930654,0.06236162232148183,0.029544018729793006,0.01850955271684481,0.014177519165050338,0.22900289615225486,0.0,0.0,0.3780448589114881,0.5958800135492857,0.6540330603203057,0.14652767579295262,0.29993804340594493,0.09693711650629379
59,0.0,0.5666235933207041,0.16515884140003084,0.0,0.02861580052342469,0.4307558428642466,0.1511669487686843,0.2912489362143761,0.47218010351407147,0.2777899583424688,0.2640318094165429,0.1132361034672537,0.11419689191891902,0.07060834664981976,0.3278462627090239,0.026461623718481573,0.25828949701519,0.0,0.0,0.027996623522791225,0.43337640667929594,0.3791416775522269,0.012554125003693638,0.004772510999777369,0.014292630321176562
60,0.0,0.3268608312737583,0.11642333563586856,0.0,0.4834373472146329,0.795810542018896,0.015591103058621594,0.12602486663760715,0.24163992618451516,0.05415479061609296,0.20254043015523587,0.13593835993395706,0.1306636163635662,0.21420342636292689,0.04599456258612342,0.005680243834857302,0.11194515042260181,0.0,0.0,0.18701262159337567,0.6731391687262418,0.40861055756316006,0.08662536359471533,0.17474956113002607,0.09118429007560824
61,0.0,0.03313615777390258,0.048923285337768505,0.0,0.21384487072560465,0.07909622078567877,0.05769184923832455,0.03157108163646553,0.07809396194035992,0.07958780969085727,0.0746144700990347,0.1600165107319758,0.23155519843929273,0.06481102976699245,0.0,0.1486561374341923,0.07730953366038182,0.0,0.0,0.0014671597395289012,0.9668638422260976,0.8154921385596736,0.011188439917643374,0.003606741593143691,0.012612208075492432
62,0.0,0.18235393744746517,0.040318957018596877,0.0,0.10882632078456184,0.028872451516658383,0.006448613726845782,0.026620586586960582,0.28000517178555895,0.12190309142731856,0.0924247854058943,0.1748761695101816,0.05794406296162443,0.029506856442082573,0.0,0.08594255102983282,0.06572492464093622,0.0,0.0,0.6655679717019053,0.817646062552535,0.8064499725080014,0.013791368695284974,0.012873644097999263,0.013932396009884713
63,0.0,0.5558845299777944,0.0654411814017745,0.0,0.11022978919214288,0.08577821979114869,0.1372684578158152,0.15211615501172757,0.4564061575592306,0.19973689980267487,0.4238297581869998,0.07305998899284534,0.32588886276793955,0.14385521572708015,0.3222598785892518,0.05384686432067978,0.27368638808440215,0.0,0.0,0.1769635822815339,0.4441154700222058,0.13057586997079174,0.09689342942204547,0.12334545582653275,0.09785815764261298
64,0.0,0.2235632111806697,0.11547773135449428,0.0,0.27384314514969366,0.024024117354549977,0.04229146303668915,0.17052743010150068,0.2738029471341647,0.12365709274281955,0.09572973372696919,0.18615850302696751,0.11409513717591992,0.31431862945482925,0.0,0.24946892029186293,0.10665523967137537,0.0,0.2779827798277983,0.0,0.7762611499328809,0.6418348763813537,0.009877286440390662,0.011587035607195015,0.0088822789508278
65,0.0,0.36674340413253215,0.17670728517681455,0.0,0.42133387017917223,0.21345101939333666,0.013445538417526881,0.0351516283703842,0.2724669025314323,0.1427318570488928,0.28727452686905924,0.11942762795817281,0.018305327387113636,0.1558586346575495,0.010763100070760865,0.00429481850928235,0.1132750162539157,0.0,0.0,0.02033925556716778,0.6333726429888722,0.5694594087790057,0.14988229758169702,0.2028365558026024,0.06928954922320953
66,0.0,0.7520794389592141,0.8236816867970839,0.0,0.016260677000949075,0.3554823470909995,0.0212172503397144,0.009309421508188554,0.3585575419913725,0.0,0.28742811310773225,0.004540451293340671,0.010326352022287797,0.014530454494778699,0.041227514803917925,0.012330285397617071,0.2184821797978604,0.0,0.0,0.009164723852399711,0.24787037850180033,0.41682955278622674,0.368992033735012,0.7192423769828007,0.3148050399520459
67,0.0,0.922794163770716,0.474975018610297,0.0,0.19037128641684165,0.26140601690701143,0.1990368798722197,0.04776137991157606,0.49746308246255344,0.26288094716071037,0.6158637519411595,0.18560814529444136,0.02909133014501805,0.004459474525251774,0.04018472310156047,0.00812782857670638,0.45079496424138543,0.0,0.0,0.10059088351153629,0.07729992848988193,0.07788022387703927,0.15717211835092895,0.04249869170182616,0.1791279333211675
68,0.0,0.3461215170181535,0.5002783161537377,0.0,0.23748526070576054,0.21982222774738935,0.04301857105394904,0.038119849720821136,0.0,0.0,0.3591642633264504,0.03632361034672537,0.1289337857325815,0.4119067969824222,0.29812669919183643,0.03084880391613559,0.005201253029138838,0.0,0.0,0.10077176621914945,0.6538784829818465,0.5347591033476673,0.0742652972792914,0.059701716296076936,0.08313842558436338
69,0.0,0.1302864168412601,0.04551642735948387,0.0,0.3276466020534353,0.4341434609646942,0.2973752592557275,0.07022022957012682,0.10647609420485754,0.0,0.029977758437288463,0.22385800770500824,0.2561728286765918,0.016797354045115016,0.14472459126289525,0.13614112865983188,0.14687629292511378,0.0,0.7785977859778598,0.07990996060776591,0.8699958599405337,0.6082215378356646,0.04052583607740779,0.06230260828666836,0.03823283133888284
70,0.0,0.37351804689558266,0.403122506052538,0.0,0.26435247763941216,0.3940514669318747,0.07080363315612559,0.06092118645826846,0.20633465370585857,0.0,0.13999101236084802,0.19482663731425426,0.011982498184204157,0.11003753391058751,0.0791031991359726,0.07453588251593239,0.013328210887168273,0.0,0.0,0.9856901680199374,0.6265823181823884,0.4875014699479083,0.16659834039171303,0.3743461213862114,0.1639760104127445
71,0.0,0.19177570914200406,0.25387798351563595,0.0,0.30400621207327944,0.5731911984087519,0.015102391112594466,0.020061440106274777,0.10227205942851766,0.09471607103705329,0.08866476674801049,0.03962575674188222,0.03138256625461844,0.05087517187558065,0.02145171501992477,0.007573658446476401,0.21508363378450263,0.0,0.0,0.12744191655277756,0.808224290857996,0.7837698681337542,0.1517202013509091,0.17799069261532724,0.16684827793413118
72,0.0,0.6947364789421522,0.5781598943069256,0.0,0.0988352362601018,0.26886499254102436,0.10963835315993993,0.025489341386968883,0.3581696580744502,0.062047796535847397,0.36226442999596126,0.09727572922399559,0.028035186088372237,0.014456129919357835,0.026330490484525716,0.01879560358363351,0.44733731307996927,0.0,0.0,0.16916552777554467,0.30531997641420666,0.3568874607881464,0.3889568585812455,0.39603542108530304,0.051660004921853006
73,0.0,0.3385941361703195,0.08414536821562459,0.0,0.03551810416726582,0.25236200895077077,0.06641714544544305,0.16271249766486082,0.28397804341949057,0.056347292260469195,0.2654425274606506,0.11929003852504126,0.10577931852392465,0.05964547177524248,0.022717962087073107,0.010575413318555462,0.24572965305278088,0.0,0.0,0.26517404936088107,0.6614058638296805,0.6427502169166373,0.7147213963119752,0.2967402962918516,0.7311647629591427
74,0.0,0.5286260020825754,0.35992649770975976,0.0,0.02122458370481148,0.3092056190949776,0.08526235487639164,0.022500363243871554,0.30589152571592004,0.04341153255864942,0.3263252501464758,0.08626857457347276,0.014431629584665208,0.03188524285555019,0.0036870135190495705,0.007989286044148888,0.031207518174833027,0.0,0.0,0.2878848782056435,0.4714774994040824,0.609340287378789,0.41827637823254177,0.8139403690451199,0.38656840464894326
75,0.0,0.566702003537869,0.4121694576523529,0.12524461839530335,0.07170918293980613,0.08273247140726006,0.14339523684649677,0.04098428710795607,0.3373218770447163,0.23700942775707082,0.3145787470775952,0.20115575123830487,0.11841795936126091,0.03307443606228399,0.5326431045398682,0.09407037960653919,0.10331579880607601,0.0,0.0,0.028097113915909643,0.433297996462131,0.4201127013034069,0.057574186533723135,0.06853964622358048,0.048143191506340416
76,0.0,0.45269041137136334,0.12632200173025462,0.11154598825831703,0.050237266687757035,0.9529152163102933,0.3872982573247193,0.015650621665940178,0.27140120126473666,0.06248629686472265,0.17245459251295528,0.1411667583929554,0.10237228902557552,0.012709502396967557,0.05307064913783472,0.017964348388288538,0.24428157692535019,0.030126849894291752,0.0,0.13061741297531956,0.547221769185412,0.587213201244609,0.03079481745995636,0.02728428099406175,0.03150153454774698
77,0.0,0.2272014452571228,0.12362602356633647,0.0,0.15808000920307153,0.14433117851815014,0.035938207738336475,0.016678082902629888,0.19222194796086678,0.08441131330848498,0.19757447510480838,0.12107870115575123,0.0857336341531023,0.09602735144375488,0.043015157722244984,0.01967303962316431,0.17713812873101248,0.0,0.0,0.1812444730283785,0.7727985547428773,0.7659747582134333,0.3003456986639224,0.22063623588887765,0.3309515590887858
78,0.0,0.5770239245254615,0.20173561977318907,0.0,0.04312214201489746,0.2609087518647439,0.013672014685197987,0.014675052410901465,0.34352801971547337,0.08528831396623547,0.5304527381013329,0.24050632911392406,0.02051937024340436,0.002898658441413653,0.010129976537186697,0.044518333795141765,0.2939299012944027,0.0,0.0,0.1538306937856741,0.4229133473008067,0.5330237702495257,0.12481788691046906,0.08979592058182279,0.12586066831314677
79,0.0,0.398794364500872,0.12393451858011816,0.0,0.5164821259095222,0.0888239681750373,0.03097956945669535,0.10776926749278702,0.22173246980186576,0.0,0.4731138756634073,0.2593560814529444,0.05651247899115436,0.3132409231112267,0.02066962124315668,0.11208090883901357,0.019652461729416634,0.0,0.0,0.12036739287724094,0.6013812743855775,0.3987261510883971,0.018223083935880343,0.017893171564852026,0.017421863619571265
80,0.0,0.17412400105383333,0.04831970813689131,0.0,0.055517528975295494,0.06433366484336152,0.3654492573962381,0.03262967806214583,0.2072397161786773,0.09515457136592853,0.004402805508626428,0.02655476059438635,1.0,0.0,0.005400171315779674,0.10552322896462547,0.005703646787635203,0.0,0.0,0.16267384838009488,0.825951272754645,0.07433963583431066,,,
81,0.0,0.2023830433200768,0.0,0.0,0.358494147421702,0.5075522128294381,0.06199489832407561,0.0627996761940345,0.3060678365872484,0.028721771541328656,0.013743124171629777,0.1263070996147496,0.03225274474647279,0.24359879594187817,0.0,0.13955851112958342,0.011614161593474791,0.0,0.0,0.005265696599405097,0.797206087141979,0.7195847913627451,,,
82,0.9999999999999999,0.47140536200429073,0.2834197342919033,1.0,0.04886255787869201,0.4022874191944306,0.22615443297494459,0.014457106087967285,0.402768472481791,0.0,0.054648259071542755,0.21106219042377544,0.06411952322639729,0.00691218551414025,0.013854232617034747,0.009282349681352175,0.07003960044919912,0.0,0.0,0.24190047431465553,0.5287389127952928,0.5963952109891717,0.01498052857975613,0.01532031239095526,0.015139066848612668
83,0.0,0.46651256445319855,0.1430209709545238,0.0,0.12043944666532455,0.7043137742416707,0.042410661072305525,0.032411731739211656,0.3394767876942848,0.23810567857925893,0.29003339078596335,0.2600440286186021,0.044828227467464794,0.073729978817496,0.20055118989981752,0.016070933776669436,0.45372066907027603,0.0,0.0,0.23735830854570306,0.5335627093552799,0.5167891888112333,0.3482374844455935,0.11082480669959496,0.37988223541612826
84,0.0,0.7560093590435208,0.22942640046676635,0.0,0.17863161830260849,0.2509634510193934,0.008594178367940497,0.020912468605351103,0.3632591652267945,0.09822407366805525,0.7980170310073551,0.46202531645569617,0.0008947399815437949,0.07209483815823702,0.03612528397452609,0.08040084972753302,0.6372717063656245,0.0,0.0,0.3194187635662031,0.24422273519928733,0.20678114779889206,0.12381165364272026,0.11638080015973297,0.13679498149664915
85,0.0,0.521032756652323,0.26377664961002206,0.0,0.46637140145523565,0.13656141223272006,0.19902496006865808,0.08722004275899288,0.5533105304606415,0.1925016443762333,0.0026394079534918114,0.3086130985140341,0.19451296320337963,0.05072652272473894,0.38862612193214413,0.13840399002493764,0.023051007742774396,0.9793868921775897,0.0,0.013726987699975882,0.4792746113989638,0.1527824127486596,2.9770577468261968e-05,0.0,6.262721290758823e-05
86,0.0,0.7973001794025769,0.698593665121956,0.0,0.031094877915504304,0.3993659870711089,0.1030467017903545,0.02234468729891857,0.3483706916479581,0.07914930936198203,0.43706092822971954,0.1543753439735828,0.019979017470236733,0.0,0.011954862016312242,0.055370832178812224,0.5923517938412436,0.0,0.0,0.17724495538226548,0.20276254877115502,0.2809396224855945,0.36024846284170514,0.3762580425487319,0.3454668415891523
87,0.0,0.2315986902357325,0.1433495852083347,0.0,0.0726007304938023,0.08422426653406266,0.041802751090662026,0.056323556883990274,0.1657322190486265,0.08550756413067309,0.2376263531232046,0.06906989543203082,0.09735121877620623,0.08082797577018841,0.031134780827529702,0.0483513438625658,0.21425616171168507,0.0,0.0,0.5850550687354289,0.7684013097642677,0.7152496368831385,0.4474131810723069,0.2814599725240416,0.32600710190665344
88,0.0,0.24908730507220014,0.03371984628900618,0.0,1.0,0.05703008453505719,0.028083057191217488,0.01164456068248334,0.32449036363137707,0.10085507564130673,0.1272490429301979,0.4746835443037974,0.025193070852880188,0.1495782080344866,0.14561841272205878,0.07924632862288722,0.04418109817365092,0.0,0.0,0.006933837125170835,0.7505520079288412,0.3622396603069569,0.04204474311999297,0.04607411529617426,0.013974815223094267
89,0.0,0.07541808327792343,0.026101360731267308,0.0,0.13622846625061114,0.06054201889607161,0.04205306696545641,0.011125640865973388,0.1997798073118077,0.07914930936198203,0.0037486418994635857,0.1864336818932306,0.05320369545156299,0.013415585863465754,0.0,0.13604876697146023,0.034694721910278385,0.0,0.0,0.07804083929576333,0.9245819167220766,1.0,0.0036856551271844417,0.008956242469333728,0.0038710803860675376
90,0.0,0.8558192926771131,0.6278410043524622,0.0,0.04550343677202266,0.5795002486325211,0.14549312227334493,0.030201133320879255,0.521382590672763,0.020609515457136594,0.29877074125269487,0.15478811227297742,0.027372025866757424,0.08714556468096175,0.0733678447730066,0.022443890274314215,0.10115846090194455,0.0,0.0,0.18566605032558886,0.1442528447226788,0.24656667842624996,0.6405488683118873,0.5649652060442116,0.5464259840126321
91,0.0,0.8604266770377249,0.43272461454889305,0.0,0.049058123148600835,0.4992851815017404,0.08120962166543495,0.02992091661996388,0.603598308982843,0.14426660819995615,0.401070552967343,0.09053384700055035,0.020217614798648413,0.005425694005722992,0.06130125507429891,0.0094670730580955,0.9999999999999999,0.0,0.0,0.02572554063831498,0.13968623367499283,0.18213369692693487,0.7830908170513228,0.5034546018278311,0.8475287212191226
92,0.0,0.44144952263859794,0.11529665819423113,0.0,0.5221190072186592,0.08782943809050224,0.08672849071447303,0.1308819561201403,0.4173474225309621,0.04670028502521377,0.2417276745336951,0.41001651073197576,0.05078263432503272,0.11865918465940761,0.09511750027931921,0.4169668421538746,0.056622731839943256,0.11257928118393233,0.0,0.04278880938982234,0.5585504773614021,0.3472001067897292,0.006585155333817455,0.005472591880969841,0.007276596353922936
93,0.0,0.4344835589456648,0.17437345333342275,0.0,0.6958845014523598,0.06753480855295872,0.0774548835435192,0.13900824044668617,0.5383241063977338,0.023240517430388075,0.012770411326700684,0.3497523390203632,0.19506033354502997,0.2794232412947341,0.019701314662396188,0.6202549182599058,0.009397718541284947,0.0,0.0,0.040437334190851354,0.5653502113939455,0.11009512549382305,0.013468114108878954,0.023595863192367283,0.006562088838435078
94,0.0,0.3812022481777466,0.09758502055515689,0.0,0.07491875413419227,0.8396320238687219,0.21962238062316733,0.014353322124665295,0.34862536290654345,0.15632536724402543,0.05978486549827359,0.045266923500275176,0.05916511987761361,0.024452785313463895,0.24520502029719565,0.0094670730580955,0.0,0.0,0.0,0.07498593134496342,0.6188824348567916,0.7061820447054861,0.06993909356276704,0.014098860246163424,0.06309391534855698
95,0.0,0.7753704098658872,0.32289368322927214,0.0,0.20237554283742198,1.0,1.0000000000000002,0.04454407704921435,0.1931544365692255,1.0,0.4103027924253543,0.0,0.045765072859904776,0.01925006503400349,0.4362221146326022,0.022998060404544194,0.508511141320409,0.0,0.0,1.0,0.22446649688240977,0.0,0.2957787009301305,0.0538296896869583,0.29763399268123664
96,0.0,0.39032292463837215,0.08002763042297348,0.0,0.6382617698656927,0.023216061660865248,0.04637995565833075,0.027129128007140336,0.18682683529822003,0.054593290944968204,0.542483660130719,0.43368189323059986,0.11622847799465963,0.2034635252146122,0.04632974563330975,0.05555555555555556,0.009811454577693716,0.0,0.0,0.26845003617654156,0.6096770753616281,0.2936590420071384,0.0038415844430354966,0.009001100445682468,0.003306996166594682
97,0.0,0.7642612502979589,0.44460167257948774,0.0,0.22362313422104624,0.41328940825459964,0.15376546594512122,0.023797662785146438,0.3819285274907828,0.03705327778995834,0.5205947769302094,0.06989543203082002,0.050308948452450715,0.029878479319186888,0.029943018881978326,0.007943105199963055,0.7915065902240085,0.0,0.0,0.2355494814695715,0.23573874970204117,0.14119763409897762,0.34188581018049174,0.2882432074521004,0.3368643865684241
98,0.0,0.3884097153395477,0.1155045570078666,0.0,0.19087170343102008,0.11676404773744405,0.0619233795027058,0.005417522884363906,0.18970266151055315,0.15084411313308485,0.4816976398914658,0.38827738029719316,0.015386018898311921,0.1253483964472853,0.0,0.003833010067424032,0.04882085229623501,0.0,0.0,0.0,0.6117000589644834,0.699275673236142,0.03466666426161091,0.049290288336415015,0.03802747033774163
99,0.0,0.2469984568869262,0.09588159156601456,0.0,0.12978056426332288,0.21056066633515663,0.12257134002431641,0.011706831060464537,0.229333427365798,0.21946941460206093,0.1515327337781646,0.07567418822234452,0.0527019393050502,0.09298004385149948,0.12856131987635472,0.005818786367414797,0.29127016963177493,0.0,0.0,0.05430500844119302,0.752923132895909,0.7958250301140679,0.004405743237480484,0.004263191644069821,0.004722163095988913
100,0.0,0.5882616768495402,0.2163690136877896,0.0,0.3146070000862788,0.6907943809050223,0.05348415858106659,0.05118625070054174,0.48219847902488333,0.010962508221881167,0.23694374761799122,0.3002201430930104,0.039333471345513495,0.08844624475082685,0.0941864362593572,0.005726424679043132,0.06008038300135942,0.0,0.0,0.14946941072433476,0.4116599129332949,0.3619091206692156,0.14478323525085235,0.6996318429388092,0.1282988381721422
101,0.0,1.0000000000000002,0.36812173481500354,0.0,0.10087141583503492,0.16627299850820487,0.0016806923021908601,0.00048778462751935614,0.7881566110699719,0.11510633632975224,0.5054068044392112,0.9241882223445238,0.0021719374453945456,0.0039020402095953028,0.0019366131615209863,0.01366952987900619,0.4838642945800579,0.0,0.0,0.015817187876838976,0.0,0.10387208116019414,0.005753222364979714,0.0003209126706188025,0.004769113096025895
102,0.0,0.8708960092335871,0.2590352153764645,0.0,0.15762560754651864,0.34143460964694183,0.03932343194984147,0.03440438383460987,0.543495891956698,0.2199079149309362,0.7029926563024399,0.10346725371491469,0.01823515170228667,0.029283882715819984,0.016014301143346617,0.005864967211600629,0.7545067675394527,0.0,0.0,0.1691253316182973,0.1291604461227716,0.11690614899074175,0.9999999999999999,0.7248385355739787,1.0
103,0.0,0.32632764179703677,0.23837946227977816,0.0,0.35449656322797735,0.3399117354549975,0.14488521229170145,0.06892293002885194,0.23871708373982778,0.016224512168384126,0.11670847625386101,0.31494221243808473,0.023400082105551244,0.05488869894830725,0.14848608990354178,0.038607185739355315,0.0588982800401915,0.0,0.0,0.3828282016239248,0.6735563110815592,0.571795434103427,0.1269037461793257,0.12571820371252243,0.13966737431227197
104,0.0,0.20614987015268035,0.07333462990657964,0.0,0.4497598573523914,0.1540589259075087,0.09912508641857581,0.015287377794383208,0.2339919523882287,0.08090331067748302,0.10817021905948339,0.1523115024766098,0.03963522679026944,0.2606562860009662,0.009161669956426205,0.38634894245866813,0.029079732844730775,0.0,0.0,0.16568856017364741,0.7940445871858888,0.6536103509758866,0.01356925941817099,0.0078040646243236825,0.009508880636606128
105,0.0,0.6595491098872148,0.19987794327715594,0.0,0.16268729688533548,0.26948657384385877,0.30117767659188976,0.02466944807688316,0.6749728677159123,0.08221881166410874,0.06277126458358222,0.21505228398458995,0.17738307853711766,0.2578319521349734,0.19786972552232693,0.02313660293710169,0.007388143507299486,0.0,1.0,0.05402363534046145,0.34045089011278523,0.24759961479419146,,,
106,0.0,0.3675588703910475,0.22070135670741928,0.0,0.33425555779241317,0.0664470412729985,0.07033876081722173,0.025167611100732713,0.2692110284409025,0.21026090769568076,0.24858785986108978,0.28591084204733075,0.02860360913547065,0.16039243375822215,0.1577594875423634,0.2674332686801515,0.17716768130504168,0.0,0.0,0.02409759626979661,0.6325665859564165,0.5705908713851202,0.1317231362352686,0.07873985778972312,0.1452265789056909
107,0.0,0.2247895469771293,0.2200642474398267,0.0,0.35521555319087744,0.11750994530084534,0.016556607147114214,0.05334495713722315,0.07055569268623324,0.017978513483885114,0.29784353544144665,0.21505228398458995,0.013631626777637818,0.2048756921476086,0.4259431678522215,0.0854807425879745,0.07293575270406052,0.9999999999999999,0.0,0.10087225661226787,0.775210453022871,0.6756579804663787,0.0870329606788587,0.03658697049452952,0.0987653111757292
108,0.0,0.7882171398461906,0.44411210440544285,0.0,0.016070863650743436,0.44154027846842364,0.08674041051803466,0.032193785416277466,0.38986643471992033,0.0,0.581096378208957,0.037149146945514584,0.010354422296218583,0.01148314690252332,0.04599456258612342,0.03348111203472799,0.01598794254979609,0.0,0.0,0.30106921778278,0.2118424519188548,0.34611313990408005,0.5587089581637716,0.44669959771917417,0.008414216384763173
109,0.0,0.5410775445683675,0.24369094164749747,0.0,0.23623709413016591,0.3064085032322228,0.0978735070446039,0.01918965481453806,0.4193260223092022,0.6250822188116641,0.27700700239480763,0.10388002201430929,0.11367057428271678,0.010888550299156415,0.023425570742244238,0.009744158123210493,0.4125834860216324,0.0,0.0,0.051390787040758903,0.4588565908492141,0.37815959343624567,,,
110,0.0,0.912952113312173,0.9354843036395705,0.0,0.01934370596186477,0.35837270014917955,0.07522588027749302,0.027772588579612675,0.5107059879089921,0.0,0.2341848837010871,0.08269124931205282,0.06873006571952885,0.02872644840016351,0.03199135972589476,0.025999815276623258,0.027927182457592056,0.0,0.0,0.26845003617654156,0.08704788668782698,0.16889304182279902,0.004439846850268865,0.0027034978091783042,0.004944341379926144
111,0.0,0.4069584363120853,0.15456270831796448,0.0,0.47430905064565293,0.2952511188463451,0.047679214246549216,0.010025530854972287,0.2625386414659661,0.24161368121026092,0.36032469268531314,0.15162355531095212,0.06517215849880176,0.17265598870266452,0.0029421623030799603,0.04156275976724855,0.12565754477214966,0.0,0.0,0.006330894766460327,0.5931638836266921,0.458951108738006,0.009145539051189311,0.01389932327254854,0.007085717195859371
112,0.0,0.18688918440828514,0.17645244146977754,0.0,0.6583187138707542,0.0,0.014053448399170382,0.021203063702596673,0.10684830604432846,0.021267265950449463,0.23557853660756442,0.2526141992294992,0.4686893638223292,0.5350626184547921,0.12956686901791367,0.016578923062713587,0.008570246468467404,0.0,0.0,0.0,0.8132613632086718,0.17911116620105078,0.0017964369059223458,0.0036786749179731587,0.001806412499244575
113,0.0,0.0,0.052417326689513176,0.0,0.3518679359236145,0.1608341621084038,0.06893222399694852,0.03175789277040911,0.06181459148771112,0.022144266608199955,0.01630289481618003,0.12506879471656576,0.15186719953403344,0.15760526217993978,0.1767531935495885,0.5771220097903389,0.011939239907795968,0.0,0.0,0.04666773856419326,1.0,0.8007481637569644,0.006460078410577642,0.004308803699813608,0.006040153645742001
114,0.0,0.458662133510645,0.4761620537720221,0.0,0.05237122889764459,0.20900671307807062,0.026187808424917157,0.038804823878614274,0.22077255505796703,0.09537382153036614,0.26563024397458435,0.20638414969730323,0.06854059137049603,0.050354899847634624,0.18196715206137576,0.030017548720790616,0.5046988592706424,0.0,0.0,0.23530830452608734,0.5414884141063117,0.5310659585490582,0.43694910953750205,0.7560483435167324,0.44532947245007903
115,0.0,0.696373684276556,0.43043772759890275,0.0,0.05575335768312674,0.3128107906514172,0.183219300545927,0.03821325528779293,0.38369555422342894,0.7112475334356502,0.4110650352395092,0.0744358833241607,0.057515991284179946,0.03389200639191348,0.01761573125768128,0.016117114620855272,0.49636503339440863,0.0,0.0,0.17863172280729964,0.3036796346711162,0.33401348220330096,0.11528328916855554,0.058264146725707955,0.03695855819669946
116,0.0,0.5832591049944172,0.1572653928952257,0.0,0.16011043685830145,0.43019641969169564,0.10866092926788566,0.07838802748199347,0.3177905505209006,0.07125630344222758,0.5382799478944466,0.2949917446340121,0.0369615331983621,0.06276710394291872,0.27097687236974416,0.012284104553431239,0.3244577102665642,0.0,0.0,0.12273896615483561,0.4166373935189252,0.3971115920886609,0.27526968226877735,0.1753019338505287,0.2987120230278219
117,0.0,0.6212065136935604,0.5998149029917309,0.0,0.18530384515832157,0.17475758329189456,0.007676353493694424,0.008863150465989995,0.10150020961403589,0.014909011181758386,0.6447550299493165,0.1968904788112273,0.03602117902168078,0.10130439629863613,0.08375851923578266,0.010021243188325483,0.00602872510195638,0.3239957716701902,0.0,0.03836723209261195,0.3789001242017839,0.44195056525456317,0.02408267888508169,0.029210320549382277,0.02554698206288476
118,0.0,0.6566855687563513,0.614320875052813,0.0,0.16362485979695723,0.26140601690701143,0.10060314206021885,0.055514041970234754,0.32121881746339587,0.2894102170576628,0.31571642291961755,0.2508255365987892,0.04783525556230022,0.05607789215504106,0.01404044542102715,0.02041193313013762,0.3066079555529287,0.0,0.0,0.08720556314816304,0.34291924374913757,0.35870860706147084,0.7323300751193984,0.6868660676927562,0.7493303630489055
119,0.0,0.4638811175651433,0.2585255279623904,0.0,0.2294958442380144,0.4674912978617603,0.018690251984647292,0.0373726051850468,0.36544933805062857,0.059636044727033544,0.2007429023248406,0.35195376995046784,0.06995112263551802,0.07889553680924596,0.00811887825406875,0.2506696222406946,0.1576334298717418,0.0,0.0,0.0032759868156604227,0.5360341994003186,0.5184482435314346,0.18220342818987542,0.20865575968718617,0.17285548103426657
120,0.0,0.4084231391687263,0.07238231921186228,0.0,0.2644215006758506,0.6410367976131278,0.23032636422151762,0.1661477468501567,0.23186838589356304,0.06621354966016225,0.3088846794882734,0.5946615299944964,0.08767750062280921,0.22408859489390165,0.02621876280213028,0.3098734644869308,0.1336662923340623,0.0,0.0,0.046466757777956426,0.5915768608312739,0.4669921210792119,0.3433386587221617,0.6889533428030191,0.36621247232659876
121,0.0,0.7760259192813861,0.4925994728759112,0.0,0.14287768542751142,0.30967180507210346,0.18917920232674565,0.07129958278846753,0.7044951436149997,0.06029379522034642,0.022213120815486043,0.3785085305448541,0.07624939034873807,0.0204392582407373,0.023909724032624483,0.09587143252978664,0.10568000472841184,0.0,0.22509225092250923,0.15477530348098723,0.22411835551819742,0.22162682710552162,0.04692472211935963,0.0546769374659027,0.04931010642225786
122,0.0,0.8696571278023812,0.827953672096626,0.0,0.036093296137585926,0.2039097463948284,0.055748921257777674,0.01747721942005521,0.48587749920660106,0.0,0.3232193950977548,0.010731975784259768,0.015182509412313727,0.01152030919023375,0.015902573460951176,0.04447215295095594,0.021780247059518885,0.0,0.0,0.08813007476485249,0.13034287219761892,0.2866732138941066,0.3870009995857348,0.5480926869673457,0.3752636087995245
123,0.0,0.6723644757806522,0.6419445916129594,0.0,0.06844784446809121,0.23038910989557432,0.1203065773476053,0.025447827801648084,0.36985319181447396,0.03025652269239202,0.24837170145110554,0.18959823885525592,0.012501798251923692,0.02560481623248727,0.01538117760977245,0.021335550013854253,0.40014185235534017,0.0,0.0,0.153710105313932,0.3276355242193479,0.41716009242396807,0.7138137598383464,0.7338181267159134,0.646783061663651
124,0.0,0.6745223249570312,0.4579742607855892,0.0,0.09008656639153317,0.4642279960218797,0.0804229146303669,0.027129128007140336,0.34754007154303357,0.1438281078710809,0.4183632257660825,0.17033571821684093,0.007722834115207423,0.010814225723735553,0.005437413876578154,0.03463563313937379,0.24543412731248893,0.0,0.0,0.02196719993568615,0.32536476433025135,0.4412672381188481,0.44638102755902165,0.5385309512592322,0.4793974904558611
125,0.0,0.7031106901353674,0.46089825700317205,0.0,0.0897932184866699,0.4765663848831427,0.021694042482179893,0.02653755941631899,0.27752506552887385,0.08024556018417014,0.5948338140013767,0.16799669785360483,0.017035147491745582,0.015125051098145601,0.1849093143644557,0.04502632308118592,0.2513741946923577,0.0,0.0,0.13660664040517725,0.2967607171084821,0.367315350705734,0.3711624150640755,0.5271854899233323,0.39639484917734324
126,0.0,0.7187958699770416,0.4811046804058721,0.0,0.03797992580023582,0.5912170561909498,0.11015090471309033,0.018317869522801334,0.3893414201252982,0.019951764963823723,0.379266995454985,0.20019262520638412,0.02520359720560423,0.020290609089895575,0.010167219097985179,0.059388565622979575,0.12364796973816419,0.0,0.0,0.02560495216657288,0.2812041300229586,0.42653597637912893,0.25584373419878836,0.27568729365955197,0.25621407061235546
127,0.0,0.1898938639300455,0.06774818759179402,0.0,0.22223692157257485,0.03281949278965689,0.0737835840465349,0.9999999999999999,0.16894891294552777,0.039903529927647445,0.20500349835321421,0.3252614199229499,0.12598289818560765,1.0,0.020297195635171877,0.993442320125612,0.01610615284591288,0.0,0.0,0.003657850309510411,0.8095353096889939,0.33544052352393394,0.012089238030034498,0.009035418640020635,0.010289157688214
128,0.0,0.6047968234452823,0.315925719765812,0.0,0.06151102930603089,0.1560169070114371,0.08489284096598088,0.033449571372231555,0.5269187520324725,0.31550098662574,0.20556095951580516,0.16964777105118325,0.09960736704339314,0.05726708536177486,0.07653346244087744,0.015609125334811121,0.0531355281044979,0.0,0.0,0.10428892997829409,0.3953662698064209,0.4465272679309808,0.007087177417365717,0.0,0.007374736193118494
129,0.0,0.8884567614698466,0.25395846047575293,0.0,0.039136061660579216,0.14510815514669317,0.18705747729277422,0.034954438840110416,0.860855460347685,0.35715851786888836,0.23525998737179815,0.323747936158503,0.08200730528879048,0.06726374075588093,0.15504078060407434,0.03883808996028447,0.2923931674448844,0.0,0.0,0.11156443444006754,0.11144914626955543,0.1493212813496188,0.09568150002176017,0.05333674381070362,0.053183193700373756
130,0.0,0.6099405336913022,0.0710075044765309,0.0,0.19191855281700265,0.21783316757831922,0.08315254964598183,0.07423666894991386,0.6512884406674737,0.4950668713001535,0.2317559457783694,0.1725371491469455,0.021519373752188604,0.10253075179308037,0.4811366429555697,0.07536713771127736,0.5078314321177374,0.0,0.0,0.09076292306455504,0.3899591012307268,0.331667922081637,0.10401451034451094,0.014575506566889097,0.039963097478925846
131,0.0,0.5226009609956216,0.3186753492364748,0.07045009784735813,0.033723505219867125,0.05118722028841373,0.2240207881374115,0.06137783589679722,0.483315114543296,0.14974786231089673,0.07345972911938202,0.09397358282883873,0.5895669809367752,0.0,0.042828944918252586,0.14856377574582064,0.085997990424966,0.0,0.0,0.012279926039070665,0.47739903900437847,0.10741266920292275,6.614920639672457e-05,0.0,0.00011062104289677737
132,0.0,0.07245731347777543,0.04009764537827524,0.0,0.11478530959707803,0.015353058180009947,0.16910625312894842,0.12080453328351702,0.12830729809466718,0.11773733830300372,0.04523399147880794,0.018436984039625758,0.7265429001505268,0.04987179010739901,0.01251350042828945,0.06557679874388103,0.021809799633548083,0.0,0.0,0.005386285071147199,0.927229045653565,0.38812027828894885,0.06178216150382963,0.04622517796927652,0.05583728831932574
133,0.0,0.3254714022255957,0.1757952129621557,0.0,0.24283454602973742,0.2622762307309796,0.047059384461344084,0.03991531228594557,0.23579424129514046,0.19140539355404518,0.24088010603138849,0.13346175013758943,0.019533401871585518,0.06666914415251403,0.17876429183270642,0.007712200979033897,0.3697027011052662,0.0,0.0,0.14325910442961654,0.6746038715828828,0.6503780547106666,0.10141184563863642,0.0984521581521767,0.11403902192546769
134,0.0,0.034055125519075635,0.05106263119421102,0.0,0.27302062063213595,0.06215813028344107,0.08290223377118744,0.004587251177947983,0.09112529434120462,0.014909011181758386,0.04588246670876068,0.16813428728673638,0.13474082365201281,0.045412315582147235,0.06320062567502141,0.01934977371386349,0.060198593297476205,0.0,0.0,0.07777956427365544,0.966158150271613,0.8925905090628248,0.01631772033584997,0.02174052057501495,0.015388111151169033
135,0.0,0.8787338945413945,0.27118052994078234,0.0,0.06502545224468667,0.45422053704624565,0.0384056070755954,0.056115988957386294,0.6751687686840548,0.0131550098662574,0.48814826191573235,0.2951293340671436,0.03727030621160075,0.028800772975584376,0.031060295705932744,0.02179735845571257,0.4437614516224363,0.0,0.0,0.18801752552455986,0.12126610545860567,0.16371882518584907,0.561170239939253,0.3187546170925366,0.0
136,0.0,0.030576848285639002,0.009496281293801262,0.0,0.1274337810244169,0.07468299353555445,0.1423582139366343,0.02321647259065529,0.04447343778772953,0.0817803113352335,0.11500196249082752,0.10264171711612548,0.16814094084540646,0.17317626073061057,0.10759375814681017,0.20088667220836798,0.022046220225781666,0.0,0.0,0.01123482595063912,0.969275740506091,0.924652853923728,0.004513348085939114,0.005340880744015754,0.0034003108585044313
137,0.0,0.6421734057634646,0.9999999999999999,0.0,0.05806562940381353,0.32953132769766286,0.025711016282451666,0.010513315482491644,0.1936872872025733,0.020828765621574215,0.17587330841823237,0.1170886075949367,0.024722893764539525,0.00821286558400535,0.022308293918289823,0.013207721437147872,0.22622495419351024,0.0,0.0,0.08547712838652625,0.35782659423653546,0.48285802369079295,0.46045159307863787,0.5070072080146643,0.4824653141690445
138,0.0,0.6774046845400143,0.6689379053188563,0.0,0.148761899283886,0.3327635504724018,0.04194578873340168,0.043931751665732606,0.3010527718027982,0.1363736022802017,0.3548183416099251,0.15410016510731975,0.02832992396464549,0.015422349399829054,0.06644072846448923,0.019165050337120165,0.7125125598439624,0.0,0.0,0.318594742342632,0.3227239082161362,0.2832947174045011,0.7912834670560596,0.9262620064789987,0.8089643750897899
139,0.0,0.2711958499040259,0.23112982945590865,0.0,0.12018061027868052,0.07343983092988562,0.30194054401983456,0.05518193328766838,0.22085875148394982,0.2150844113133085,0.03284470155918474,0.06741882223445239,0.5791108038975575,0.19320673380653314,0.07306990428661876,1.0,0.2899107512264318,0.0,0.0,0.06308786879974275,0.7288041500959741,0.21602990112415266,0.00019851250623879516,0.0,0.00015471474531017826
140,0.0,0.46281160220301354,0.05552910248070229,0.0,0.3129044318541313,0.323284435604177,0.026283166853410256,0.004992008634825747,0.5188554681837237,0.0,0.16653867813443915,0.4533571821684095,0.03928434836613462,0.01586829685235423,0.03862053554802428,0.01962685877897848,0.08295407529995863,0.0,0.0,0.018389741940670473,0.5371883977969865,0.5349911167472359,0.23743322543948323,0.41766594637721766,0.24868715392097945
141,0.0,0.45500194457338583,0.163495650890947,0.0,0.005015673981191224,0.37111511685728493,0.1268267098958209,0.03504784440708221,0.32798131888367793,0.0,0.2947831874264066,0.12892129884424877,0.03464222681483093,0.03608458136682894,0.004990503146996388,0.015932391244111943,0.1464330043146758,0.0,0.0,0.27385641932631244,0.5449478728876287,0.6590865028588502,0.5933767328478203,0.6949739835469082,0.03492127626040897
142,0.0,0.16047748685844762,0.0196699103352536,0.0,0.09922636679991947,0.34503978120338136,0.26929220206451004,0.05623015131701848,0.04391707903820461,0.021925016443762334,0.23070359562449871,0.13745184369840396,0.951764743034186,0.14099371957337695,0.5317865256415031,0.03579015424401957,0.03540398368697913,0.0,0.12300123001230014,0.08429134174772893,0.8393656927072226,0.055463915559835625,0.03000539153467947,0.008628896557605105,0.03156408606044982
143,0.0,0.4746295901341129,0.11286893656403617,0.0,0.2708578988237324,0.05491670810542018,0.004922878870956207,0.037237686032754215,0.24185149923010915,0.016005262003946502,0.6045381889338272,0.36337369290038524,0.12850922283937838,0.1526626779144524,0.043722766377416115,0.021381730858040085,0.017347360955139193,0.0,0.0,0.0,0.5253704098658871,0.4470707513738054,0.006463405784974034,0.022519255704509293,0.0054981299662303935
144,0.0,0.3091526678292288,0.050881558033947866,0.0,0.12473037876391244,0.28036424664346093,0.0899468376761151,0.02036241359985055,0.3813369065669922,0.3413725060293795,0.08582626552216478,0.04457897633461749,0.10701441057687922,0.024118324724070012,0.021749655506312617,0.04521104645792925,0.2607423606596134,0.0,0.0,0.03129270841707533,0.6909476972487425,0.6977564622088313,0.13734203931907848,0.14262313863798912,0.14580036298494262
145,0.0,0.7336969476470663,0.6497575631576477,0.0,0.05506312731874262,0.409031576330184,0.10255798984432736,0.033034435519023596,0.3111690977976813,0.10545932909449682,0.42177625329214946,0.010181618051733626,0.031154495278930806,0.01100003716228771,0.04137648504711185,0.016486561374341922,0.0689461552101188,0.0,0.0,0.19503175496422542,0.26618700523152977,0.37211453198447736,0.544458549784372,0.6296177793332237,0.0
146,0.0,0.7241089462921377,0.4160055260845947,0.0,0.007667308964366862,0.2710094480358031,0.04617731899778292,0.031197459368578363,0.43821087563814737,0.0,0.4665893047094091,0.09672537149146945,0.016301811585303805,0.00995949310639563,0.031134780827529702,0.011268125981342938,0.051421478810804416,0.0,0.0,0.3973792105474717,0.2759412362468479,0.3952141674373962,0.5918495665266834,0.6000064506621313,0.4069173410240498
147,0.0,0.4486162164874732,0.17899417212680485,0.0,0.00989905380920883,0.442503729487817,0.053555677402436414,0.026807397720904163,0.4848784042690739,0.042534531900898925,0.06509781168051788,0.09631260319207485,0.09669156733883277,0.018804117581478316,0.03910468883840453,0.0032326590930082206,0.1425320645428217,0.0,0.0,0.12350269314253559,0.5513837835125268,0.6307808681115064,0.00034609034156218296,0.00020557575971088846,0.000394974752909713
148,0.0,0.2403900437842653,0.0005767515475048788,0.0,0.5299071064967933,0.16039905519641973,0.0,0.033138219482325586,0.24498983273975336,0.07629905722429291,0.25609083203922706,0.2992570170610897,0.04231593795065948,0.042030547400497976,0.006480205578935608,0.0304331763184631,0.33418050712217034,0.0,0.0,0.08390947825387893,0.759609956215735,0.565756729183154,0.013530844581457157,0.005147569929763498,0.01550735968829784
149,0.0,0.45646037461265354,0.10997176599982561,0.0,0.08899370164792497,0.8820549477871705,0.21229170143276038,0.04864354359964298,0.4214221626683279,0.01710151282613462,0.07313549150440565,0.12850853054485414,0.15974091137161883,0.03760823516295663,0.6552456146884661,0.0266463470952249,0.036822507240380636,0.0,0.0,0.05319961411689043,0.5431726655710145,0.48559768876514847,0.003345047105284002,0.0006403373567648758,0.002816818031017529
150,0.0,0.4039882572858775,0.1346848991690754,0.0,0.530672111817319,0.057993535554450526,0.09200896369227834,0.13112065923573488,0.5346685943321932,0.24380618285463712,0.0,0.12231700605393506,0.1218004273699206,0.103273997547289,0.05381550035380433,0.07642929712755149,0.05913470063242508,0.0,0.0,0.002230886727228877,0.5961842451918855,0.349911167472357,0.0005532607908035736,0.0,0.0005119790300988868
151,0.0,0.009035993426087408,0.034128937502934054,0.0,0.45546576169796665,0.04295126802585778,0.06596419291010083,0.0026049774788799627,0.09727658474088177,0.17605788204341152,0.0208251562882188,0.0981012658227848,0.1016424619033751,0.3314132818016277,0.08305091058061154,0.2743142144638404,0.050062060405461316,0.0,0.0,0.0,0.9908228681830158,0.8164360834866848,0.0062787549656756515,0.005146056974877755,0.006059505127876383
152,0.0,0.5748190292187835,0.3568482539852861,0.0,0.08757872940093755,0.17419816011934364,0.09109113881803227,0.02939161840712373,0.4106045112074943,0.2218811664108748,0.28157477090052735,0.11598789212988442,0.1100109123189906,0.12746664684677989,0.1633458716621355,0.033204026969613,0.12961758969206216,0.0,0.0,0.11978454859715411,0.42526879022444136,0.42849378807959654,0.05339361637450919,0.053180902338649104,0.0586234964365318
153,0.0,0.24371150058337207,0.17625124906948514,0.0,0.13019470248195336,0.2696108901044257,0.0585381552912008,0.03834817444008551,0.12248512132146955,0.022363516772637582,0.2502033595567615,0.12589433131535496,0.04717560412492676,0.07558809320301757,0.12688540464042308,0.013069178904590376,0.08865772208759383,0.0,0.0,0.4680641530669668,0.7562884994166279,0.7373671882200759,0.17456993906952514,0.32468239636736834,0.16076596335919052
154,0.0,0.27156280972035785,0.19535782068392002,0.0,0.06051019527767393,0.2383764296369965,0.014947433666293182,0.03029453888785105,0.11524462153891962,0.017320762990572246,0.32313975778881326,0.09273527793065492,0.05899318944978755,0.14151399160132297,0.1388775092175338,0.018102890920846035,0.026951947514628524,0.0,0.0,0.5660020902001769,0.7282521421671331,0.7266246499934845,0.28966745172368114,0.171860151800102,0.31870477697277194
155,0.0,0.8678568292162743,0.4331940634829087,0.0,0.11521095165511488,0.3257086026852313,0.013111783917801037,0.02798015650621666,0.6492275624826138,0.0760798070598553,0.4131583587888303,0.07168409466152999,0.011571970427966413,0.015050726522724739,0.0021600685263118693,0.018333795141775192,0.32002482416218453,0.0,0.0,0.03957311681003296,0.13205221493181446,0.2163159450414287,,,
156,0.0,0.22882296854809372,0.06280556095794407,0.0,0.14133041902735038,0.05156016907011436,0.10067466088158866,0.0704796894783818,0.20353718788078248,0.02455601841701381,0.21848495708117885,0.18478260869565216,0.2279271155337387,0.3868965773533018,0.01251350042828945,0.25792001477787013,0.029788994621431527,0.0,0.0,0.0,0.7713526703383558,0.6387773847322471,0.008334643701970063,0.0038553825660298823,0.003470193796650399
157,0.0,0.6866163168525512,0.3666932687729275,0.0,0.12038192746829252,0.7428207359522626,0.059432140558323604,0.028135832451169646,0.34199999216396126,0.01381276035957027,0.484257410536016,0.16455696202531644,0.001287723816574795,0.023375078969861383,0.014077687981825631,0.09891936824605153,0.14693539807317216,0.0,0.0,0.1581115845325187,0.31338368314744885,0.3975660840905551,0.29550772049833884,0.31929318618612884,0.2935199020593729
158,0.0,0.5151708088170721,0.26674088430766335,0.0,0.11797187311265134,0.33649303828940824,0.09457172145803036,0.06634908773896257,0.3351826384725993,0.22056566542424905,0.3232193950977548,0.230737479361585,0.11017582517833396,0.39481214463562375,0.4206547242188373,0.002031957144176595,0.04296944263845381,0.0,0.0,0.7686711150414022,0.48482919118292794,0.31684449063524,0.31775263268925336,0.05041056259757154,0.34062072219681505
159,0.0,0.6537875271299352,0.2840367243194667,0.0,0.02743665698426849,0.31694430631526604,0.059622857415309795,0.03991531228594557,0.4573425641869522,0.17101512826134618,0.40814689670472193,0.10250412768299394,0.03868083747662273,0.023709539559255265,0.04752150757886112,0.03357347372309965,0.43270878893551623,0.0,0.0,0.1410885119382587,0.346102698566034,0.425754123005241,0.5638196046055997,0.9018073824418689,0.001677104614018739
160,0.0,0.08068411346272064,0.1018033545479542,0.0,0.1853958758735728,0.005096966683242166,0.05225641881421794,0.024129771467712807,0.08258793014955079,0.0,0.1322206863598355,0.0,0.2911869866210057,0.38028169014084506,0.04848981415962162,0.3250669622240695,0.008245168154146226,0.0,0.0,0.07291582924672402,0.9193158865372795,0.7025747130820597,5.1939889687808714e-05,0.0001895933405175085,3.388966225283224e-05
161,0.0,0.5076685192387309,0.21964174339921264,0.0,0.016801357453049948,0.3704624564893088,0.04425823062435931,0.042063640326296774,0.3334430378754932,0.0,0.3787322878092345,0.012383048981838193,0.059031786076442376,0.016685867181983723,0.0322893002122826,0.01634801884178443,0.11753058691412022,0.0,0.0,0.1893239006350993,0.4923785268915681,0.5929626839818585,0.7839833073101493,0.7555667546698012,0.0
162,0.0,0.6426093665709017,0.23169987459007046,0.0,0.09082281211354287,0.3799104922923918,0.03703482966600711,0.014571268447599475,0.4457922431052654,0.09997807498355624,0.4483808028578417,0.10030269675288939,0.05083175730441159,0.02709130774090453,0.01188037689471528,0.04054678119516024,0.22353566995685323,0.0,0.0,0.027474073478575448,0.3573184960293066,0.4426370706560259,0.12190664729655806,0.07346369027780383,0.12051772583393171
163,0.0,0.6577707661619141,0.16512530933331543,0.0,0.09927813407724828,0.3126243162605669,0.009392805206570196,0.05663490877389624,0.3704996650093444,0.0263100197325148,0.6613935391388932,0.23981838194826638,0.009564945841915235,0.0,0.00670366094372649,0.035928696776577076,0.049736982091140136,0.0,0.0,0.15584050164804245,0.3421351415774881,0.4291930065440492,0.02219374877783233,0.009799889225358618,0.025083468760084552
164,0.0,0.3104950507470925,0.12922587870780827,0.0,0.18027091541802076,0.09103058180009944,0.16889169666483894,0.027803723768603277,0.3536913619427107,0.05568954176715633,0.05526829240544492,0.13291139240506328,0.8110168807609851,0.0,0.039775054932777186,0.20568948000369444,0.0646314794018559,0.0,0.0,0.007154915990031353,0.689586495878759,0.04862746593693684,0.0,0.0,3.446138407998423e-05
165,0.0,0.3546619578717586,0.1502974294317656,0.0,0.08939058410744585,0.1856974142217802,0.0659522731065392,0.09617659879195466,0.2424783823281654,0.016882262661696998,0.30397560822994707,0.2864611997798569,0.0012736886796094024,0.04299676688096919,0.0,0.054816662048582245,0.025060582776759856,0.0,0.0,0.0030951041080472708,0.6457018655358868,0.7807791200653453,0.043454884821327755,0.023119312842491236,0.04694742385728166
166,0.0,0.885414445043847,0.25468275311680555,0.0,0.1567225561531161,0.22560293386374936,0.13163039073116073,0.0384623367997177,1.0,0.014032010524007894,0.03265698504525106,0.46477710511832687,0.14824964298120344,0.02842915009848006,0.23496331607761353,0.0266463470952249,0.024499083870205093,0.20190274841437628,0.0,0.23567006994131365,0.11468592003412409,0.021173606409926382,0.00016830408703295458,0.00019619038763651415,0.00016879054035741787
167,0.0,0.23591752499717725,0.13324972671365626,0.0,0.6060395156883611,0.15334410740924914,0.04378143848189382,0.022739066359466136,0.2779795557749646,0.056128042096031575,0.06646302269094469,0.33516785910842045,0.024298330871336392,0.18584860083986768,0.038210867379240995,0.017964348388288538,0.10987647024055795,0.0,0.0,0.01545542246161267,0.7638817448468807,0.5935824458026233,0.0006552564295823584,0.011120017834424973,0.0005296280066270978
168,0.8022540983606555,0.14371965524595717,0.10630335790116086,0.0,0.7668286790716401,0.17671556439582298,0.11795837604596275,0.010067044440293084,0.15652095552656217,0.04911203683402762,0.06244133858939573,0.24628508530544851,0.34482577131849584,0.029098071277267826,0.05835909277121896,0.08728179551122194,0.01982977717359182,0.0,0.0,0.0022509848058525606,0.8561047058675935,0.3283116734522641,0.0320738867143202,0.02461202406200698,0.03213810868753741
169,0.0,0.16815541532323827,0.1963704890987251,0.0,0.5062494607575279,0.09640726006961711,0.02718907192409469,0.0025011935155779728,0.14345044293208895,0.03836877877658409,0.10956387196596075,0.18093010456796918,0.0660423369906561,0.04236500798989186,0.019589586980000746,0.03477417567193128,0.031089307878716235,0.0,0.0,0.08634134576734465,0.8319825866589721,0.6987321897933174,0.02226398298874749,0.04775015580669847,0.02112465222727057
