,Alcoholic Beverages,Animal fats,Animal Products,"Aquatic Products, Other",Cereals - Excluding Beer,Eggs,"Fish, Seafood",Fruits - Excluding Wine,Meat,Milk - Excluding Butter,Miscellaneous,Offals,Oilcrops,Pulses,Spices,Starchy Roots,Stimulants,Sugar & Sweeteners,Sugar Crops,Treenuts,Vegetable Oils,Vegetables,Confirmed,Deaths,Recovered
0,9.108297659167501e-05,0.1448815410731419,0.3059958484773774,0.0,0.8108252440054387,0.1112373661862329,9.130648161886391e-05,0.25156089083419153,0.10826721269516251,0.3609430369066846,0.0198722498225692,0.16783616187989556,0.004948012986479268,0.08476376370629772,0.08662843344400845,0.00742050515662223,0.23754009858383537,0.10495443035269733,0.0,0.10173074382349055,0.20984320970110368,0.32030364646875426,0.013626460267069571,0.03335951842076515,0.013647751816696259
1,0.10877259183115817,0.0994169311388294,0.6771793505491621,0.0,0.09015229272320294,0.3334728784163627,0.020361345401006654,0.3286184775145898,0.19561044279498335,0.7533206373695248,0.03065458317410056,0.189621409921671,0.07626679817531748,0.06831620644124231,0.0012073649260488984,0.04180045277658583,0.07925827400046945,0.1250200335495176,0.0,0.2001585414189457,0.11112690066789824,0.59201843567846,0.28507123039726456,0.27477757305909156,0.1983032261230991
2,0.017637567824287926,0.02007528230865746,0.31392112107017023,0.0,0.38935579534221354,0.3012977692721727,0.023671205359690473,0.30684110024030203,0.09911696954184798,0.36268350890726314,0.0456133646339466,0.07098563968668407,0.02790449184235401,0.1372926115161605,0.08406278297615455,0.12778361422251158,0.1700962366012049,0.1568065987840971,0.0,0.1521997621878716,0.4450286580455686,0.5851375898061543,0.023500018689654754,0.03536770968086154,0.018537011336468838
3,0.377909775805759,0.04059340172706472,0.12680038493045007,0.0,0.2161526487420037,0.02081215238323067,0.1981921316639465,0.2864797888774459,0.217699001791656,0.03542656027770412,0.03180105912540263,0.12646866840731072,0.033600460280277814,0.18677880475343014,0.0013582855418050105,0.6447849311217317,0.03646037086299976,0.15844133642473263,0.0,0.008059188796406396,0.26280138316517454,0.07846550088111698,0.0058970607307965986,0.007876653585667196,0.006284126952579672
4,0.23267796963033321,0.005683076241789061,0.5933893762377026,0.0,0.09826876389514866,0.12170324741343222,0.46962347489642425,0.5409747253690355,0.682467366265677,0.3022925053636429,0.19487361467489214,0.1810541775456919,0.01704680886039535,0.05281589069406969,0.23000301841231513,0.0285796724028232,0.11908301384868165,0.37484640945369846,0.0,0.03342581582771833,0.3404386338875468,0.24901721567032667,0.02820610957030572,0.03852098164106385,0.021108301042548308
5,0.2776209126514254,0.16414495534725806,0.7001240684921702,0.0,0.18970499676174382,0.5825010465881229,0.04965931269045962,0.28878625986955025,0.8556565139493216,0.48870621700455597,0.0,0.308338772845953,0.00014794723215386509,0.015155864286124346,0.0184123151222457,0.0873888403888552,0.339253579532118,0.28709412028677356,0.0,0.02642356982428326,0.4086021505376344,0.1894157516605666,0.4185129520925886,0.5836594688387794,0.43199641812949363
6,0.026114790574213106,0.13454867517897998,0.4702235618791605,0.0,0.14758873011123688,0.33155911727767484,0.029149594256822307,0.29175785272914523,0.24462503199385718,0.47462333968131515,0.06428454441229457,0.24804177545691905,0.006583651830846998,0.041362879614214365,0.008300633866586176,0.05017164079724191,0.14247711446678663,0.24481531738484721,0.0,0.14638657682652925,0.179527260669793,0.8591514165649992,0.5458276639746579,0.5681193219295783,0.5971777456812937
7,0.3606625635954354,0.2312347774743523,0.7825222488209518,0.001964987495534119,0.07940355488560052,0.25052329406136004,0.15889610463722792,0.18927544627531756,0.8125031993857179,0.5788154183641492,0.14448326691052027,0.34595300261096606,0.02955656926807217,0.01567254147769677,0.06912164201629943,0.0780077830223577,0.22580392770518737,0.2318335772974475,0.0,0.4196062888096182,0.5628819099047889,0.23226785956350818,0.010733569749789746,0.019034635876530745,0.011204708103616293
8,0.45681365724174716,0.6306738504686692,0.7088724878118613,0.0006549958318447064,0.10643447170976134,0.4572094970396508,0.08240409966102469,0.21172867318915212,0.5534937292039929,0.592112431598486,0.00013648523229786537,0.0858355091383812,0.021246866395430077,0.013089155519834663,0.07455478418351946,0.08786233224331563,0.3179719896721696,0.23963330590963003,0.0,0.31272294887039237,0.3407702145800767,0.23059780398535987,0.45539216039279806,0.4836340791273645,0.49744845934727533
9,0.23401168464471134,0.1870248726843309,0.39377828324200514,0.0,0.366941760626593,0.32019616051671557,0.019151534519556708,0.2220219704771713,0.229754287176862,0.39654316225923864,0.003958071736638096,0.12516318537859009,0.0003863066617350925,0.009960388081979448,0.006640507093268941,0.1488724975215661,0.04264142085908771,0.12668682486938126,0.0,0.25181662042541947,0.06252664487707829,0.4998508878948082,0.21956661329318808,0.168382573489194,0.24619529512368313
10,0.1312570751955031,0.0038379216178315734,0.3870260941488981,0.0005359056806002144,0.012240986853816388,0.359488068895401,0.2716596094365249,0.6765040336422933,0.712938315843358,0.10025311573415616,0.8002402140088442,0.26256527415143605,0.05667200920560556,0.014466961364027786,0.13341382432840326,0.013875530828758711,0.11845708473515373,0.6248864765527337,0.0,0.06539833531510107,0.1987115721661693,0.37456418598346214,0.20181345788114663,0.24151577293532317,0.1919401759575377
11,0.00020168373388156609,0.010775703003911726,0.13733030054796916,0.0,1.0,0.16255008671730162,0.2839517445244644,0.11832196189495367,0.008075249552085995,0.08589060579032375,0.005377518152535895,0.05164817232375979,0.005934327867505035,0.2027957976921752,0.4821913673407788,0.17231404347247087,0.038103434786010484,0.060036541194320094,0.06356553769925352,0.12339807107940283,0.3173700914215338,0.15092856174596717,0.030398058142468598,0.026010492700412457,0.03145438402753851
12,0.231936293963801,0.16252121927817548,0.42781758750407595,0.0,0.17669137336146132,0.45170743376592315,0.3698825570380177,0.27960328698935805,0.7028026618889173,0.101622351324639,0.9013484740951028,0.13903394255874674,0.0709817942711544,0.1834491072966301,0.23619076365831573,0.12583046032286227,0.13136687270166653,0.4239419614714775,0.0,0.11256440745144669,0.367675619345365,0.25026433509556734,0.056078678831368814,0.033823300953129326,0.051995744553223935
13,0.24438213212236345,0.24673407631559519,0.43622004660521563,0.0,0.10907810067757193,0.438131690688356,0.09164888092493467,0.1559228029522829,0.4905682109035065,0.2947761733722247,0.1374406289239504,0.30964425587467365,0.005112398799983562,0.0002870428842069005,0.010111681255659524,0.3140397733157747,0.08606525311008528,0.3898689004519569,0.0,0.18483287092086143,0.3736914404812657,0.4299254439474041,0.26331802553699457,0.10199123267141255,0.2890200412605818
14,0.34956345230504987,0.6309690752085023,0.6358033037212596,0.0005954507562224604,0.12381121913714674,0.37366186232880816,0.1253523859524978,0.18788083590799864,0.36869721013565393,0.5562808861461321,0.0,0.17828002610966057,0.007126125015411171,0.03249325449222114,0.06172653184424992,0.13820413417575428,0.18926531570299662,0.35096641842872867,0.0,0.17294226449993394,0.22381696745772342,0.3231177985631015,0.6039660269578742,1.0,0.0
15,0.21991984698059933,0.06066868403572218,0.27623134001924654,0.0,0.2904431676583431,0.22032175109144192,0.11393907575013981,0.6409736525918298,0.40094701817251077,0.17045054600679796,0.48187476115084343,0.046426240208877284,0.03157851477417499,0.32318158332854924,0.029429520072441897,0.014123374221327846,0.0631405993271262,0.38605451262380736,0.0,0.04492006870128155,0.43972336696508935,0.21228683746780533,0.27599075653845917,0.3938517550126934,0.30305941561148136
16,0.38397329967600485,0.00900435456491254,0.07998043535315777,0.0,0.23563899693596582,0.028227976795646197,0.136103724163119,0.12297781496738758,0.13497568466854365,0.04095653641250633,0.03958071736638095,0.06764033942558748,0.05367196810915218,0.2114644927952236,0.6732568668880169,0.7064461476998654,0.0,0.03172245787612322,0.0,0.5321706962610648,0.30628582255696085,0.1810708960281957,0.003269826803696221,0.002429450066640767,0.003228296959957552
17,0.18838561929918154,0.06487563657834526,0.3992778577507019,0.0,0.33732781377944254,0.38197476227498356,0.02242715454763345,0.36738328184002744,0.7747376503711286,0.20205867463780344,0.04534039416935087,0.0820822454308094,0.010487814901573996,0.10488546988920144,0.06368849984907939,0.26086071941168637,0.15969016508880368,0.23568001880482517,0.0,0.9359228431761132,0.1259059258206622,0.12825809949844108,0.1875629459251705,0.49849786110281663,0.15914101274776316
18,0.31147775623593094,0.042438556351022214,0.4252049913708773,0.0,0.2012566706182228,0.13976436815979906,0.02423045755960601,0.21355239443872298,0.18690811364218068,0.47479690475616515,0.13266364579352513,0.08885443864229765,0.007109686434060741,0.07801825592743555,0.5919106549954724,0.12465782815205007,0.27087082387919564,0.1359610227260586,0.0,0.1086008719778042,0.15584292548908152,0.5846495865527992,0.3614348333756731,0.7848605982033345,0.3274733512489549
19,0.2779136793618987,0.25035057937855193,0.5054001606527913,0.0,0.30415367892406575,0.06955325638418755,0.03662531243936679,0.11730282354960522,0.24673662656769893,0.5267410746570884,0.43926407162744985,0.24934725848563968,0.015789257387087495,0.07833400310006314,0.24539692121943857,0.15099211340129914,0.10124403411313669,0.472161379590354,0.0002933794047657855,0.019817677368212445,0.43342333380702003,0.17344720075911615,0.09743192113928245,0.03793909370086662,0.09345258065004398
20,0.28384708469415637,0.20614067458853047,0.6206566086354852,0.0,0.1904246092314917,0.28724358590993365,0.06342376479450335,0.2914735667696533,0.783516764781162,0.4457392184750379,0.00016378227875743842,0.12336814621409922,0.057493938273127036,0.2656294850450657,0.010715363718683974,0.10048015033366381,0.23331507706752208,0.25738035964228095,0.3295954623985397,0.06777645659928656,0.5640661266638245,0.1328453300799783,0.42850707969103313,0.5856887091925249,0.44021296508629953
21,0.4608408259924791,0.18289172632666614,0.6167317496043329,0.006133142789091342,0.20730899023220753,0.3399916272950183,0.051394135841218026,0.17816683831101957,0.46727668287688756,0.5545838054142661,0.0615275427198777,0.2495104438642298,0.027551062343319773,0.043400884092083356,0.9127678840929672,0.04357604723081248,0.21719740239417884,0.2132744970243501,0.0,0.10529792574976879,0.2922646961299797,0.2899118883014776,0.31004793598159286,0.7248973640593709,0.3085172498667724
22,0.9999999999999999,0.016311166875784187,0.11619491478244273,0.0,0.6741291742257538,0.12959751211051973,0.07686864421288106,0.0,0.10838239058100846,0.10718607622399537,0.037478844788993826,0.13577023498694515,0.1525993506760367,0.4102990986853436,0.04844551765771204,0.010827427015669626,0.013222752523276742,0.08142702979923713,0.0,0.09406790857444841,0.4068021410639004,0.03506032262437305,0.005130576748233696,0.0034571765564097544,0.00531328168532577
23,0.2590269735729249,0.02605358329027972,0.3187924000095438,0.001726807193045135,0.43156674784400306,0.26092937025297536,0.11705490943538356,0.21351484723652595,0.34764525211159447,0.23734541860521174,0.30545394988262264,0.08567232375979113,0.0435293634159372,0.3269418451116597,0.41216420162994266,0.11701907284376248,0.1274548157421172,0.1894372442383512,0.0,0.03408640507332541,0.40528634361233484,0.31323302155347704,0.24846726357007168,0.1309436246431852,0.2722550991006297
24,0.29786085123547545,0.02708686987969591,0.1726182428402141,0.0,0.813889278152944,0.06405119311045991,0.4796671878744993,0.08897614143494678,0.11117225492705399,0.011194947327821034,0.13247256646830813,0.09880874673629243,0.06412690584802533,0.14073712612664332,0.11832176275279203,0.08775505674503944,0.0952977075346217,0.2805444851644888,0.27274505329725857,0.031444048090897084,0.07560039789683104,0.11658939948488545,0.00026394692940295573,0.0,0.0003240753273222925
25,0.33544559093334025,0.010037641154328732,0.0474760810262691,0.0,0.26170411807704397,0.0010166856049279357,0.14682082244313316,0.35162954857535184,0.06654722293319681,0.02567798857363257,0.019571982311513893,0.05491187989556136,0.0703571281798381,0.4229289855904472,0.4271053425897977,0.3961314235828537,0.015022298724669432,0.030055666556259554,0.0,0.17492403223675518,0.2597224195916821,0.43388911481632103,0.011310643078866053,0.009610693817959653,0.012269461562891352
26,0.31515360493409494,0.59591113735331,0.5685438653697799,0.003572704537334762,0.11446383189852707,0.44429160935350764,0.13474554024903845,0.23652591829728806,0.5265804965446634,0.41767953137429786,0.1657203690560681,0.007914490861618799,0.03481691530020959,0.18095183420403005,0.08662843344400845,0.10410902149948953,0.3138252092950473,0.49759063177801754,0.0,0.19011758488571806,0.5933399649471839,0.2515439880710316,0.20269714956513615,0.2923116124530079,0.21126939166971803
27,0.11343083549113242,0.08989593327920878,0.20535323731280372,0.0,0.018293306467801113,0.01620716464326296,0.08787107524795416,0.20890726913834534,0.43237778346557454,0.08011956705156328,0.016760386526177867,0.3539490861618799,0.05648296552007562,0.25650152132728626,0.00467853908843948,1.0,0.1538220796494797,0.03585738249655424,0.0,0.0,0.2996068400360002,0.057714518096787314,0.0098944570371873,0.007034266212715745,0.01118807028055402
28,0.05397967548436625,0.14857185032105688,0.4191805117029991,0.0,0.6893243596395877,0.015310089109503022,0.11537715283563692,0.02184710779265362,0.4476964422830816,0.27998939324542577,0.017470109734126767,1.0,0.24827189413553616,0.40567770824961247,0.0,0.23346847580012722,0.0035208512635943982,0.1045270479629887,0.0,0.0,0.17246932878594098,0.0030961095296190844,0.001947251515517089,0.003994295068546525,0.0018673896498958295
29,0.32327950763145225,0.1307845597461067,0.528893643080398,0.009229486721448136,0.2824100200355262,0.44961425752048323,0.09551799308353402,0.17439602643323035,0.7413872536472997,0.3326808572186196,0.08254626849374896,0.042836161879895564,0.020466033781284674,0.07684138010218726,0.020072441895562933,0.14939777754760813,0.10257413347938346,0.3410084087485175,0.0,0.1572202404544854,0.21410639003363172,0.24140978717635894,0.36913517963278325,0.5233669888808773,0.4011333780481905
30,0.15109364631179004,0.06317809432430435,0.46465638594844794,0.03227343098725735,0.20938450409232248,0.7068955206028348,0.377700674526633,0.19232213353930655,0.7316611210647556,0.08195646409372513,0.37596222088769987,0.7052056135770235,0.03536760777544898,0.020207819048165796,0.05493510413522487,0.045203675480520254,0.13606134105312573,0.29274625239067026,0.008247221045082636,0.3520940679085745,0.23092226801193685,0.6637928697302427,0.0006575779803401642,0.001854322763452701,0.0007395218869039962
31,0.20189192354234708,0.059340172706472794,0.4406777639040219,0.0,0.17816468520741877,0.47204114586448187,0.04805003595192714,0.5722193614830072,0.4092654210391604,0.368729359014536,0.021182508052628703,0.14107375979112272,0.017901615090617683,0.10055112233767724,0.05176577120434651,0.16096133643075922,0.0011736170878647997,0.4685393138375733,0.009127359259379993,0.12511560311798126,0.4044810762161906,0.12151823234377118,0.41799867398689655,0.6074526014784583,0.45245603976717613
32,0.3227720453332986,0.008266292715329544,0.17443950468040434,0.0,0.10813124216474579,0.013037497757311165,0.2693883607062556,0.17925570717473396,0.3733683132838494,0.0,0.04722389037506141,0.24836814621409922,0.02904697324620886,0.06911992651702163,0.004980380319951705,0.834755041948419,0.010093106955637275,0.10942057632515254,0.0,0.002113885585942661,0.27402775804083185,0.09190727938186255,0.05489711289961013,0.07828457559313041,0.0420051234471942
33,0.11048365060570178,0.11211159495165693,0.6735447799772541,0.00041681552935572225,0.19920766879646704,0.43914837629328396,0.14808769987559495,0.4752778492962582,0.44882262605579726,0.5957717619265723,0.007479390729923022,0.09472911227154047,0.02314552254140468,0.23979562546644467,0.06534862662239661,0.032848497403193115,0.245598935920507,0.3775923413075764,0.0,0.052450786101202275,0.6370138790204158,0.11531516876779177,0.36925111636448416,0.281939518925636,0.33803375270322045
34,0.09425136299168542,0.00900435456491254,0.0467364419383316,0.0,0.30515734894766144,0.08061718796722686,0.15490144606640266,0.226060976656368,0.07711799334527769,0.001552443169491117,0.00444941857291041,0.2160574412532637,0.048962314552254145,0.049572306102531716,0.18819800784787202,0.8370596155838007,0.0560988967999374,0.04480035900120736,0.0,0.719117452767869,0.36668087726777515,0.10588586146129864,0.010823272275076005,0.003337749240188474,0.011737452624153525
35,0.3242944322277595,0.16872093881467262,0.6192250491104448,0.0002977253781112302,0.08980763622453422,0.22223551223012983,0.10105344853167764,0.14749613800205974,0.42724596877399534,0.5682375913024612,0.0,0.154128590078329,0.027912711133029223,0.010706699580917389,0.0356172653184425,0.04173386798455233,0.18903059228542365,0.2907696088382678,0.0,0.1005416831813978,0.1370375633555966,0.6323329266639556,0.5619386028599712,0.6900813467320567,0.6248658004705075
36,0.1339505289318569,0.08797697247029299,0.32888091810684206,0.0,0.2473005063799326,0.3004604987739968,0.03453667667233528,0.44923081874356335,0.3746736626567698,0.26520743437070604,0.02148277556368401,0.11879895561357703,0.04313483746352689,0.3253918135369424,0.013431934802293993,0.16557048370152258,0.04811830060245677,0.29864412936864937,0.0,0.0007927070947284977,0.17147458670835108,0.40759116171885595,0.02723403471249274,0.011138679382426098,0.02553374112214506
37,0.22410966390381637,0.019706251383865964,0.5739957212276419,0.0008931761343336905,0.13874128416738943,0.32934633096106697,0.20392161338553022,0.29707346378304156,0.6348477092398259,0.39428681628618945,0.4055795162963367,0.12924281984334204,0.032803189084781983,0.060566048567656,0.046332629037126476,0.0403540831274137,0.1834754714028636,0.4116547177673544,0.0,0.23530188928524245,0.5220974847236037,0.3541710722515928,0.25186620254577036,0.09427587387547927,0.018852318578183227
38,0.640820787737629,0.6594582626024059,0.6389288753509309,0.00035727045373347617,0.08681935075805489,0.28257879313438194,0.0572149240444206,0.146788105046344,0.5638341438443819,0.5248752501024516,0.029999454059070806,0.10933420365535249,0.006994616364607735,0.032694184511165965,0.04769091457893149,0.10059852329727889,0.10155699866990064,0.3677091235455643,0.0,0.06302021403091558,0.42342854436075983,0.1990999051104785,0.9235811571278861,0.8620345766533215,0.9463993588679883
39,0.3179186238663422,0.9155657244077052,0.8539650222289382,0.0005954507562224604,0.12578825971192772,0.47646671849769756,0.13073946836801076,0.13142593546172332,0.425441515229076,0.7646216522430875,0.0,0.2730907310704961,0.008934368963958411,0.010591882427234628,0.1168125565952309,0.08995235488214492,0.31507706752210307,0.26777643627194336,0.0,0.15035011230017176,0.0,0.23782567439338484,0.33271946438537214,0.20502229103317388,0.36586358510719014
40,0.024579391825953444,0.04199571924127241,0.15040918743090737,0.0,0.6388946752464671,0.061958016865020046,0.04489996233607633,0.14020661688980432,0.1774763245456872,0.135583250970277,0.322951356663209,0.2098563968668407,0.003863066617350923,0.45134623112693034,0.22728644732870512,0.043786899072251896,0.09913152335498004,0.4096353359759811,0.0,0.05363984674329502,0.7218037989673629,0.48294428629524194,0.05774507496483115,0.03438816377269037,0.0655216946388604
41,0.06122077212340441,0.02280611115211454,0.2848008143983075,0.0,0.0,0.060104060761916156,0.15802869306184875,1.0000000000000002,0.3104683900691067,0.20853843743220116,0.18411857836982037,0.09946148825065274,0.09008342580035343,0.06472817038865607,0.2281919710232418,0.22816758652323807,0.19646350050856742,0.29993696109751794,0.0,0.004624124719249571,0.13651650798162093,0.20496678866748,0.01611700969579141,0.0,0.0169004371092299
42,0.20884025347091198,0.08207247767362903,0.37787604285134846,0.00035727045373347617,0.13338585241884474,0.37115005083428027,0.06524989442688063,0.9538866718159974,0.4024699257742513,0.29042740399681793,0.024731124092373203,0.20944843342036554,0.0928533267579008,0.16880992020207816,0.039239360096589196,0.0495760768240534,0.10781628980517956,0.18875343241481737,0.0,0.014268727705112963,0.5699872104590024,0.10201979124305274,0.2032481273894928,0.14386302610216078,0.17452734614511636
43,0.21423366687051904,0.09351243634216545,0.5411215473567844,0.0195307848040967,0.4360018331180807,0.3984809520961666,0.0747685951356472,0.395822605561277,0.4678141796775018,0.45696791456741315,0.04165529289730851,0.17950391644908617,0.013701557555582954,0.04506573282048338,0.026712948988831874,0.0588350620718228,0.002268993036538613,0.14642120671417735,0.0,0.02113885585942661,0.609255838188622,0.08898468212010302,0.14104630390854173,0.46208459366086213,0.1325443635106184
44,0.004697279221370669,0.06539227987305335,0.19876011038914562,0.0,0.5351530691471833,0.1236768135877041,0.17692913475695354,0.33680376759354613,0.17945994369081134,0.12826941156618374,0.005104547687940165,0.25864882506527415,0.052956889820408505,0.08792123543257363,0.09885300332025355,0.07443809833833953,0.06423597527580002,0.15298152639620485,0.6629722593473938,0.035407583564539574,0.13850599213680073,0.5313216754778365,0.016088506362954988,0.051381180198316424,0.014491583780930148
45,0.14085982329902538,0.08140822200900433,0.44334205524229153,0.0,0.31530767220515765,0.4362179295496681,0.06149491537030484,0.28386221249570887,0.29148963399027383,0.41664296217727737,0.16159851504067257,0.0647845953002611,0.1165084453211688,0.4208335725357368,0.018261394506489587,0.05795096399982245,0.20397464987090214,0.337567980511363,0.0,0.02047826661381953,0.17289564681919378,0.34774569608241834,0.08334155002026603,0.13921284246212037,0.08607822580353926
46,0.4030356654912625,0.3355229168204295,0.8182277293080001,0.0002977253781112302,0.11166870556866426,0.3532085401590815,0.07743930972299896,0.15268301579128046,0.3487330432556948,0.8297615890846852,0.04097286673581918,0.11888054830287206,0.0034521020835901863,0.04225271255525575,0.08693027467552067,0.09472426497787906,0.1626633283780612,0.21604179799771348,0.0,0.11705641432157485,0.12112169011415849,0.22224752609461843,0.3429452174846489,0.18476179323557682,0.31289714673011826
47,0.4049223842920901,0.07483947154771568,0.22557799215823507,0.0011313564368226746,0.43100999503846127,0.08007894264697088,0.037675336977983725,0.42343052694816335,0.286114665984131,0.18482751970686787,0.1827537260468417,0.21377284595300264,0.02389347799284922,0.102703943969229,0.24373679444612134,0.17160750484589318,0.04741413034973788,0.3005566655625955,0.0,0.11784912141630335,0.11098479465681396,0.0928887081469432,0.1407930972402008,0.29504838836670083,0.11491963233542887
48,0.1596749638921057,0.019632445198907663,0.1414261514112791,0.0,0.7073601205919001,0.021230787632318643,0.0030359405138272256,0.027774201853759013,0.049936012285641145,0.20096907166791217,0.0049134683627231526,0.11276109660574413,0.01827970246167756,0.866725988862736,0.6486568065197706,0.39256173889883555,0.228072920741726,0.101546055794771,0.0,0.10595851499537587,0.17924304864762444,0.05356649044326962,0.011796917422071692,0.010066353498913478,0.012083930989483922
49,0.12099722847514084,0.21492361059856813,0.2430469949179637,0.0012504465880671667,0.2553715283432627,0.14610370193170266,0.26809865665338917,0.08067284586337112,0.33841822370104935,0.0793481667188969,0.07059016214445596,0.13397519582245432,0.3591912217975589,0.2223434181066651,0.07546030787805615,0.2656104345767427,0.09357640247242,1.0,0.0,0.020742502312062358,0.3679598313675335,0.16638199810220955,0.0005705743198811921,0.0012037806762827904,0.0006543432224920903
50,0.29279273418083873,0.3823160380839914,1.0,0.0,0.06803746529763549,0.2236708330841457,0.17078877386808494,0.13553467215928597,0.401266956744305,1.0,0.21684773707484847,0.08950718015665797,0.006452143180043563,0.015299385728227796,0.025354663447026863,0.07721986298329461,0.42312808074485564,0.15729808853226204,0.0,0.0607742105958515,0.07356354507128984,0.161339297817541,0.08210027248358749,0.06710690815097275,0.062023011933443624
51,0.27084824274914443,0.582847442615691,0.794141740299196,0.0006549958318447064,0.13610901750173274,0.35111536391364156,0.203978679936542,0.22627016821146587,0.5175966214486818,0.6599185208398621,0.05235573510946115,0.2455939947780679,0.011350840422471543,0.028445949824903838,0.024750980984002417,0.0746008611633103,0.2255692042876144,0.23980425886551346,0.0,0.2765226582111244,0.3675808820046422,0.2312755862816863,0.4995002895953426,0.6555566379802641,0.04069488224052547
52,0.3057590464913536,0.022068049302531548,0.501817285285954,0.01006311778015958,0.16083338698864905,0.30781651815082833,0.39338256274467287,0.1980132166151734,0.8604811876119784,0.136928380300364,0.8902385761860565,0.22421671018276762,0.2607159002178112,0.04167862678684195,0.016752188348928464,0.10594380243552373,0.0952977075346217,0.26763753699528814,0.221957818561137,0.05350772889417361,0.4149495523660651,0.17580046089196147,,,
53,0.402593262462103,0.00730681231087165,0.2562252956568074,0.0,0.21642913142774897,0.027629926439806232,0.25378636565963225,0.44919863542739447,0.5072945994369081,0.04109153147072295,0.12968826772943168,0.4698107049608355,0.0691324538692311,0.003989896090475916,0.0022638092363416844,0.414050130950091,0.013300993662467727,0.09447287724509312,0.04068194412752225,0.006738010305192233,0.18516413244280233,0.08355157923275042,0.049311158285474666,0.017162642649581717,0.05353542806618133
54,0.18489193655420086,0.007675843235663148,0.33413394625289294,0.0,0.7002738314819091,0.10579510794808925,0.4434641679126197,0.011510899416409204,0.09692858971077553,0.22758238314490273,0.2681661844188459,0.0662532637075718,0.25922820860559737,0.03677019346690395,0.006489586477512828,0.0067250639953834596,0.20945152961427116,0.40077783594926975,0.0,0.11850971066191043,0.9999999999999999,0.0867832452216348,0.016813058998864875,0.02989878426091674,0.01778541053772758
55,0.16487970541163,0.17314930991217062,0.5485895162124117,0.0,0.4629721509974206,0.28664553555409367,0.07167558807080818,0.13484273086165469,0.2899539288456616,0.5430754767012993,0.21515532019435496,0.12296018276762402,0.00609871368100933,0.0007176072105172513,0.03727739209175973,0.11373422310344317,0.18425788279477348,0.31459617706452403,0.0,0.21548421191703,0.27308038463360335,0.17580588315033213,0.6765973742110265,0.47454946050738567,0.7528037405100605
56,0.4405423340663344,0.4948704701453981,0.7598956552168415,0.0006549958318447064,0.09979509981782439,0.3413671431134502,0.07322779825832886,0.15842237384140065,0.549833631942667,0.6789576453004845,0.0,0.06094973890339426,0.013175522952369212,0.012027096848269131,0.06474494415937217,0.10696476924670406,0.2700101713480948,0.22869231673308907,0.0,0.25142026687805524,0.34053337122826965,0.22758302833129998,0.26352986874399786,0.39848822537632517,0.27117267964310243
57,0.061441973637984204,0.005756882426747361,0.04598884974192162,0.0,0.11065367324291464,0.027869146582142214,0.16720499446454457,0.523933659457604,0.057704120808804694,0.015500325434515343,0.045231205983512573,0.07482049608355092,0.06459540541651257,0.112520810609105,0.3591910654995472,0.8860549250551174,0.0008606525311008533,0.047674505571997906,0.09176255826840955,0.04809089708019554,0.12979015679029887,0.044890877050291454,0.021629025863129737,0.007792710410829788,0.022606949654140784
58,0.1488491015314952,0.15543582552217874,0.6343518614250381,0.0002977253781112302,0.14690320454795078,0.2571616530111836,0.11319721058698655,0.3041323377960865,0.43864857947274116,0.5749728804570546,0.016269039689905552,0.15886096605744127,0.06586939547117085,0.07288018830013204,0.036673709628735285,0.09066999097406153,0.1970111884829043,0.15041723205795307,0.0,0.8820187607345752,0.6784140969162995,0.38261623966382,0.14652767579295262,0.29993804340594493,0.09693711650629379
59,0.20373310085487878,0.09343863015720714,0.4132753286622076,0.0011313564368226746,0.16117425605326643,0.5374678547933737,0.2905828777520344,0.5579085135599039,0.6780906066035322,0.12641322951570522,0.3513948790740842,0.10329634464751958,0.11235770353018536,0.18419541879556806,0.47856927256263204,0.05706316677270911,0.08309208982082779,0.5429252187663608,0.0,0.018892852424362533,0.42840225474870924,0.14919343906737154,0.012554125003693638,0.004772510999777369,0.014292630321176562
60,0.11084147658516909,0.06989445715550961,0.34347089559954513,0.0,0.44526968424162305,0.8634052987261529,0.028133809648812444,0.3246652935118434,0.4610826721269516,0.20794060217438468,0.009499372167931428,0.13315926892950394,0.04255948711626186,0.4737355760950686,0.06082100814971326,0.024118491336578722,0.22142242391049213,0.5277317748122188,0.0,0.2615933412604043,0.3709914262706646,0.26800596448420766,0.08662536359471533,0.17474956113002607,0.09118429007560824
61,0.020233432657150663,0.014982655546534796,0.08503861234163373,0.0,0.5260632274240524,0.08426529513785062,0.09812022780967164,0.3904855389632681,0.10239314051702073,0.066345249861389,0.06311077141453293,0.13805483028720625,0.07732708667242018,0.11266433205120845,0.0,0.41120548066821544,0.09029027462639856,0.1036615986238287,0.0,0.0011890606420927468,0.585287290985742,0.19366137996475533,0.011188439917643374,0.003606741593143691,0.012612208075492432
62,0.16006531950607003,0.030481954387777687,0.12686798635246585,0.0,0.6895213062102555,0.04778422343161295,0.015111222707921979,0.306084792310333,0.23797030970053748,0.10093773352939758,0.14552055467598404,0.1724869451697128,0.02615378292853327,0.07173201676330444,0.0019619680048294594,0.27481393249781755,0.009780142398873329,0.04516363403245969,0.0,0.5925485533095521,0.810051631850694,0.0817242781618544,0.013791368695284974,0.012873644097999263,0.013932396009884713
63,0.12171288043407544,0.014466012251826702,0.2933265466807702,0.0,0.24176327779692539,0.04778422343161295,0.19024846776310533,0.27547845863371095,0.2774123368313283,0.2232914687944459,0.09597641535185893,0.03141318537859008,0.15015822134549792,0.11214765485963601,0.29308783579837006,0.04286580944912182,0.05476879743369063,0.3062087976664921,0.0,0.05747126436781609,0.08829520155369236,0.7780452758573946,0.09689342942204547,0.12334545582653275,0.09785815764261298
64,0.08283996721012843,0.0289320245036534,0.07394402602257091,0.0,0.37943271812779555,0.01710424017702291,0.05389365077553442,0.6097772914521112,0.20638597389301253,0.03761540872164501,0.0903259267347273,0.125,0.03888546418444088,0.5760089557379872,0.0033202535466344703,0.39952354882144925,0.2941084422189187,0.18478946075026978,0.0,0.0,0.3707545829188575,0.06361393520401246,0.009877286440390662,0.011587035607195015,0.0088822789508278
65,0.1344254615955135,0.1009668610229537,0.4718459960075395,0.0,0.4078498358147338,0.26086956521739135,0.03420569067646689,0.33185290078956403,0.40337855131814687,0.4300122941928018,0.18897745263962437,0.12279699738903395,0.01357004890477952,0.4007692749296745,0.020827044974343494,0.0,0.3633518504029419,0.5975340036113812,0.0,0.0364645263575109,0.5472028800151579,0.09775789616375219,0.14988229758169702,0.2028365558026024,0.06928954922320953
66,0.43936476129754204,0.7812384677836002,0.7272203090577953,0.00041681552935572225,0.1586707621453541,0.5170743376592309,0.04303959277309198,0.1301064194987985,0.6204504735090862,0.5959308632451847,0.0010645848119233497,0.004242819843342036,0.004775407882299758,0.054710373729835234,0.2719589495925143,0.08753680659337407,0.07738048665988577,0.23257081191969484,0.0,0.024177566389219186,0.29837525460660325,0.26145045411413853,0.368992033735012,0.7192423769828007,0.3148050399520459
67,0.30932429443222775,0.6975422540408885,0.8840237957005496,0.001488626890556151,0.027201351356469505,0.31804317923569164,0.522444274512937,0.22425871095090968,0.546570258510366,0.6222548995974254,0.3827591854561336,0.18211488250652744,0.013652241811531667,0.010792812446179459,0.1020223362511319,0.04850702099640442,0.3586573820514827,0.38257134614768196,0.0,0.09935262253930507,0.17772725119605892,0.1534716009217839,0.15717211835092895,0.04249869170182616,0.1791279333211675
68,0.012745110795935096,0.0013285113292493909,0.3816140038333983,0.0,0.5295097924107396,0.1687698104180372,0.07027175091591815,0.25605582732578097,0.0,0.4769471831834727,0.0,0.02537532637075718,0.059030945629392186,0.45091566680061995,0.4932085722909749,0.0780891644348431,0.05562944996479149,0.14750034724819167,0.0,0.2016118377592813,0.3113069016152717,0.3613555645926529,0.0742652972792914,0.059701716296076936,0.08313842558436338
69,0.0051657059581278544,0.022068049302531548,0.17967662660951034,0.0005359056806002144,0.7949975571050368,0.2794091262484301,0.4456212835408654,0.26035230003432885,0.08646019964166882,0.024009835354241497,0.0007097232079488998,0.13887075718015665,0.18094768421485227,0.028359836959641768,0.22758828856021732,0.14629048725271146,0.02847977466551913,0.1582917525883346,0.0,0.0745144669044788,0.36303348964994553,0.16260268401789343,0.04052583607740779,0.06230260828666836,0.03823283133888284
70,4.5541488295837504e-05,0.39552734519152705,0.2461646134391627,0.0011909015124449208,0.4019490135628012,0.27970815142635014,0.08526884052181655,0.38962731719876414,0.26113386229843866,0.16799652869850298,0.0001910793252170115,0.11463772845953005,0.0036329264784449103,0.13574257994144323,0.08436462420766677,0.09647766450142789,0.09834911196307018,0.1956770271280972,0.0,0.8483287092086141,0.3216806404244233,0.6324359495729971,0.16659834039171303,0.3743461213862114,0.1639760104127445
71,0.01245885001236126,0.030481954387777687,0.18060714030078656,0.0,0.7833966466058908,0.7312959751211052,0.04688587831128663,0.31313830243734975,0.2765676990017916,0.09130969312730515,0.10850575967680297,0.03231070496083551,0.024156495294456095,0.13798151443825707,0.045879867189858134,0.014966781587085518,0.1362178233315077,0.32148771809857574,0.0,0.16752543268595588,0.9106153190279949,0.22227463738647144,0.1517202013509091,0.17799069261532724,0.16684827793413118
72,0.49251818406568376,0.6421138091372055,0.66933758559533,0.0002977253781112302,0.10999844715203894,0.2639794270677591,0.13239439834735267,0.14697047717130107,0.46764781162016883,0.5713472988935226,0.08055358410220012,0.06780352480417755,0.013438540253976084,0.038033182157414316,0.054633262903712655,0.10567006495716377,0.14185118535325872,0.38978342397401516,0.0,0.11045052186550403,0.31178058831888594,0.22198725769282904,0.3889568585812455,0.39603542108530304,0.051660004921853006
73,0.08377031475674339,0.07498708391763227,0.6763005320629569,0.0010122662855781826,0.1600683253102855,0.3244423180431793,0.16382665464464657,0.30654608650875387,0.6583439979523932,0.5211918135139695,0.07102691488780913,0.1637565274151436,0.042206057617227635,0.10448360985131178,0.04195593118019921,0.04875116523386059,0.20162741569517253,0.15044928573718122,0.0,0.2988505747126437,0.7497513144806024,0.43386742578283854,0.7147213963119752,0.2967402962918516,0.7311647629591427
74,0.2074870206758357,0.20842866632223775,0.6876973365039727,0.0002977253781112302,0.1946854725392094,0.35930865378864907,0.17660956207128753,0.28756329385513213,0.5042615817762989,0.5799725188631487,0.011000709723207948,0.09742167101827677,0.014285127193523203,0.07982662609793903,0.009658919408391187,0.04530355266857051,0.22721226821062512,0.14433771756434777,0.0,0.558858501783591,0.6304296338401781,0.3301775789616375,0.41827637823254177,0.8139403690451199,0.38656840464894326
75,0.1602800150937504,0.15233596575393016,0.4078632383467078,0.004406335596046207,0.19322352299540582,0.07284253334130734,0.20943424221326912,0.3972762186749056,0.5094957768108523,0.2468818552178,0.189769066986952,0.1722421671018277,0.0813052233592241,0.062489235891842236,0.5662541503169333,0.14441871476554757,0.1279242625772631,0.4618187257594051,0.0,0.014532963403355793,0.3159016626403297,0.30474176494509964,0.057574186533723135,0.06853964622358048,0.048143191506340416
76,0.26309968381195264,0.05469038305409993,0.5400279949418231,0.06478504227700368,0.3320746427502831,1.0,0.4444457125900225,0.11812349811191214,0.49960327617097505,0.239457127015886,0.08085385161325544,0.15363903394255873,0.06278716146796533,0.0369424191974281,0.15635375792333234,0.056508293505763287,0.2886315624755496,0.19647836910880087,0.07432278254066566,0.10727969348659004,0.5935294396286296,0.38009488952148573,0.03079481745995636,0.02728428099406175,0.03150153454774698
77,0.005504014156896933,0.085024725071961,0.3014029283345395,0.0,0.4066416443523676,0.1856946354883081,0.06440530947190615,0.21470562993477513,0.4490785769132326,0.2009208591471205,0.09769612927881202,0.1139849869451697,0.059030945629392186,0.18350651587347147,0.07078176878961666,0.054137135078348116,0.28949221500665046,0.46595365037983605,0.0,0.21825868674857976,0.8974468286675192,0.5299606886268131,0.3003456986639224,0.22063623588887765,0.3309515590887858
78,0.14260341170806604,0.2657760720348365,0.6927435838297399,0.0,0.117808136165829,0.2598528796124634,0.023408699225036238,0.13704192413319605,0.3959687739953928,0.6876455415471397,0.0809903368455533,0.23776109660574413,0.008679570953026756,0.0073195935472759625,0.015997585270147902,0.17740778006303362,0.09991393474688991,0.11639759383714596,0.0,0.11163958250759679,0.4878973047226564,0.5068998237766029,0.12481788691046906,0.08979592058182279,0.12586066831314677
79,0.12793254654990696,0.0859842054764189,0.38573769057636176,0.0,0.44391378285125604,0.07224448298546739,0.04550486777680131,0.21640598180569856,0.1762989506014845,0.4195646409372514,0.006824261614893268,0.17216057441253263,0.02127152426745572,0.5026120902462827,0.026260187141563536,0.25536007575869674,0.17119161254987872,0.15419956620687447,0.0,0.11784912141630335,0.27350670266685617,0.1891283719669242,0.018223083935880343,0.017893171564852026,0.017421863619571265
80,0.01932260289123391,0.035131744040150556,0.2845900570237877,0.0,0.18457302362222613,0.08378685485317865,0.6930504354177842,0.28059024201853755,0.2597389301254159,0.002883108743340645,0.13932412512966094,0.02855744125326371,0.8206797353388403,0.0009185372294620816,0.009658919408391187,0.24057085361703387,0.0210468664423754,0.4028826942185847,0.0,0.25776192363588324,0.16597982094642602,0.1779530974650942,,,
81,0.05842972948355952,0.0,0.06578016017560462,0.0005954507562224604,0.5505565634338391,0.26487650260151907,0.1281258203316708,0.2938712238242362,0.131968262093678,0.010524793288817103,0.01883496205710542,0.053851174934725854,0.01637282702502774,0.31574717262759056,0.0,0.20582838879599902,0.007824113919098662,0.00029916767279604406,0.0,0.056282203725723345,0.32532802804225286,0.6480249423885047,,,
82,0.3166369562671594,0.18768912834895563,0.4007690655892856,0.9999999999999999,0.31538720832023515,0.3692960947311764,0.388668865631099,0.16304604359766564,0.5205912464806757,0.05029048043776969,0.0,0.19402741514360314,0.04548555459663831,0.020667087662896835,0.043465137337760335,0.011108562804255512,0.07065174868946092,0.2261814451935508,0.00019558626984385696,0.21984410093803672,0.5091184690445738,0.6223613935204012,0.01498052857975613,0.01532031239095526,0.015139066848612668
83,0.00028626078357383574,0.0008856742194995941,0.3571820546060428,0.0013099916636894128,0.30344164132242046,0.7814723999760781,0.09131789492906628,0.24921687263989015,0.5785769132326593,0.16307885157775473,0.23349893541518807,0.1606560052219321,0.02206879546295155,0.12494976749526379,0.3048596438273468,0.09432845538079104,0.2076519834128785,0.2724242197600248,0.00899696841281742,0.19976218787158145,0.5239448628676993,0.6581699877999186,0.3482374844455935,0.11082480669959496,0.37988223541612826
84,0.04107191651594602,0.14023175142076905,0.5455713115471182,0.0,0.25392851596971566,0.14436935589976677,0.0040859650524441606,0.08716314795743221,0.19384438187867928,0.6125159703975123,0.0566686684500737,0.212467362924282,0.0,0.09871404787875307,0.02973136130395412,0.1896630809523105,0.04428448478209843,0.3080251728227538,0.0,0.19143876337693222,0.12481644640234948,0.5674339162261081,0.12381165364272026,0.11638080015973297,0.13679498149664915
85,0.05128622174801244,0.0715181932245922,0.07630212268465131,0.00035727045373347617,0.49209751885195296,0.04927934932121286,0.15831402581690768,0.43748927222794365,0.17341950345533658,0.0032254176409613573,0.09291914614838673,0.12899804177545693,0.02865244729379855,0.04262586830472472,0.1987624509507999,0.10372061021262743,0.7688756748298256,0.079439701687092,0.6276363399289371,0.0036992997753996565,0.05845293922599593,0.584736342686729,2.9770577468261968e-05,0.0,6.262721290758823e-05
86,0.3550479486812486,0.8705439515831426,0.6792948774028329,0.0002977253781112302,0.11338820062795654,0.3831110579510795,0.14704908864718036,0.10267550635084105,0.4223061172254926,0.5656389364317913,0.0708631326090517,0.13756527415143605,0.008293264291291663,0.0009185372294620816,0.0184123151222457,0.21839441871476556,0.15030122838588528,0.24043464789033367,0.0,0.10476945435328312,0.28776467244564446,0.289418462789752,0.36024846284170514,0.3762580425487319,0.3454668415891523
87,0.046608460307339984,0.058011661377223404,0.2516681645020956,0.0,0.3190496570478466,0.08916930805573829,0.07702843055571407,0.33929797459663574,0.20359610954696697,0.24002603476122747,0.020390893705301085,0.06959856396866841,0.040718366005013766,0.14383718927607783,0.061273769996981586,0.09573413432372047,0.28205930678350677,0.5096534997275437,0.0,0.6963931827189854,0.6580455686608876,0.5235624237494917,0.4474131810723069,0.2814599725240416,0.32600710190665344
88,0.2220798147112019,0.016458779245700786,0.17307157002314355,0.0,0.7598766811472895,0.05771185933855631,0.02329456612301266,0.06151840885684861,0.2780906066035321,0.12983631849191235,0.10640388709941583,0.3201697127937337,0.0051534952533596355,0.3330558585452667,0.17582251735587082,0.240959264903896,0.025115405680306704,0.19673479854262607,0.0,0.0068701281543136474,0.2781014636919142,0.1363752202792463,0.04204474311999297,0.04607411529617426,0.013974815223094267
89,0.06725827228605259,0.01874677097940807,0.08037411422254387,0.0,0.4827122572728202,0.08127504335865081,0.084709588321901,0.25215628218331615,0.2631558740721781,0.0028059687100740055,0.0818092482393405,0.18856070496083552,0.033378539432047015,0.028044089787014177,0.0019619680048294594,0.5430803604456742,0.007041702527188796,0.08088211725235861,0.38478338820614794,0.1029198044655833,0.8835204395812609,0.12556865934661787,0.0036856551271844417,0.008956242469333728,0.0038710803860675376
90,0.36055196283814556,0.3916156173887371,0.8473997311849336,0.0005359056806002144,0.11634239918797412,0.40434184558339814,0.1722154376433797,0.09339061963611398,0.4394548246736626,0.7837716655015308,0.003439427853906207,0.10615208877284595,0.006320634529240128,0.12595441758998793,0.08240265620283731,0.059075507154166006,0.1660276973632736,0.4418492836002692,0.0,0.07266481701677897,0.18990099947894462,0.19235461569743795,0.6405488683118873,0.5649652060442116,0.5464259840126321
91,0.5260562372321185,0.4009890028784412,0.5115717728274096,0.003036798856734548,0.06571955565823706,0.4566712517193948,0.18155152538890856,0.20514182114658427,0.472344509854108,0.3566087312875153,0.10583064912376479,0.08453002610966058,0.012822093453334979,0.01145301107985533,0.0884394808330818,0.05648979773019843,1.0,0.8275725748720524,0.0,0.040692297529396224,0.22334328075410922,0.21670597803985361,0.7830908170513228,0.5034546018278311,0.8475287212191226
92,0.051865249242059513,0.029891504908111294,0.1261919721323079,0.0014290818149339047,0.6271612045555256,0.03175647389510197,0.06762386294897109,0.23657419327154136,0.1415152290760174,0.11603789504134222,0.021346290331386145,0.1633485639686684,0.014383758681625777,0.10643550146391871,0.07334741925747057,0.5100358078214935,0.15984664736718565,0.07752716549314587,0.19076180852104185,0.03448275862068966,0.1042110747951305,0.05585468347566761,0.006585155333817455,0.005472591880969841,0.007276596353922936
93,0.07694559743926717,0.059340172706472794,0.041209031549981304,0.0,0.27338835212531853,0.03528497099455775,0.07564742002122875,0.4190643237212496,0.14541847965190682,0.0075259744955765,0.010809630397990938,0.1382996083550914,0.043874573624296226,0.33988747918939083,0.020977965590099606,0.7254228134294127,0.027149675299272355,0.029339801053497587,0.0,0.021270973708548024,0.05328975415660082,0.1692612172970042,0.013468114108878954,0.023595863192367283,0.006562088838435078
94,0.05821503389587915,0.06435899328363716,0.43329727924159167,0.012147195426938193,0.5267336032511334,0.9782309670474255,0.6065033041533037,0.18836358565053207,0.5826977220373688,0.020909770267338427,0.042064748594202096,0.0643766318537859,0.046874614720749594,0.07511912279694585,0.6794446121340175,0.036148143763964316,0.07589390501525703,0.3778487707414016,0.0,0.11031840401638263,0.7304722656435033,0.2879652975464281,0.06993909356276704,0.014098860246163424,0.06309391534855698
95,0.04462415260302135,0.00140231751420769,0.4983139410038414,0.00404906514231273,0.3081872961887051,0.6687997129358293,1.0,0.29062070889117747,0.2110442794983363,0.10699322614082878,0.8275099634219576,0.001550261096605744,0.016307072699626023,0.02319306504391756,0.5182613945064896,0.035537783170323904,0.30654878335028557,0.2791234387187076,0.032662907063924114,1.0,0.04282127800672635,0.3720211468076454,0.2957787009301305,0.0538296896869583,0.29763399268123664
96,0.18804731110041248,0.032031884271901984,0.335008788184862,0.0,0.6232298480102715,0.019974881885054724,0.08218724676717988,0.1737630878819087,0.1991809572562068,0.33865920979678416,0.05025386253207403,0.22405352480417756,0.039551226729133276,0.22834261438658934,0.09628735285239963,0.07389432253673262,0.04475393161724435,0.0549720598762728,0.0,0.3136477738142423,0.20032210695845765,0.34904703809136506,0.0038415844430354966,0.009001100445682468,0.003306996166594682
97,0.2540629513486786,0.15145029153443054,0.4720209643939334,0.0010122662855781826,0.17036635849578266,0.38723760540637525,0.20064599335745348,0.21302136972193617,0.54435628359355,0.29690716679121565,0.008598569634765518,0.06094973890339426,0.02302223318127646,0.06306332166025604,0.04995472381527316,0.051026145628338494,0.16109850559424144,0.518179778402231,0.0,0.16329766151407055,0.18686940457581355,0.5654656364375762,0.34188581018049174,0.2882432074521004,0.3368643865684241
98,0.0003578259794672947,0.08244150859842052,0.5280943556789172,0.0,0.6471171945718495,0.13755158184319122,0.11051508268943241,0.03430205115001716,0.3894804197594061,0.4690451510257213,0.20524649232952993,0.3491351174934726,0.0057617227633255256,0.3157184683391699,0.00996076063990341,0.012473551040942249,0.2844065409592364,0.4220401098372742,0.0,0.0,0.7011036900194212,0.16925037278026298,0.03466666426161091,0.049290288336415015,0.03802747033774163
99,0.20041507813618203,0.004723595837331168,0.29947032297573506,0.006073597713469096,0.5220636970658749,0.3391543567968423,0.23923439515162587,0.15600326124270514,0.5558228820066548,0.07811874743870982,0.287847354916198,0.09570822454308095,0.03600871244811573,0.24570870888110682,0.2787503773015394,0.04273263986505483,0.12385572333933183,0.34205549560330367,0.0,0.04875148632580262,0.9272417223248542,0.31748407211603635,0.004405743237480484,0.004263191644069821,0.004722163095988913
100,0.2869439058982733,0.12266587940069375,0.5333990790300389,0.011968560200071454,0.3041726160943222,0.7611984929131034,0.10630357122476232,0.3765340714040508,0.5119145124136165,0.3806571366583901,0.007506687776382594,0.2898172323759791,0.015197468458472037,0.20296802342269932,0.16918201026260188,0.01793350398768922,0.016117674673343244,0.3055784086416719,0.0,0.1481041088651077,0.2814172706172138,0.22851023451267452,0.14478323525085235,0.6996318429388092,0.1282988381721422
101,0.20448128244831038,0.28312052550003686,0.9603895432529804,0.0,0.2552768424919801,0.20859996411697868,0.0011185043998310825,0.020473952969447304,0.9901330944458664,0.7598148639201601,0.16274499099197465,0.931054177545692,0.0013808408334360749,0.010505769561972559,0.005584062782976155,0.07161194383202876,0.10632970816055082,0.11767974100627185,0.0,0.018100145329634033,0.21955378712519544,0.1884560119289684,0.005753222364979714,0.0003209126706188025,0.004769113096025895
102,0.14435350604400607,0.15181932245922206,0.838802420926219,0.0008336310587114445,0.06223890376508817,0.31714610370193175,0.06996359154045448,0.2719543855132166,0.38448937803941635,0.8607092061808451,0.2312059835125839,0.09236292428198434,0.006304195947889698,0.06065216143291807,0.02641110775731965,0.019083941227823566,0.2005320397464987,0.6063701345186072,0.0,0.12524772096710265,0.15835346501823694,0.22464958655279924,0.9999999999999999,0.7248385355739787,1.0
103,0.018672010201293377,0.10620710015499296,0.26787262301470527,0.0,0.5795342213603705,0.2756414090066384,0.154753073033772,0.35140962924819774,0.27532633734323003,0.1763469372996167,0.002156466670306273,0.15902415143603132,0.014745407471335226,0.09489637751880131,0.17884092967099305,0.10194871491351376,0.15648227838197323,0.2473475580438708,0.0,0.3367683974104902,0.3435649661314007,0.3485969906466043,0.1269037461793257,0.12571820371252243,0.13966737431227197
104,0.07933977853824835,0.021182375083031953,0.09034731224699172,0.0,0.3707519192822055,0.10124992524370555,0.12567195863816383,0.11648214898729833,0.07348349116969541,0.074353349564882,0.04271987770923186,0.06951697127937337,0.009534377183249086,0.36767323038061883,0.006036824630244492,0.7992690469496767,0.07886706830451451,0.07461028068338443,0.0,0.2656889945831682,0.312349012363223,0.10393384844787854,0.01356925941817099,0.0078040646243236825,0.009508880636606128
105,0.01428050954419476,0.12849656801239942,0.4684261593643876,0.002024532571156365,0.5059784646499842,0.2615872256443993,0.45746829953091295,0.18071468417439066,0.5911568978756079,0.17039751223392713,0.09256428454441229,0.1875,0.08963136481321664,0.3675871175153568,0.32749773619076367,0.02855007916191942,0.1765120100148658,0.26632333614693404,0.0,0.38485929449068573,0.25612240064421393,0.33702046902534905,,,
106,0.35597829622786353,0.08295815189312862,0.3129667480534767,0.00315588900797904,0.2468460142937761,0.05723341905388435,0.11210153280756018,0.13232706831445246,0.29797798822626054,0.2580141262685919,0.19730305180979416,0.18007506527415146,0.005917889286154605,0.20948389689419597,0.19106549954723814,0.4492069011437788,0.06619200375557469,0.3865887406109431,0.0002933794047657855,0.015061434799841459,0.4081284638340202,0.08163752202792462,0.1317231362352686,0.07873985778972312,0.1452265789056909
107,0.021586665452226976,0.022289467857406445,0.1469893507877554,0.0,0.5586351602652718,0.07152682255845942,0.019493933825627446,0.21909865259182973,0.08007422574865625,0.1844080707759805,0.016214445596986406,0.12532637075718014,0.0040767681749065065,0.2614099546472243,0.633111983096891,0.19873710844443132,0.021672795555903294,0.01927494577585931,1.0,0.12921125644074516,0.345507081616219,0.4565541548054765,0.0870329606788587,0.03658697049452952,0.0987653111757292
108,0.2856297086645934,0.2459960144660122,0.897054963932653,0.00660950339406931,0.059352879017994076,0.4324502123078764,0.12754374151135056,0.22868391692413323,0.4676862042487842,0.8634283923534941,0.0,0.03239229765013055,0.008326141453992521,0.024456053734427923,0.09658919408391187,0.13258881671426245,0.22392614036460368,0.21134059171091854,0.0,0.2096710265556877,0.3585808346359718,0.13022637928697303,0.5587089581637716,0.44669959771917417,0.008414216384763173
109,0.327657996434752,0.059856816001180896,0.39935341228119015,0.047874240800285815,0.1962875571429112,0.43388553316189227,0.22848305694100457,0.26421966186062473,0.7054901458919887,0.1287852855386544,0.9987716329093191,0.16261422976501305,0.18791764270743438,0.03659796773637981,0.0736492604889828,0.06973647218975187,0.1332446600422502,0.30167854433558067,0.0,0.04967631126965254,0.5798872625645398,0.25685780127423075,,,
110,0.3397395026869478,0.5488227913499151,0.6298305192584522,0.010122662855781827,0.16478368070415975,0.4083487829675259,0.18750927331453943,0.18025875386199794,0.8300614282057844,0.3551527131596075,0.0,0.10403067885117494,0.026285291579336706,0.06929215224754579,0.07470570479927559,0.09959235310655049,0.1824583365933808,0.3688523714380349,0.0035531505688300683,0.19804465583300304,0.2107432144379707,0.3162206859156839,0.004439846850268865,0.0027034978091783042,0.004944341379926144
111,0.11186290710837572,0.06096390877555538,0.45391173640217286,0.001786352268667381,0.5076600853687634,0.314036241851564,0.0709337229076549,0.1704696618606248,0.3517276682876887,0.40770436082250555,0.1817437353278375,0.16767297650130547,0.02676201043849916,0.39089499971295705,0.009055236945366738,0.04558098930204341,0.0006259291135278936,0.5700746850726015,0.0,0.00396353547364249,0.3937283880441476,0.1476914734987122,0.009145539051189311,0.01389932327254854,0.007085717195859371
112,0.00363030720986819,0.0867222673260019,0.21868662366686017,0.0,0.7151773844737929,0.0,0.019174361139961422,0.10141499313422589,0.11699513693370872,0.25678470698840483,0.0187530709177267,0.16498041775456918,0.12087288866970781,1.0,0.1217929369151826,0.02475844517112292,0.024020029731632895,0.0,0.0,0.0,0.14494813130595424,0.5289250372780263,0.0017964369059223458,0.0036786749179731587,0.001806412499244575
113,0.26047779527149234,0.01040667207912023,0.0,0.0,0.28483776526241233,0.10388134680940136,0.07871760046566306,0.20206831445245452,0.027066803173790628,0.0036979003447195234,0.011928809302833432,0.051158616187989565,0.03834299099987671,0.23856134106435498,0.2588288560217326,0.6971982599174349,0.0017213050622017067,0.030290726870599298,0.0,0.1111111111111111,0.362749277627777,0.2931110207401383,0.006460078410577642,0.004308803699813608,0.006040153645742001
114,0.12390537779917504,0.2785445420326223,0.4105712717815758,0.0,0.1512057296302328,0.15597153280306203,0.03612312679046304,0.2376040593889461,0.21913232659329404,0.419844273557843,0.08077196047387672,0.14466383812010444,0.02593186208030247,0.08172110913370458,0.19438575309387263,0.1109117677522454,0.19028245051247947,0.2717938307352046,0.0,0.2372836570220637,0.4068968784046232,0.7425349057882608,0.43694910953750205,0.7560483435167324,0.44532947245007903
115,0.24682836063653987,0.45088198391025164,0.7738414309232765,0.0002977253781112302,0.0975756634637599,0.35613898690269724,0.3095746259287581,0.19419949364915895,0.41621448681853074,0.6473205891570041,0.9999999999999999,0.07286227154046998,0.024781161385772413,0.09196854009989093,0.035466344702686385,0.07879570306142078,0.37375792191534307,0.20285705127520223,0.0,0.13079667063020214,0.36862299275259347,0.16570963806425376,0.11528328916855554,0.058264146725707955,0.03695855819669946
116,0.017052034403341444,0.041405269761606016,0.4680801991458362,0.0,0.23793039453700512,0.329047305783147,0.22556124952920098,0.4895833333333333,0.3451625287944714,0.3630499240652797,0.011546650652399409,0.15404699738903394,0.010191920437266265,0.07968310465583558,0.3466646543917899,0.03768699229096075,0.10586026132540491,0.23759255499877127,0.002510023796329498,0.0688333993922579,0.2880015157974516,0.5440260268401789,0.27526968226877735,0.1753019338505287,0.2987120230278219
117,0.0005530037864494554,0.07078013137500921,0.8166530138304557,0.0006549958318447064,0.4249879748968871,0.19962920877937926,0.01699441889131105,0.09388409715070375,0.18424622472485283,0.9425692452329869,0.0031937544357700494,0.1606560052219321,0.02859491225907205,0.20072908892588553,0.24418955629338968,0.04219256321856089,0.4081057820201862,0.24618294103191482,0.5839880040421163,0.11256440745144669,0.11851641324428022,0.07375898061542632,0.02408267888508169,0.029210320549382277,0.02554698206288476
118,0.4310436807932026,0.18134179644254184,0.42133580409903215,0.001845897344289627,0.4113645746143445,0.2610489803241433,0.11080041544449136,0.32283620837624444,0.591758382390581,0.25343875804546434,0.2028443522410875,0.23441579634464751,0.036912834422389344,0.11852000688902921,0.02309085421068518,0.025753517896512437,0.09021203348720758,0.41254153622599976,0.0,0.047562425683709865,0.31879115153237647,0.059156838823369924,0.7323300751193984,0.6868660676927562,0.7493303630489055
119,0.2543492121322525,0.16097128939405117,0.3788184862053333,0.0,0.15765194238555322,0.5260450929968303,0.03169476243194814,0.2571232406453827,0.47189659585359606,0.25188631487597324,0.048807119069716645,0.38144582245430814,0.02175646241729339,0.17753602388196796,0.012375490492001208,0.4383720758178833,0.7878882716532353,0.2181573408267712,0.0,0.001981767736821245,0.4650656056084505,0.15476752067236002,0.18220342818987542,0.20865575968718617,0.17285548103426657
120,0.25127841463573314,0.022584692597239647,0.2753644511957498,0.0008336310587114445,0.3186216770000492,0.3703127803361044,0.20145633838182087,0.42475004291108825,0.1789096493473253,0.19172191018007373,0.01962657640443304,0.29609986945169714,0.019397525993506762,0.18276020437453355,0.025958345910051313,0.3001050560052085,0.19239496127063607,0.14608998536215317,0.0,0.03038710529792575,0.1966273506702667,0.21403822692151284,0.3433386587221617,0.6889533428030191,0.36621247232659876
121,0.12827085474867603,0.22614215071222965,0.19770234696231023,0.0,0.630547170597392,0.19663895700017944,0.2757912277297785,0.42304969104016477,0.367251087791144,0.00039534267049152593,0.052546814434678166,0.2216873368146214,0.04378416142686886,0.0317469429932832,0.05131300935707818,0.08129633191778998,0.41913778264611534,0.21484512730652935,0.0,0.24283260668516315,0.15176921983799913,0.2489413040531381,0.04692472211935963,0.0546769374659027,0.04931010642225786
122,0.4437107204663448,0.7256624105100006,0.5893213612540462,0.0,0.17050649355568095,0.20710483822737877,0.06280744604357602,0.1259601355990388,0.5751215766572817,0.4656317045536726,0.0,0.01387075718015666,0.0057535034726503105,0.031546012974338365,0.03048596438273468,0.18064823994199727,0.11477975119317738,0.22554037160898785,0.0,0.06288809618179417,0.14419023258017147,0.32579639419818357,0.3870009995857348,0.5480926869673457,0.3752636087995245
123,0.3067349355262644,0.30016975422540404,0.6729244375164033,0.0002977253781112302,0.1097219644662937,0.22809640571736142,0.3076229498841549,0.3139482492276004,0.5324801638085487,0.4964587903478533,0.03802478571818529,0.16963120104438642,0.007126125015411171,0.0464435386646765,0.026109266525807424,0.08975629966115739,0.20671308974258665,0.1458442404880707,0.0,0.30638129211256443,0.29989105205816874,0.35134065338213366,0.7138137598383464,0.7338181267159134,0.646783061663651
124,0.2491509765396276,0.31950697468447853,0.5883391523576991,0.0,0.3122663626619602,0.39208181328867897,0.10920255201616125,0.14836508753862,0.3719221909393396,0.5256562929392763,0.1387508871540099,0.13821801566579633,0.0042575925697612305,0.01842815316608301,0.010262601871415635,0.11937173549561281,0.06165401768249746,0.24538159905121107,0.0,0.023781212841854932,0.3474491971010374,0.3021011251186119,0.44638102755902165,0.5385309512592322,0.4793974904558611
125,0.3101960886367481,0.25566462469554946,0.5642571399031312,0.0,0.17572936511242995,0.39525148017463074,0.028556102126299693,0.19051986783384828,0.3447530074225748,0.5450666538099944,0.07007151826172407,0.13005874673629242,0.007200098631488103,0.0299959813996211,0.19227286447328706,0.1492017223266206,0.10609498474297786,0.1117604949088073,0.0,0.14440480908970801,0.302496328928047,0.46127694184627904,0.3711624150640755,0.5271854899233323,0.39639484917734324
126,0.24348431421024552,0.18274411395674953,0.5731566682837987,0.0013695367393116587,0.1847851199290992,0.5256862627833264,0.12520401291986716,0.13422588396841745,0.5070386485794727,0.44495335438613404,0.0032210514822296225,0.18350195822454307,0.010035753914437184,0.04093231528790401,0.01780863265922125,0.20862495006140597,0.13825209295047336,0.4538587287510818,0.0,0.015589906196327124,0.36701245796030507,0.2989995933306222,0.25584373419878836,0.27568729365955197,0.25621407061235546
127,0.08868228956579444,0.01298988855266071,0.03568957427010347,0.0,0.005173634914082043,0.0017941510675198846,0.0563475124690414,0.8082786216958463,0.03451497312515996,0.06054528361015356,0.007725064148059179,0.0697617493472585,0.01754818559158345,0.7186405649003961,0.027014790220344097,0.7310233342704527,0.005320397464987091,0.022608528415586644,0.0,0.0,0.05655819241153901,0.10097871763589533,0.012089238030034498,0.009035418640020635,0.010289157688214
128,0.2658777145979988,0.1273156690530666,0.48856343001662206,0.0,0.11029386700804072,0.2170324741343221,0.3861351107661755,0.3693196446961895,0.9552981827489122,0.08671986114794011,0.42152099142872734,0.27072454308093996,0.07703119220811244,0.15563465181698144,0.13597947479625716,0.07529260316943609,0.055316485408027534,0.6512987082367271,0.0,0.08891531245871317,0.6127137511250059,0.18175410058289274,0.007087177417365717,0.0,0.007374736193118494
129,0.5076184403992036,0.017861096759908476,0.522924835171827,0.0005359056806002144,0.14421412637152456,0.1846181448477962,0.3459374322334707,0.2835189237899073,1.0,0.13459971554612732,0.43822678386198605,0.3315110966057441,0.05076233921012616,0.16255238532636776,0.26863869604587987,0.07261811402275722,0.043815037946952504,0.3566185505326253,0.0,0.07596776324481438,0.24574866183506225,0.1767602006235597,0.09568150002176017,0.05333674381070362,0.053183193700373756
130,0.16433971347897933,0.015499298841242895,0.37170443067673,0.0,0.21258109843162357,0.1897613779080199,0.15342912905029849,0.5262723137658771,0.8398259534169439,0.10428368247233806,0.5275154228312496,0.13642297650130547,0.007816545432129209,0.1852000688902922,0.31889526109266525,0.13663939156296703,0.2261951334011423,0.3304306946032289,0.0,0.047166072136345626,0.2989910473213017,0.23207808052053683,0.10401451034451094,0.014575506566889097,0.039963097478925846
131,0.09261837533993468,0.16621152852609047,0.3747464946674408,0.0735977134690961,0.010430593377292796,0.06429041325279589,0.31324971181391736,0.5430880964641264,0.6966086511389812,0.09008027384711809,0.21157940710815087,0.11406657963446476,0.8637570377676408,0.0,0.08783579837005735,0.25948833286477374,0.10186996322666457,0.18318677678886244,0.001173517619063142,0.014268727705112963,0.19904315285869928,0.016733089331706648,6.614920639672457e-05,0.0,0.00011062104289677737
132,0.09880551182126916,0.015499298841242895,0.09467380325600261,0.0,0.15067170142899886,0.01931702649363077,0.25897942180170513,0.9447948849982835,0.10870232915280267,0.020196224959622013,0.11573947698858982,0.015257832898172325,0.8200139727941479,0.08924163269992537,0.0442197404165409,0.11229895091960995,0.002425475314920586,0.23797719914950907,0.0,0.003170828378913991,0.32637013879020416,0.0,0.06178216150382963,0.04622517796927652,0.05583728831932574
133,0.0,0.28836076463207616,0.447644686925885,0.0,0.48960159981214313,0.34471622510615396,0.11444126139904356,0.3423071146584277,0.5882902482723317,0.2778728635826724,0.18261724081454386,0.1262238903394256,0.011457691201249334,0.13686204718985015,0.3673407787503773,0.028653655505082642,0.1571082074955011,0.26609896039233705,0.0002933794047657855,0.1499537587528075,0.7915778504097389,0.2627301070896028,0.10141184563863642,0.0984521581521767,0.11403902192546769
134,0.020877519420191795,0.025315521440696723,0.1433269443361938,0.0,0.8528922740132787,0.09802045332216974,0.23107387835693988,0.09043511843460353,0.1602380342974149,0.05560350022900947,0.004039962876016815,0.16808093994778067,0.06196523240044385,0.1352546070382915,0.10821008149713252,0.07169332524451416,0.08755183475471402,0.1845757695554155,0.0,0.13832738803012287,0.8720572213537966,0.38162396638199814,0.01631772033584997,0.02174052057501495,0.015388111151169033
135,0.28574030942188333,0.18554874898516494,0.596781377001201,0.0,0.24039222667035307,0.36379403145744876,0.04343905863017451,0.2851280895983522,0.41378295367289475,0.5555384133259407,0.0018289021127913959,0.19492493472584857,0.01006041178646283,0.05181124059934554,0.03652278901297917,0.06900403947738337,0.18683984038807602,0.17724616157191245,0.00022818398148449981,0.16752543268595588,0.17663777177774617,0.3544584519452352,0.561170239939253,0.3187546170925366,0.0
136,0.01957633404031072,0.004206952542623071,0.15701822057151038,0.0,0.6261954088724428,0.06602475928473178,0.28193158861864703,0.13690246309646414,0.05473509086255438,0.10003133813851457,0.06835180433477098,0.06992493472584857,0.048502034274442114,0.25584132269361043,0.09628735285239963,0.43439918322655113,0.056333620217510365,0.02838887523639589,0.0,0.1321178491214163,0.5610819004310549,0.2003849803443134,0.004513348085939114,0.005340880744015754,0.0034003108585044313
137,0.39859211741896866,0.9999999999999999,0.6857567780366958,0.0,0.07579413023470727,0.547275880629149,0.07650341828640561,0.15483929797459664,0.5059636549782441,0.5483354627196683,0.007916143473276191,0.16767297650130547,0.016085151851395224,0.027929272633331417,0.06353757923332327,0.1110412381811994,0.19333385494092795,0.5502548267498638,0.0,0.14770775531774344,0.63781914641656,0.20079164972210928,0.46045159307863787,0.5070072080146643,0.4824653141690445
138,0.3248604478680077,0.8294339065613697,0.6831919005543317,0.0002977253781112302,0.16032587082577424,0.30721846779498835,0.07045436387915587,0.3098770597322348,0.4869465062707959,0.586293180338934,0.16741278593656164,0.15331266318537862,0.009756298031479885,0.0317469429932832,0.084666465439179,0.07413476761907581,0.20131445113840857,0.22703620997296806,0.0,0.26053639846743293,0.18113779546208136,0.22475260946184086,0.7912834670560596,0.9262620064789987,0.8089643750897899
139,0.05398618141126566,0.07587275813713187,0.083956989589381,0.00720495415029177,0.21292575493029228,0.03510555588780576,0.25677665293265,0.14054454170957775,0.06830048630662913,0.016474218354506662,0.1524540044767156,0.03214751958224543,0.4129042863600872,0.21143578850680292,0.05493510413522487,0.8719056567479988,0.06368828730146311,0.04917034393597811,0.0,0.047033954287224206,0.11425323291175216,0.014385251457231941,0.00019851250623879516,0.0,0.00015471474531017826
140,0.4076483676629409,0.0430290058306886,0.4017989931364674,0.0005359056806002144,0.518958001143805,0.3409485078643622,0.05732905714644418,0.06843782183316169,0.6446506270796006,0.22752452811995275,0.0002456734181361576,0.3629242819843342,0.019430403156207622,0.044376829898386816,0.08134621189254453,0.0802975600372875,0.10007041702527189,0.4381844796085177,0.0,0.014268727705112963,0.5121026952773435,0.15758167276670731,0.23743322543948323,0.41766594637721766,0.24868715392097945
141,0.3458030265571936,0.1732231160971289,0.6600722142249299,0.0006549958318447064,0.10049577511731575,0.42353926200586095,0.2545624707533926,0.2238671472708548,0.6385461991297671,0.4581539425788877,0.0,0.13095626631853788,0.02097562980314799,0.07652563292955968,0.010413522487171747,0.08944187147655477,0.17111337141068772,0.15830243714807735,0.0,0.5663892191835117,0.6729666998247359,0.3772210925850617,0.5933767328478203,0.6949739835469082,0.03492127626040897
142,0.04430536218495049,0.010111447339287032,0.1508585380596006,0.0023222579492675954,0.6583507239680187,0.23557203516536096,0.3404704566465412,0.18545635942327496,0.06763501407729713,0.04814020201046212,0.008271005077250641,0.08142950391644908,0.585755969259853,0.27579080314598997,0.7914277090250528,0.048077919003299656,0.21719740239417884,0.2515465900227581,0.0,0.17835909631391203,0.07346880773056702,0.21788260810627627,0.03000539153467947,0.008628896557605105,0.03156408606044982
143,0.0,0.0699682633404679,0.4524801768771325,0.0,0.3604803981350674,0.05603731834220442,0.0077153976967940015,0.34502124098867143,0.22489122088558997,0.49732661572210296,0.020227111426543647,0.22813315926892952,0.039633419635885424,0.3051552902003559,0.061122849381225475,0.04576224790257905,0.11423206321884047,0.2945198893079611,0.2367245819343482,0.0,0.40031263322438543,0.4061651077673851,0.006463405784974034,0.022519255704509293,0.0054981299662303935
144,0.27132317541280104,0.03158904716215218,0.20118580847324177,0.0,0.39943036991868375,0.30907242389809225,0.15985482269422602,0.43059131479574325,0.4209239825953416,0.04737362292987488,0.3388655347491401,0.04699738903394256,0.05473225660625488,0.049342671795166194,0.03380621792936915,0.0656858973410473,0.06736562084343949,0.46354962443772507,0.10454086123154155,0.02047826661381953,0.5890767846146558,0.2447336315575437,0.13734203931907848,0.14262313863798912,0.14580036298494262
145,0.2877701586144978,0.7699461214849803,0.8877100614775285,0.0,0.10570349693785958,0.42024998504874117,0.19764429277423334,0.15452819258496397,0.48523163552597887,0.7845334233300388,0.1261942457826063,0.0070169712793733685,0.013265935149796574,0.026895918250186578,0.07304557802595835,0.07970569521921192,0.4296220952977075,0.23019883965681195,0.0,0.13158937772493062,0.14456918194306284,0.20355157923275044,0.544458549784372,0.6296177793332237,0.0
146,0.32515321457848095,0.3536792383201712,0.8224945720034675,0.0013099916636894128,0.09773094825986339,0.30727827283057235,0.10006049054407251,0.2115784843803639,0.41917071922190935,0.8007955065930622,0.0,0.1263870757180157,0.008432992232770314,0.028560766978586602,0.05765167521883489,0.054547741295888026,0.28831859791878567,0.27855715705234363,0.0,0.3140441273616066,0.460518213253754,0.22181374542496948,0.5918495665266834,0.6000064506621313,0.4069173410240498
147,0.17997345581825042,0.11565429182965531,0.413247492782554,0.016732166249851136,0.2529778700228382,0.6375814843609833,0.2606800050218565,0.414671301064195,0.7294343486050677,0.10768748644022852,0.05115466506523994,0.12296018276762402,0.08743681420293431,0.05961880704977323,0.15439178991850286,0.006543805394847821,0.10421719740239417,0.211436752748603,0.09212113309645664,0.5529131985731273,0.8221306427928567,0.4520428358411278,0.00034609034156218296,0.00020557575971088846,0.000394974752909713
148,0.009257933977853825,0.000590449479666396,0.2185991394736633,0.0,0.37752006393188675,0.12056695173733631,0.0,0.16771262444215587,0.14923214742769386,0.24786056938987053,0.057023530054048144,0.17493472584856398,0.010282332634693627,0.07135886101383546,0.046030787805614246,0.08316440524984095,0.04013770440497613,0.1382688876304852,0.0,0.07689258818866429,0.35545450239211784,0.9999999999999999,0.013530844581457157,0.005147569929763498,0.01550735968829784
149,0.23566419007716027,0.06583511698280314,0.2403310083746232,0.01935214957722996,0.5361378020005225,0.6521141080078944,0.2962324663022016,0.41138323892893924,0.27022011773739435,0.05937854060699564,0.0024567341813615763,0.09782963446475197,0.10419594788969715,0.06728285205809748,1.0,0.04472648447094684,0.09545418981300369,0.39274304702274737,0.0,0.1239265424758885,0.32689119416417983,0.14852650128778636,0.003345047105284002,0.0006403373567648758,0.002816818031017529
150,0.02900992804444849,0.06546608605801164,0.1494866268481036,0.0,0.8684813525684483,0.04700675796902099,0.11279774472990402,0.07740623927222795,0.4711543383670335,0.0016585107152327465,0.2430801987224982,0.09407637075718016,0.04532116878313402,0.2611516160514381,0.07546030787805615,0.17839545447819719,0.789766058993819,0.2621670424070176,0.0,0.0017175320385784119,0.2807541092321539,0.12632235326013283,0.0005532607908035736,0.0,0.0005119790300988868
151,0.06599612246756795,0.020813344158240456,0.07679123885570674,0.0,0.4701341887884376,0.04951856946354884,0.14650124975746714,0.013431170614486787,0.13530842078320962,0.030291926813393436,0.20330840203090023,0.06323433420365536,0.03797312291949205,0.5059417877030828,0.0897977663748868,0.7171108118905642,0.06267115249198028,0.15648606199181564,0.0,0.0,0.6245085500450002,0.07085265012877864,0.0062787549656756515,0.005146056974877755,0.006059505127876383
152,0.1618739671841047,0.20621448077348875,0.4391865560654382,0.0,0.3669606977968496,0.22755816039710544,0.26201536231553235,0.23138195159629252,0.8126823649859226,0.13415616035484412,0.06586777310694981,0.14988577023498695,0.09795750626720916,0.2565876341925484,0.34787201931783884,0.10487844576298774,0.06705265628667553,0.5613026615238319,0.0,0.12260536398467432,0.5517502723698545,0.14469838687813472,0.05339361637450919,0.053180902338649104,0.0586234964365318
153,0.0457822075911155,0.15300022141855485,0.3138336368769734,0.0,0.3276471323443081,0.2553076969080797,0.08300900510174966,0.25591636628904907,0.16446122344509853,0.30765373767567433,0.003166457389310476,0.07555483028720628,0.015887888875190073,0.1237441873815948,0.16073045578025957,0.04042436707456017,0.15155308661294106,0.18341115254345947,0.0,0.46095917558462146,0.5511818483255175,0.8087894808187609,0.17456993906952514,0.32468239636736834,0.16076596335919052
154,0.04211937074675028,0.10694516200457596,0.42058025879414973,0.0,0.2388583158795747,0.2222953172657138,0.025565814853281896,0.33108586508753857,0.21927309956488353,0.4467179326471084,0.00275700169241688,0.06992493472584857,0.021550980150413023,0.19576324702910616,0.18880169031089644,0.06714336445555835,0.15335263281433376,0.14251065784834335,0.0,0.6161976483022856,0.4385865188764152,0.6870760471736478,0.28966745172368114,0.171860151800102,0.31870477697277194
155,0.032776859719204195,0.24821020001476118,0.5695220977118908,0.0,0.4318242933594918,0.29304467436158127,0.020486891813232593,0.18690460865087538,0.5145508062452009,0.5045102813200588,0.06906152754271987,0.04805809399477807,0.004627460650145894,0.029622825650152132,0.0022638092363416844,0.059941109450601486,0.07065174868946092,0.03290844400756467,0.0,0.03738935130136081,0.2245274975131448,0.5175220279246306,,,
156,0.4012270178132278,0.02524171525573843,0.1554116926600762,0.0,0.1267502679609591,0.0344477004963818,0.1152744330438157,0.5713396841743906,0.06933708727924237,0.1629197502591423,0.010127204236501609,0.09219973890339427,0.051288373813339914,0.6872380733681612,0.018110473890733475,0.4321131053667343,0.006885220248806822,0.09546654130116569,0.0,0.0,0.3090805741082848,0.09832181103429577,0.008334643701970063,0.0038553825660298823,0.003470193796650399
157,0.17078058110939065,0.128644180382316,0.4526233328296365,0.00035727045373347617,0.2257272820237017,0.49010226661084877,0.07394683680107743,0.12241460693443187,0.3054133606347581,0.40729455439577655,0.001910793252170115,0.10925261096605744,0.0006328853819915343,0.031546012974338365,0.016752188348928464,0.2586634212745809,0.06580079805961976,0.3755088521577468,0.0,0.10661910424098295,0.2631329638577045,0.4651809678731192,0.29550772049833884,0.31929318618612884,0.2935199020593729
158,0.0,0.13919846483135284,0.35033442821126637,0.0,0.3599804568402952,0.34202499850487417,0.22073341931360352,0.4041259011328527,0.5866393652418735,0.12296603427910227,0.25853032701861656,0.17093668407310705,0.04960341922492089,0.6058901199839255,0.48204044672502266,0.00791989109687348,0.12573351067991548,0.351628861132777,0.0,0.7713040031708284,0.3331912273222491,0.4019249017215671,0.31775263268925336,0.05041056259757154,0.34062072219681505
159,0.3424199445695028,0.20252417152557378,0.6816092319683148,0.00035727045373347617,0.11891785434286123,0.3570958674720412,0.1206272755287216,0.23040572433916925,0.5198489889941131,0.5916688764072029,0.1817437353278375,0.08616187989556136,0.017605720626309954,0.05841322693610425,0.09855116208874132,0.1640094402438483,0.18926531570299662,0.22135202418984326,0.0,0.1190381820583961,0.305859504523708,0.20214721431476207,0.5638196046055997,0.9018073824418689,0.001677104614018739
160,0.2939703069496311,0.029005830688611702,0.12180583280975368,0.0,0.26678306713984334,0.0036481071706237645,0.06261341977013593,0.3301525489186406,0.05556693114921935,0.15738013162018175,0.005841567942348637,0.0,0.10472198249291088,0.6246340203226362,0.041352248717174765,0.4904117899471761,0.020186213911274547,0.07136217452159885,0.0,0.05548949663099485,0.3894178390412581,0.16781889657042157,5.1939889687808714e-05,0.0001895933405175085,3.388966225283224e-05
161,0.31649382587537245,0.12333013506531845,0.7752729904483168,0.0011909015124449208,0.07966488783514056,0.4557741761856349,0.12491868016480821,0.20831187778922072,0.7561428205784488,0.6156449629968903,0.0,0.016073759791122716,0.02587432704557597,0.05433721798036626,0.07395110172049503,0.07987955550952164,0.18903059228542365,0.3155577874413685,0.0,0.2341128286431497,0.4250864478234096,0.2639501152229904,0.7839833073101493,0.7555667546698012,0.0
162,0.23202737694039266,0.15425492656284592,0.6421101187399096,0.0,0.25942408277815854,0.45003289276957126,0.06523848111667828,0.2529072262272571,0.438994113130279,0.5927391943687775,0.1069498280286073,0.09530026109660575,0.02196194468417376,0.05557150238245594,0.021732568668880167,0.08746282349111464,0.479383459823175,0.32519526032929813,0.0,0.017307438234905537,0.4463076121453271,0.16680493425511725,0.12190664729655806,0.07346369027780383,0.12051772583393171
163,0.04446801035743562,0.09912170639899621,0.5053086999053581,0.0,0.27023720699463316,0.19897135338795527,0.0099980597372656,0.24434646412633024,0.1927437931917072,0.5640334594894294,0.010918818583829228,0.14262402088772846,0.0015534459376155842,0.0006314943452551811,0.005734983398732267,0.08173283222112071,0.047101165792973944,0.02275811225198466,0.0,0.08574448407979918,0.2460328738572308,0.7579449640775382,0.02219374877783233,0.009799889225358618,0.025083468760084552
164,0.015770366804158588,0.0577902428223485,0.19426660410221333,0.0,0.11395631573565221,0.09784103821541776,0.24318340048164167,0.27627767765190525,0.30593805989250056,0.05654846563652581,0.07867008789648959,0.14490861618798956,1.0000000000000002,0.0002296343073655204,0.056444310292786,0.44567050885577736,0.02057741960722948,0.106621221672561,0.0,0.00502047826661382,0.13069016152716592,0.16594821743256066,0.0,0.0,3.446138407998423e-05
165,0.16884181489336786,0.029005830688611702,0.5176439711461225,0.0,0.360711431612197,0.18838586208958796,0.10402090918429072,0.3747425334706488,0.44494497056565135,0.448169129522937,0.019162526614620295,0.1695496083550914,0.001504130193564296,0.09592973190194615,0.0013582855418050105,0.069717976414187,0.11243251701744778,0.325237998568269,0.0,0.0011890606420927468,0.6072189853630808,0.17841398942659617,0.043454884821327755,0.023119312842491236,0.04694742385728166
166,0.09492797938922358,0.12030408148202817,0.2718929193475269,0.0025008931761343334,0.5102658399960609,0.16972669098738113,0.2973167307714257,0.2812446361139718,0.5224212951113386,0.024617313116216278,0.003439427853906207,0.3385280678851175,0.06831874409238484,0.05832711407084218,0.3130093570781769,0.014056789429294357,0.22204835302402,0.09808425843813107,0.265671349871239,0.40560179680274805,0.060916110084789914,0.6015344991188829,0.00016830408703295458,0.00019619038763651415,0.00016879054035741787
167,0.00236815739138355,0.03217949664181858,0.16098284514502492,0.0,0.9016479125557224,0.13994378326655108,0.05590239337114944,0.24002317198764164,0.3111210647555669,0.08653183231685269,0.05549489545231206,0.23066253263707573,0.00653433608679571,0.2481485733968655,0.05236945366737097,0.014789222141662846,0.16876613723495815,0.5000587650785849,0.0,0.002246003435064077,0.46876036189664155,0.12777551850345667,0.0006552564295823584,0.011120017834424973,0.0005296280066270978
168,0.3731799669498913,0.060447265480847286,0.1702203806357715,0.0,0.6738754161443162,0.18898391244542792,0.1892555097755002,0.019240259182972883,0.19026106987458408,0.08006653327869247,0.05866135284162253,0.2486945169712794,0.15319113960465214,0.05040473046673173,0.07214005433142168,0.2694945474453635,0.04506689617400829,0.1278514418813373,0.0,0.0018496498876998282,0.2719909052152906,0.14140707604717365,0.0320738867143202,0.02461202406200698,0.03213810868753741
169,0.2638283476246861,0.05498560779393312,0.2548891734334364,0.0,0.7280432979460744,0.14586448178936667,0.05907529360740495,0.08262530037761759,0.2889941131302789,0.20898681387556348,0.054921657476661015,0.1702023498694517,0.03616487897094481,0.1223089729605603,0.038031995170540296,0.08535430507672048,0.11360613410531258,0.45750216362334795,0.0,0.06843704584489364,0.7668040358107148,0.07939812932086213,0.02226398298874749,0.04775015580669847,0.02112465222727057
