,Unnamed: 0,Alcoholic Beverages,Animal Products,Animal fats,"Aquatic Products, Other",Cereals - Excluding Beer,Eggs,"Fish, Seafood",Fruits - Excluding Wine,Meat,Milk - Excluding Butter,Miscellaneous,Offals,Oilcrops,Pulses,Spices,Starchy Roots,Stimulants,Sugar Crops,Sugar & Sweeteners,Treenuts,Vegetal Products,Vegetable Oils,Confirmed,Deaths,Recovered,Vegetables
0,0,3.0360992197225e-05,0.2092116679016086,0.09404750988441474,0.0,0.9321826767149153,0.10210734081938329,3.0435493872954637e-05,0.17271792570138542,0.09961091589686932,0.3077221395465662,0.02050963193209325,0.1642899480045876,0.014672365560938969,0.07309803047381057,0.08603576526693811,0.004887249729809366,0.16176395126588983,0.0,0.09313570558498996,0.0877010461811234,0.8394723618347064,0.11821924484446783,0.0136264602670695,0.0333595184207651,0.013647751816696202,0.2597020634469908
1,1,0.14010191116972406,0.7068955966673959,0.10256201106192964,0.0,0.19071653408392805,0.46227860252836644,0.028297054176369,0.34149161879184026,0.28851888795286834,0.9177735457898416,0.0401961800999922,0.2788476520799416,0.07452936623657626,0.08501642929428938,0.0004024549753496,0.05382108925983183,0.10027331635199184,0.0,0.1485013704622898,0.2070742864327888,0.2781540772477952,0.1284357048063168,0.2850712303972645,0.2747775730590915,0.1983032261230991,0.6110966143433698
2,2,0.01955211453817793,0.27554624622583024,0.01682131189661847,0.0,0.5390361084590122,0.31159087550879133,0.027458721799983068,0.29852870607627885,0.10437136534892906,0.4124941253317396,0.0670039416639535,0.07974270642251204,0.024465101317505233,0.14039742161909818,0.09248696299525133,0.11160757051926584,0.1396955620167144,0.0,0.17658589855531048,0.15165783161794433,0.7436230247276869,0.39773533708499037,0.023500018689654695,0.0353677096808615,0.0185370113364688,0.5955024553344377
3,3,0.40464603964577667,0.2064052598032561,0.034244308949586466,0.0,0.33053628838701554,0.0253927077268358,0.22875633225687028,0.2667475886037564,0.26487555916705313,0.043158715697277604,0.0438568821257194,0.16540870689989465,0.13372546005123523,0.20290107604881857,0.00045276184726833333,0.5826917737019771,0.030827381875966967,0.0,0.13732419255550168,0.004307855931659567,0.7539117041903549,0.23247157960552065,0.0058970607307965,0.0078766535856671,0.0062841269525796,0.10569498084023135
4,4,0.26393532526001634,0.725172297727989,0.11163658234573774,0.0,0.12033266701168531,0.1259729502240865,0.4377131470910524,0.4027736389449448,0.6896131895242523,0.4033395023380206,0.22795617800230816,0.21004542538416646,0.055470861517428534,0.0537010715208695,0.2337981160946926,0.029236407917908467,0.17314969311629477,0.0,0.31821645133737575,0.04343689379615593,0.20866789812583286,0.3722985770099059,0.0282061095703057,0.0385209816410638,0.021108301042548305,0.27163116737722603
5,5,0.22689440756592796,0.7417409962048054,0.10352068626427186,0.0,0.22403012161659083,0.5820078706019934,0.049406484868820995,0.18030057515684994,0.9154828586009947,0.3807503293501407,0.0,0.34816030702376205,0.0004634221184225333,0.014940743427519936,0.0198105272966153,0.08442612648652241,0.27539502044393926,0.0,0.3387293421623942,0.027388310666660667,0.23672579321346673,0.2987339570713121,0.4185129520925886,0.5836594688387794,0.4319964181294936,0.18552868744226325
6,6,0.0334315408793348,0.533599290034709,0.16938608780176975,0.0,0.2933216026848712,0.4385957834763234,0.03834194707775107,0.26525416569862686,0.33036381177880725,0.54641119701291,0.08023058213678505,0.35092364268606197,0.01930435681161523,0.04990577380771904,0.009951645212143867,0.0573624156148787,0.23351444718657824,0.0,0.2587173616757673,0.16010089304194497,0.4345342484370429,0.21319822138389385,0.5458276639746579,0.5681193219295783,0.5971777456812937,0.8894550908849734
7,7,0.3191902960255461,0.7899575869594472,0.18353503063709953,0.0020854775310081668,0.09480530399525289,0.28746164750748776,0.15022967672683882,0.1543774017785742,0.7924043777153535,0.5198090478142687,0.16165120882321815,0.42091008115031453,0.05894839266023969,0.0161142810462143,0.07347009955279127,0.0700413841227062,0.2498654337733087,0.0,0.26968498676432023,0.4743822981843417,0.2062088339311865,0.5863056303934004,0.0107335697497897,0.0190346358765307,0.0112047081036162,0.24792376929928445
8,8,0.4843547407978879,0.7336609578193359,0.5494481672118358,0.00021833194394823335,0.1385822996222833,0.5299416180693091,0.09088559847504873,0.16714270286429356,0.5418397218629879,0.5616578165058571,6.82426161489e-05,0.12427686177996289,0.0902936909115269,0.013529008780169235,0.07846399955899297,0.07743524416317624,0.25903739151590965,0.0,0.2992879215083072,0.2654538412862428,0.25382005366840105,0.5233147106007441,0.455392160392798,0.4836340791273645,0.4974484593472753,0.25460177432223113
9,9,0.3083349237747841,0.3628663717996094,0.13836348961681694,0.0,0.594715032933747,0.3591507604767428,0.02149901712674877,0.16665374115142295,0.2565085040115474,0.37128085382475295,0.01559771291112055,0.1499764875987439,0.002934463191466967,0.010136456295460667,0.008546756181505466,0.13274311145063658,0.09337458756766774,0.0,0.14507429593963325,0.24987375246888124,0.6522267222296068,0.094298978094786,0.21956661329318802,0.16838257348919403,0.2461952951236831,0.4286334067400035
10,10,0.24005316526955223,0.6575321626478404,0.0923994359831554,0.00017863522686673334,0.0247418620279259,0.42402782489428015,0.2896943306221631,0.5226608569716015,0.8075180395742793,0.22470950529375813,0.8558805536293587,0.3342810495757311,0.08400772740176389,0.015271678658808366,0.1483981805345053,0.018950779605603565,0.16268532533684307,0.0,0.5085946076142417,0.08780823066991987,0.2079163115650529,0.24022369069811447,0.2018134578811466,0.2415157729353231,0.19194017595753773,0.44413581884269704
11,11,6.722791129383333e-05,0.11593301818752966,0.012997894306232967,0.0,0.9496751748375875,0.16788063330201974,0.2638399818729795,0.07687946929249333,0.0084717085436429,0.08356792368269467,0.010851506496332151,0.05454176822466217,0.030013299108132833,0.18132176672690745,0.43131854523734564,0.14164124427367245,0.029129266508653096,0.05335214737103353,0.07162978738059143,0.0872490214708147,0.8947226373131116,0.19383695121221844,0.0303980581424685,0.0260104927004124,0.0314543840275385,0.18172003064299275
12,12,0.18265159670781214,0.5641592131069163,0.14168179391344146,0.0,0.18674148161541096,0.4162255344986321,0.35278879681551306,0.2073518236975831,0.6182288801761412,0.24199754955812267,0.8304323152069153,0.1448908891378867,0.11164156338814567,0.16530873498680862,0.21514223591906825,0.10596825203738997,0.13719066659388793,0.0,0.41949509478610564,0.14577952507898342,0.36761691647236494,0.329029641328966,0.0560786788313688,0.0338233009531293,0.0519957445532239,0.2601929873372143
13,13,0.3776024508176105,0.5578745813189934,0.2416799536731983,0.0,0.16837345188801586,0.5525912156831142,0.11146416754805531,0.12760353858984255,0.5532091860202915,0.28687754605406696,0.1394359294171435,0.43471069335551604,0.02954248994624133,0.00019249628525866666,0.011339268747482768,0.30910196800221096,0.13171454134056698,0.0,0.27749611331624047,0.22229853143072656,0.3807577182332512,0.3702346084597761,0.2633180255369945,0.10199123267141248,0.2890200412605818,0.49050192262789805
14,14,0.39913222804305315,0.6698933463505984,0.5734563515966028,0.00019848358540746667,0.15949525953184415,0.46230449393514395,0.1411276758558886,0.1502383607162984,0.36572503461274725,0.5780540897519707,0.0,0.24123162323603886,0.018183846262155665,0.0364691318537969,0.06713210512861263,0.1339653498934744,0.13602339741333555,0.0,0.35076481544484883,0.28384920482034337,0.31303335726445475,0.6239050735654935,0.6039660269578742,1.0,0.0,0.4026097016938987
15,15,0.22058918431311056,0.36800508912946633,0.1622533758055657,0.0,0.3407911742290746,0.22282230887532617,0.10744545147193067,0.40942384322672537,0.4095179409171666,0.2061292843125575,0.46044338632740955,0.05499856422542357,0.10296314239190894,0.31765384657789997,0.029279700633886397,0.0167605563559085,0.10609448081255111,0.0,0.3901515553130846,0.0676930102704381,0.5866074337024809,0.40336278250228724,0.2759907565384591,0.3938517550126934,0.3030594156114813,0.23098242517364503
16,16,0.423516554008801,0.11194900966033333,0.0095283396100249,0.0,0.3148911813151213,0.03493384456158357,0.15206927532009615,0.085603706446219,0.1498503241669611,0.04459760331450407,0.0427983099604701,0.09557772717974067,0.2109861771698506,0.2213606471652733,0.7939775052280202,0.7145185080037796,0.004184265062598167,0.0,0.038952541159783936,0.3977846628297441,0.8722335411065949,0.2330670526170676,0.0032698268036962,0.0024294500666407,0.0032282969599574996,0.2523058660862638
17,17,0.15814785545663487,0.4625975031341463,0.06809528704228958,0.0,0.38150578318902334,0.38581703200193945,0.024564022786395533,0.2715447987250101,0.7276219894717822,0.1795208271433726,0.07655278886271635,0.09608635211982804,0.0365430722286492,0.11310918441883007,0.06277912859799446,0.24579151881368158,0.1607180138110404,0.0,0.2669651498511969,0.5722898830040244,0.5050767286387452,0.1455996666830142,0.1875629459251705,0.4984978611028166,0.1591410127477631,0.1415388422464095
18,18,0.48507246109625096,0.40926051205490155,0.05919350584485513,0.0,0.34580673626658226,0.180808487514968,0.03616521732818231,0.18716776694163825,0.24301166315407693,0.5072816201423538,0.15045464475431625,0.12692598535870814,0.039545606994982364,0.09143947394175511,0.7226493096211907,0.12850976370599168,0.3506933498153824,0.0,0.13739797029703907,0.1335026338366694,0.5986157488493546,0.1695881147683539,0.3614348333756731,0.7848605982033345,0.3274733512489549,0.7014017635309228
19,19,0.2832996709925608,0.4417014001603385,0.18032939593649946,0.0,0.42482766477849526,0.07084982276476999,0.0407070945162309,0.09573830344861727,0.2523927827540809,0.5181340549686141,0.4094053398231987,0.2888326035111421,0.08438660879036547,0.07563659870781743,0.24805067928938576,0.14068902277598724,0.11426721843276516,9.779313492189999e-05,0.355103928850893,0.023390144467506434,0.5899060212789314,0.35019583241964175,0.0974319211392824,0.0379390937008666,0.0934525806500439,0.19158918353400967
20,20,0.2556268386179091,0.6554183617159132,0.17685786119500735,0.0,0.18079901599895,0.303272170023654,0.062412782066944505,0.20957556264619748,0.7706167131576263,0.4100910748535706,8.18911393787e-05,0.1466764312047857,0.061049771768283835,0.26452988959060936,0.011720553143607334,0.08163068868356337,0.1881928848850023,0.27018470139325756,0.3097122017915795,0.05228676022126446,0.32723099491215357,0.4737923840864226,0.4285070796910331,0.5856887091925249,0.4402129650862994,0.13243513565227577
21,21,0.5538371134840167,0.5960566467695944,0.24757160339500828,0.0057760723188192,0.2892863732019924,0.3930009267369347,0.06203362130109904,0.17161841519577872,0.45784757636143425,0.5048212723001376,0.06815169218551825,0.32429276721733696,0.06001885655214967,0.04441043301527257,0.9299816117620864,0.042296232924015,0.1820823527323394,0.0,0.22035611094718133,0.09155631726055591,0.41431489553173917,0.3202468935715956,0.3100479359815928,0.7248973640593709,0.3085172498667724,0.26258857217895104
22,22,0.8294618735538579,0.08664622869250482,0.013179857684990267,0.0,0.7418386135268734,0.11129361761084433,0.071308430878517,0.0,0.09570922104801986,0.0969521201443429,0.03430362472912725,0.1316166471059298,0.405361098812445,0.3460489238259745,0.04299966305880134,0.010358331797775967,0.009874654863657267,0.0,0.0679663386368871,0.06364872443219294,0.9275093967919594,0.25120263509643537,0.0051305767482336,0.0034571765564097,0.005313281685325699,0.03979327078780745
23,23,0.24472198048989477,0.367405556444607,0.07576947496073616,0.002814617231154967,0.4682159438871363,0.252125499271952,0.11038397342351447,0.16393807133635646,0.3384457036955227,0.30885613647022186,0.3377210537773797,0.09663301379965579,0.04209537868883297,0.30147402352024627,0.3933294488730306,0.09517521582618316,0.10777013916168554,0.0,0.17361178194412694,0.03424330334658313,0.608102993881438,0.3666882315051912,0.24846726357007162,0.1309436246431852,0.2722550991006297,0.3124378334793859
24,24,0.308305834382685,0.20502153256775513,0.018549448828277335,0.0,0.7654247185176478,0.06469190516349767,0.4827846466009063,0.06615949164648306,0.12135605331911055,0.008263824550894366,0.1432114143456411,0.11170372724229598,0.26885913071780426,0.12840057836283694,0.11371503292552267,0.064833264062023,0.0435699204275956,0.20974530191458385,0.22528344231130978,0.0266908260966002,0.7780422158105795,0.03866198308124046,0.0002639469294029,0.0,0.0003240753273222,0.1330672643954121
25,25,0.3492625088456646,0.06342570197663694,0.0146799365513268,0.0,0.36369460590188024,0.0031050294110758,0.1522434203435846,0.35125323430103417,0.0848252222453257,0.02979667602407593,0.03368211702278445,0.07195921083633326,0.2572052912082528,0.4619172754864295,0.4760276253962734,0.36489817535503094,0.022502656327659798,0.0,0.04470617529644574,0.18927750339845595,0.9280214773072342,0.22103606001016698,0.011310643078866,0.0096106938179596,0.0122694615628913,0.46004994430379575
26,26,0.2912163792476093,0.5886566749562129,0.6015306240135946,0.0027146754963364,0.14620548267601258,0.5142614728759433,0.13688858105212368,0.18839967806013957,0.5270774372096324,0.33775833281927037,0.19185189489852975,0.012821504695335868,0.1525662219375388,0.198129920081385,0.09544470860497817,0.0940627636055732,0.22588008054464903,0.0,0.3803281262555214,0.2986033100224361,0.4009394210215981,0.6923193765709762,0.2026971495651361,0.2923116124530079,0.211269391669718,0.27171904504236444
27,27,0.12262690317748215,0.3465983619696691,0.09449215128433493,0.0,0.01816185818797837,0.02449629693989557,0.10528997438275323,0.20534724846411667,0.5272950173956459,0.08084788747496911,0.0203916972387275,0.46996854531992427,0.24045671973034297,0.28761169489425553,0.0034945807568502337,0.9017106639591409,0.1138915584575811,0.0,0.08113327556599047,0.0,0.5822759405889295,0.23645188677219783,0.0098944570371873,0.0070342662127157,0.011188070280554,0.08261377545440406
28,28,0.04111040507378403,0.3423011099147167,0.09669724634891437,0.0,0.6256892576638394,0.008956709247380434,0.11536033974206474,0.0164839421946542,0.34209408363546084,0.20994289525994814,0.0188433275789564,0.8488019759425072,0.535637740357975,0.2931402246527602,0.0,0.15766843356408863,0.0011736170878647665,0.0,0.08758962684450083,0.0,0.6963329977715083,0.08875851246331906,0.001947251515517,0.0039942950685465,0.0018673896498958,0.0015480547648095
29,29,0.2672628186320518,0.5752886288487004,0.1370244336627456,0.003076495573816033,0.33603399529896993,0.44119698097477955,0.09840636950659458,0.13322003505353702,0.7289498455209865,0.29344219966301116,0.0763771775559592,0.0463540044656259,0.03693091035725097,0.07679357360132523,0.020813042248531834,0.13374618752519055,0.1036763707728895,0.0,0.3752113419853072,0.1537037657159708,0.4014719478197202,0.18767611514085603,0.36913517963278314,0.5233669888808773,0.4011333780481905,0.249407745474104
30,30,0.1731014887767056,0.6683587236299818,0.08737578899790736,0.044159226619430426,0.20453671844220134,0.7710668256594411,0.33159063973489583,0.13539575376655527,0.8025374095584746,0.13279082126124872,0.4048648864546772,0.8114172472723276,0.11836113406472899,0.020099044190263066,0.054883535195247135,0.04619574653435893,0.17275157508123526,0.009524144249030432,0.2039680924101461,0.40763288514644075,0.2298522999644383,0.18764221806274298,0.0006575779803400999,0.0018543227634527,0.0007395218869039,0.6916838211474479
31,31,0.19507869511544237,0.48947782893232267,0.050183990831719566,0.0,0.21934647473208027,0.5489146172442189,0.05983411509768901,0.5162785358723493,0.4436637806503478,0.39689422564644894,0.03110385764668315,0.19092898620418597,0.0426849782308992,0.11275242686309124,0.05914466820652023,0.14807141002836732,0.03166756872587187,0.0475878296808833,0.8228464379458579,0.12235736662353432,0.48581905919038615,0.4007248372175029,0.41799867398689655,0.6074526014784583,0.45245603976717613,0.14510951993351284
32,32,0.3915493448599376,0.3186814719897768,0.0085580095517661,0.0,0.14292143173538616,0.019546085632552133,0.322959317622868,0.1875536736817073,0.42098155706766266,0.011918504197643199,0.0694163776016738,0.34107608728334493,0.12057381325846302,0.07916928736703263,0.0032547659190206336,0.72786400437237,0.032367475182285964,0.0,0.14442187917953303,0.002273214510071233,0.6089290206403031,0.2767497996136779,0.0548971128996101,0.0782845755931304,0.0420051234471942,0.30631344752084033
33,33,0.13313048269182254,0.6327047504108824,0.14684432204503314,0.00013893850978523333,0.1887120350406927,0.45270172112566937,0.16923897812491037,0.29490358024249147,0.38993423578621283,0.5975374602682954,0.0318229300122293,0.11355548728783789,0.08407978776105644,0.23659950255583473,0.06318884279314284,0.034543770068701705,0.19327415173287396,0.0,0.42514093429731586,0.0735859125330468,0.3879829086308677,0.4773247316337254,0.3692511163644841,0.281939518925636,0.3380337527032204,0.14679179679317725
34,34,0.10637572856964807,0.10007744678905023,0.0053473948344171,0.0,0.36234071425415076,0.09465019179329426,0.18337380829669173,0.2426485189911419,0.0995780256331892,0.013811277996256135,0.0099645164256871,0.28573722970243526,0.14790161347299877,0.054308642952135104,0.20998145046906727,0.8284312570008213,0.2881010708285507,0.0,0.050684510801828835,0.6130534730804339,0.8729139613945157,0.2884135160101623,0.010823272275076,0.0033377492401884,0.0117374526241535,0.1675396801940041
35,35,0.4418775994228668,0.686483195584907,0.20174776495739896,9.924179270373334e-05,0.15912669508117344,0.30636328008617414,0.13653496382186012,0.13917183996081675,0.4996523014090973,0.5987335755906643,0.0,0.2488163117614639,0.05585093159094747,0.013322052537217632,0.0434876584350379,0.051867751120049634,0.38291339192456575,0.0,0.37977759152413615,0.14207181840847247,0.27999037442956676,0.21323167214315566,0.5619386028599712,0.6900813467320567,0.6248658004705075,0.551799704668991
36,36,0.13711651413168766,0.3547554731932078,0.05758120008428916,0.0,0.3222256229940032,0.3315674966424164,0.03748459628361806,0.34775624563940655,0.41901954439091454,0.23412451722257444,0.02313353801022975,0.14743384493686532,0.14835364502335283,0.34203313012387165,0.013563640863615367,0.14382814827317933,0.04668852557327677,0.0,0.3595003950870494,0.0002642356982428,0.6322302747900512,0.11995312542111251,0.027234034712492704,0.011138679382426,0.025533741122145,0.40268140320431195
37,37,0.23511245421763502,0.6277562006859277,0.05162042676367707,0.0002977253781112,0.19099336711601703,0.3785400697734203,0.21062808865934815,0.22589942663989548,0.6166724330518745,0.42840017253865154,0.46966507535337904,0.15919420009281468,0.08914950989871413,0.06448921733035591,0.05085543104195863,0.03807009328993253,0.3138898104872194,0.0,0.2849625229172475,0.24396068899391762,0.34561656602306345,0.44017659644134227,0.2518662025457703,0.0942758738754792,0.0188523185781832,0.38067339261153693
38,38,0.8166667344454462,0.692915648779144,0.5007735942474,0.00011909015124446667,0.11086185304081099,0.3431381203362213,0.0686396101652392,0.12881339259951952,0.5636779264290565,0.5560131934743833,0.06016974902243,0.14526058502976183,0.022537990211887498,0.03687982515227974,0.05331404582095497,0.10357253254697966,0.18912367777263128,0.0,0.34104734033582323,0.10321884597497104,0.2803174049919066,0.5643724176031107,0.9235811571278859,0.8620345766533215,0.9463993588679885,0.2341712343706333
39,39,0.3587057542592767,0.8419699374706543,0.6655006952222825,0.00019848358540746667,0.14356683960496316,0.5931559217738399,0.18274232831835122,0.13425782689259527,0.48092900892196067,0.6768970682460204,0.0,0.35849240565677337,0.025074011462155835,0.011566218306361134,0.12549394750961454,0.07924068039361509,0.37031376470290817,0.0,0.33512950056612945,0.24594487610967608,0.16429307630217585,0.23866849302826476,0.3327194643853721,0.2050222910331738,0.3658635851071901,0.2582259313395934
40,40,0.022124559467321236,0.13876029967267464,0.03360663682091337,0.0,0.691222666560244,0.052301392120574074,0.04001583430544927,0.09349097482132025,0.15107765090789038,0.1612696035146317,0.27985666293657824,0.19706225223625265,0.014428651251418734,0.37045943146128346,0.1801773091993694,0.031217070239601134,0.0905441518388187,0.0,0.34310009887751064,0.058271734360535,0.8667385868010442,0.4501660521467859,0.05774507496483109,0.0343881637726903,0.0655216946388604,0.47157538346245287
41,41,0.12188382220920509,0.48777318504866307,0.06906649187493304,0.0,0.06885816688387283,0.08739727112996905,0.22986529020166688,0.7580488069938752,0.4306494949168753,0.3641696966921555,0.19982447274099205,0.1608308030849357,0.10385953196216802,0.08541295303100939,0.28427721965790115,0.2701011922279819,0.24037682401200025,0.0,0.33614114066360196,0.006639524303884067,0.41060361791401545,0.1547364995865564,0.0161170096957914,0.0,0.0169004371092299,0.23539763331973612
42,42,0.28905361797064255,0.4656691049327613,0.0670536927631441,0.00011909015124446667,0.15795385250089652,0.45687062916380894,0.08028909373377793,0.847805496820412,0.43937672483666274,0.33547602497666246,0.09361238999408034,0.3173766572257754,0.09885815240601947,0.19154066459369112,0.0407785983825902,0.05593576862069777,0.11642307944562673,0.0,0.24082385248569724,0.0195345515677164,0.4904253339476905,0.4576280452607449,0.2032481273894928,0.1438630261021607,0.1745273461451163,0.1329070641792285
43,43,0.13135744842478864,0.5059819616551794,0.1283320317462472,0.008873666147809567,0.4901363811823824,0.4021847980006297,0.07319751071699247,0.3011881087732268,0.43651461282232895,0.4102335377195639,0.0616836775770589,0.20582502301193847,0.04171117898824827,0.0457436418620252,0.028981036061187033,0.05473479422211086,0.018643860130394735,0.0,0.1619974581305579,0.0214588083548375,0.5106710529381308,0.4683594944959009,0.1410463039085417,0.462084593660862,0.1325443635106184,0.10707028238684285
44,44,0.004780096101882133,0.19337990693810245,0.060185515930947696,0.0,0.7164907742111254,0.12800560108408546,0.1701163413051133,0.2790988909590792,0.1695609722823882,0.11006856298022977,0.00893867208453845,0.2909520098856539,0.06631668213030413,0.08922026625342562,0.10396978518521777,0.058010396699406136,0.053338542667330936,0.748927796398541,0.17822311636380003,0.0341547087901585,0.8088590325017808,0.10128627211845653,0.0160885063629549,0.0513811801983164,0.0144915837809301,0.5036757615864088
45,45,0.1346007034031901,0.38747305324754544,0.10165747705655259,0.0,0.4155637446309128,0.4231673375775435,0.06776377798650696,0.2186923558098515,0.25698295644748964,0.3901640265056547,0.1841235681276785,0.07431369825281786,0.13944170910515105,0.39527712093119355,0.016006819031608,0.054080736472225034,0.1323645935306984,0.0,0.35744784373563965,0.021532772198049666,0.6395950300325117,0.18069192229479467,0.083341550020266,0.1392128424621203,0.0860782258035392,0.31088603418043026
46,46,0.5912431951529226,0.7507541282015789,0.27137266031744406,9.924179270373334e-05,0.20786867749762516,0.44322754857640545,0.0822956500256556,0.13644578211181516,0.37416877896186956,0.8493635086122561,0.04002627434236394,0.16417503090786517,0.012298337078038866,0.04873501384699721,0.1010672320009454,0.1029074686335184,0.3368368021757229,0.0,0.19172492093552687,0.20698226212444712,0.28307340329471814,0.1623326664114162,0.34294521748464896,0.18476179323557682,0.3128971467301182,0.24517262331512069
47,47,0.38299744060327895,0.2489163815163311,0.06377895344825878,0.0003771188122742,0.5877677901634547,0.08588366085183692,0.0411087905467801,0.24241633938530063,0.3019720029831483,0.1843528125491037,0.16171183172584006,0.24754206156172298,0.084502598212155,0.10011818824471073,0.24954356378375464,0.158147205518239,0.039917480845738505,0.0,0.32702477688617676,0.10015320464309387,0.7391917100688883,0.0656996737068727,0.1407930972402008,0.2950483883667008,0.1149196323354288,0.10896096452016485
48,48,0.12497832753421938,0.05350472792380703,0.015618207755763698,0.0,0.7585947063288696,0.018137173965268334,0.0034244248800674,0.018434834675995566,0.038868224068507096,0.14024019481294098,0.00245673418136155,0.09946440562305647,0.051666317308967834,0.6822557981824864,0.5141124050632785,0.29913449513365775,0.12453044845512647,0.0,0.07847926267795097,0.07045013555752096,0.9896916938701485,0.09038511931171243,0.011796917422071599,0.0100663534989134,0.012083930989483899,0.056825154656368504
49,49,0.14212158928412755,0.3687543182105794,0.25044787847100697,0.00041681552935569997,0.29899831654074893,0.18306605723721017,0.2900881265347377,0.0631838646909875,0.36638673933323496,0.1130828101165194,0.0640973141969107,0.1714920338317446,0.3080145100116107,0.2401429924033414,0.09043338220641346,0.2395817890481123,0.11280026811252412,0.0,0.5304939913872793,0.029634389156075264,0.5679511913960357,0.3295371464586065,0.0005705743198811,0.0012037806762827,0.000654343222492,0.2199895271099824
50,50,0.3754139764055249,0.9019563161591709,0.3163034052706509,0.0,0.14973770580326254,0.29491564158234734,0.19773068119236148,0.13609164675526048,0.5455123341885977,0.865922111588569,0.298535524771564,0.12739304691942951,0.025308582005359303,0.018023415019897335,0.028359471045795767,0.07992941414884737,0.37914897018465815,0.0,0.19994943915850472,0.108668528104944,0.14702058136050622,0.28181186362624516,0.0821002724835874,0.0671069081509727,0.062023011933443596,0.17682624708928768
51,51,0.26278943378278824,0.7958632054372057,0.44259967137491624,0.00021833194394823335,0.17037278903433747,0.4042085112724512,0.2069613144752366,0.17627778480868828,0.5543675059418582,0.6231249071298426,0.0499471113375084,0.302250426373138,0.03098527078476793,0.029381193681456197,0.026963326578948635,0.0684942174240115,0.24116177008622822,0.0,0.26621487496592305,0.25397376974545277,0.20324101720209514,0.34260540074858564,0.4995002895953426,0.6555566379802641,0.0406948822405254,0.2503612930897341
52,52,0.29027702180868825,0.6877734037796651,0.15422962965653866,0.0081122791145172,0.16876850667174334,0.3208637910812362,0.3841579119236545,0.12456840189262214,0.8301310980225818,0.2271008957438386,0.9297665558988142,0.2546648540086154,0.20777835225431163,0.04033749162670087,0.014824338044765633,0.08690775226087223,0.18564251390852915,0.2163684348368212,0.19739008769306854,0.0746284820234717,0.21937406644773275,0.33735106522779573,,,,0.19959398491802405
53,53,0.43745941196364974,0.3866899928593617,0.015290829398357597,0.0,0.26432331647796486,0.030032033413372933,0.26252003112535544,0.46170589045566895,0.5255159072041448,0.0727575568522106,0.2008194341523152,0.5801815679899064,0.23443393596993387,0.004256220622886934,0.0007546030787805333,0.375448236799413,0.04386137445452154,0.040363330597326434,0.10834032665548073,0.0089001957322277,0.5476563904199542,0.16790071981364119,0.0493111582854746,0.0171626426495817,0.0535354280661813,0.12069841048931806
54,54,0.13616472461630238,0.2364311412088368,0.008572728005678466,0.0,0.6659954973837768,0.08015679112507974,0.3544927741369383,0.005813313472297867,0.06464800781182624,0.19650892762186004,0.20898581594483148,0.058613536904241,0.572770968700297,0.026923892078742934,0.0035607444067162334,0.0032821669283328333,0.13596025252585753,0.0,0.31813104981893714,0.07592384272100357,0.8124042159269425,0.6033770754642258,0.0168130589988648,0.0298987842609167,0.0177854105377275,0.09241543943592215
55,55,0.17137156806486598,0.44749682993629203,0.1836351604935308,0.0,0.5787199276931704,0.29053569106999944,0.069834635135287,0.09488204501628945,0.25718454325914114,0.47910431190344854,0.20333133967762068,0.1341463516624356,0.019537565691441966,0.00047667395258743335,0.03952393772092163,0.09402441103819346,0.28183648551267343,0.0,0.33401203474670615,0.18825565535259395,0.602967978502347,0.2475319480508338,0.6765973742110264,0.4745494605073856,0.7528037405100605,0.16226663369414795
56,56,0.5187238264590729,0.7495807612162647,0.44555384717377994,0.00021833194394823335,0.1339057565710353,0.4111163401552192,0.10169712312182899,0.14792495525966723,0.5446416303414713,0.6312005622915446,0.0,0.08426137024748831,0.0510139967186353,0.012640058556914434,0.06996323978614984,0.09712808826189144,0.24470408207913308,0.0,0.29771194379185106,0.3853808137795554,0.2554498526912869,0.38339850215039323,0.2635298687439978,0.3984882253763251,0.2711726796431024,0.27122788337754816
57,57,0.08287193716675466,0.10574373557607053,0.0088302341292954,0.0,0.19393566214590066,0.04175772783946457,0.24660176293071687,0.5669926117517553,0.08359522623656096,0.01568017159739483,0.043508852864874145,0.1159166541176766,0.17995011819976336,0.14115873144742955,0.4936429581022641,0.956371501617571,0.0005075315824796667,0.14929490077916843,0.0647157076607732,0.060220776556724274,0.863969889498314,0.14194466464773434,0.0216290258631297,0.0077927104108297006,0.0226069496541407,0.0918311075428294
58,58,0.17406993253179734,0.6100204515636634,0.11567077478010257,9.924179270373334e-05,0.19302764287507068,0.31242428534209205,0.12472145142801079,0.25180982632350385,0.43226284991934244,0.5938919255139976,0.07749672590145755,0.21770453915960597,0.07397523320221307,0.07868124009745296,0.040421054144332495,0.081434822478591,0.22686229503071562,0.0,0.19156647116370407,0.6953929456500253,0.4021799662515323,0.6354657167697102,0.1465276757929526,0.2999380434059449,0.0969371165062937,0.41171085927788775
59,59,0.22641959125180824,0.5845306303744331,0.08154357048255537,0.0003771188122742,0.1621882950548006,0.5167358452315419,0.2925202926227796,0.4172366683101935,0.6360176780316169,0.29724514640670524,0.3253337108955263,0.11287100623469609,0.09830807995148949,0.1684826459534573,0.4373156533606033,0.05047976982582103,0.09328156877245551,0.0,0.45265154726808704,0.02354644226319133,0.3299297939838311,0.3662492911818971,0.0125541250036936,0.0047725109997773,0.014292630321176497,0.13758353339446466
60,60,0.09420053653926651,0.29436073158034254,0.052238330671002,0.0,0.5093399835045003,0.7465863077194932,0.025908807759344867,0.1986889049314645,0.3514445837503477,0.17096978304886798,0.0296608686249909,0.12811495336272924,0.10681169822195896,0.3994918368553478,0.051754883160921805,0.012666990185989333,0.1644099922616503,0.0,0.5036186008330614,0.15550267675279836,0.7303815808181495,0.264958330476891,0.0866253635947153,0.17474956113002596,0.0911842900756082,0.2380099330751816
61,61,0.022381050344357268,0.0918599602067232,0.0173802140155794,0.0,0.5772377211587273,0.08518860786119449,0.10233946093967321,0.31408295767423094,0.10811718028246393,0.0655910113504833,0.06183790981486245,0.1630003373768932,0.2311988638546915,0.10931834335463657,0.0,0.3383697243567812,0.07142067649479507,0.0,0.09240790088428948,0.0003963535473642333,0.9044527335180748,0.4206956817776741,0.011188439917643298,0.0036067415931436,0.012612208075492399,0.5132673658486764
62,62,0.144802553652453,0.14340536310551918,0.028357452467030964,0.0,0.730891371285321,0.04872005804731333,0.014733623769937768,0.23925865503079036,0.24684807476970191,0.09855187554989149,0.12909592274486054,0.1899053793447295,0.07861730952670228,0.0659329434332962,0.0006539893349431333,0.21091983930739203,0.022759818937005998,0.0,0.0154115291730862,0.8016212747485043,0.8482733657666255,0.5349259856013869,0.013791368695284903,0.0128736440979992,0.013932396009884699,0.105228897743914
63,63,0.1150401299283171,0.40518093221515006,0.017584878641655432,0.0,0.3190786904566213,0.06323185538675517,0.21299969420687204,0.23221173976338216,0.3241428657569181,0.3796474873320184,0.1286006252025747,0.0422372690883857,0.21610668267302344,0.13221800834151112,0.36034213625739137,0.0506746535838132,0.1008284621811026,0.0,0.2849696661097853,0.10410152033569497,0.5386659527607658,0.14503573716774135,0.09689342942204542,0.12334545582653271,0.0978581576426129,0.8278348632174636
64,64,0.16049035346553922,0.11847093242753691,0.03366007900262737,0.0,0.4486175715584036,0.020361081564950066,0.0569087445652883,0.39814694345133544,0.20942557864381975,0.07397549479541053,0.08424264531627244,0.1449126022323253,0.09202409996689832,0.5506679507611106,0.0011067511822114666,0.3034805365286187,0.24115434070066924,0.0,0.19509652582395218,0.0,0.8587413390669407,0.28056063411980026,0.0098772864403906,0.011587035607195,0.0088822789508278,0.09701191495966745
65,65,0.11700975147710115,0.37726218725019905,0.06657940818337917,0.0,0.4895662899154754,0.23396611854092372,0.02970330771692037,0.21426332631836087,0.3497833531528818,0.3515791292043359,0.16076346832624083,0.1262090236092338,0.018197043562468204,0.35193816859642163,0.017886857482148133,0.0018952679835087,0.24729378611924724,0.0,0.4946108542990371,0.028223823437742736,0.6695258634658412,0.3887671085283102,0.149882297581697,0.2028365558026024,0.0692895492232095,0.10230836646069645
66,66,0.4722061317440576,0.7293468193011489,0.6793309048633955,0.00013893850978523333,0.19777698797180907,0.5793935388988081,0.04722366872468944,0.10361505005292689,0.6065185972653541,0.5221740610196757,0.0069609846746133,0.0030421005600721664,0.017746306127612466,0.05462404881680436,0.16586162701454418,0.07874926269012333,0.1566342929943254,0.0,0.25271656348743204,0.0201956926010853,0.2694656346593247,0.6480730808568134,0.36899203373501194,0.7192423769828006,0.3148050399520459,0.30181793890415093
67,67,0.32755861642403516,0.9613412652335165,0.47244129466674617,0.0004962089635187,0.04897744037114963,0.3508634533364307,0.5184329957448552,0.19615198378047027,0.59205911841783,0.7461053616793277,0.38961170235418763,0.2283607888364021,0.040227055530807104,0.010765736571141033,0.1026987844879758,0.04296842098967433,0.39244435474821276,0.0,0.3044630239414209,0.12256434033829694,0.0,0.14310840035658048,0.1571721183509289,0.0424986917018261,0.1791279333211675,0.16010491014094919
68,68,0.022815330857343497,0.2630973034265059,0.07450879790418154,0.0,0.6013721570958026,0.17215461127747356,0.07045584399287953,0.17854166348142617,0.0,0.4207641309689231,0.0,0.028395926781402802,0.09595168565113654,0.420324416044527,0.47391509730020537,0.06356194462532506,0.042845399811364,0.0,0.19059214182213313,0.1461671761851289,0.7958621867063873,0.22431195554544225,0.0742652972792914,0.0597017162960769,0.0831384255843633,0.40261379374475736
69,69,0.005739527666469933,0.21265537230250375,0.019970155277941933,0.00017863522686673334,0.7642713180398802,0.29863355154021864,0.4462618125006113,0.185097864375111,0.07967977891708956,0.03323620780065723,0.0003548616039744,0.15533395818966753,0.21509898070415578,0.026120571825531635,0.2067663143870139,0.1052244591313477,0.08259185522530153,0.0,0.1727565589330783,0.06310608342631523,0.7707553781349588,0.23204938683078677,0.0405258360774077,0.0623026082866683,0.0382328313388828,0.19716559632766278
70,70,1.5180496098612501e-05,0.25634393833557806,0.27999057272588157,0.00039696717081496663,0.5556170009615465,0.3102926494316561,0.09042122563228545,0.31829094755199794,0.25936655780847884,0.1458962040088583,9.55396626085e-05,0.1309301315725737,0.009246785661458234,0.13717313482974233,0.09485673254046294,0.0795737226278768,0.08189506282492513,0.0,0.21479475826569747,0.8250009998197984,0.738326580374471,0.24877034834609316,0.166598340391713,0.3743461213862114,0.1639760104127445,0.5627170037142304
71,71,0.0126221435965652,0.1725636602198335,0.06142481751648987,0.0,0.810153221137271,0.6236258500220616,0.03720846513922277,0.2111372133154845,0.20719703797323333,0.0971582111698965,0.10483653742595005,0.029270281521237798,0.032328901370890666,0.1114500570796527,0.03508011925737203,0.008529183641338834,0.1315944071632535,0.0,0.258497694713068,0.1390111024743911,0.8305501376929121,0.5743904499772792,0.1517202013509091,0.1779906926153272,0.16684827793413107,0.1957739332286543
72,72,0.5628503591230868,0.6790791039778096,0.44809549536488785,9.924179270373334e-05,0.1745936056611236,0.3281355513626902,0.15953111432421216,0.17319964213117708,0.5142562598537637,0.5348666385949262,0.0744080727142704,0.10172335788191,0.03897945552892817,0.040353404356861966,0.05801269206317843,0.09811316236458156,0.24030268952709558,0.0,0.3352286473796375,0.1779081797696361,0.3159771846032326,0.38799308522259895,0.3889568585812455,0.396035421085303,0.051660004921853,0.2954973598082872
73,73,0.09527070595269034,0.6529107984844104,0.053837807700499264,0.0016124166531427335,0.1862043533493921,0.3498743262109496,0.15130415906570827,0.2568650984652822,0.6466454004111213,0.4715237729195075,0.07768060344288945,0.1816910540449712,0.12736782992171156,0.10013611202773233,0.04511774926112636,0.04579927400253483,0.21207794383891873,0.0,0.1635016696191294,0.3437959387164185,0.3580927502058302,0.6613826105470341,0.7147213963119752,0.2967402962918516,0.7311647629591427,0.38311995433065055
74,74,0.20826297304591032,0.6425636670434565,0.20702658728131307,9.924179270373334e-05,0.2532278427049637,0.42285285607029954,0.18751771751058458,0.22631952496848115,0.5073157876670434,0.4817399662034287,0.053546370764158496,0.12419953607459204,0.017940935440967868,0.08439097214895268,0.009625123719915732,0.04460582141402087,0.17763471391186905,0.0,0.18907635550493773,0.4560038960780832,0.3800427140118618,0.5421518265262697,0.41827637823254166,0.8139403690451199,0.3865684046489432,0.35190265025972095
75,75,0.16531648387566616,0.4773673953632751,0.13452765154013793,0.005729126201263133,0.25106312463062563,0.0824509485122025,0.22421922864864005,0.30035663408063273,0.4742246771761563,0.2871401327437296,0.21762180299102296,0.21184004296755354,0.09798786027043427,0.06565556260520027,0.6121883789919765,0.14501028339017194,0.10976419639399693,0.0,0.4767437448320435,0.020620770699139465,0.4878850231173184,0.334999789659127,0.0575741865337231,0.0685396462235804,0.04814319150634041,0.30688381306643714
76,76,0.30787330324510565,0.5656052577434466,0.04396860649562443,0.05673161565750137,0.28984533642295185,0.9995468449076697,0.49894876603058586,0.08671346025737743,0.41764542116380254,0.22401528317351835,0.0718090946443878,0.16511059539338654,0.28995911204815883,0.032821603569763026,0.1409303293593504,0.044625785232626634,0.24899430186026186,0.21042096425447454,0.24065744107954656,0.12893431938324817,0.4213640443792609,0.4878272733923527,0.0307948174599563,0.0272842809940617,0.0315015345477469,0.37702485455324003
77,77,0.007165778348305766,0.310677265919673,0.06178202922545067,0.0,0.4830246230363024,0.17771324861846957,0.057837232183589,0.1563799540362887,0.3850349644406,0.22715237562249316,0.09558296567138025,0.11066474521788233,0.09205939869164903,0.16065456998817831,0.06561390623651077,0.0381944829801681,0.231377867317613,0.0,0.3921940060822407,0.22626942538134864,0.6844685782145334,0.6122753078401332,0.3003456986639224,0.2206362358888776,0.3309515590887858,0.4613107133208685
78,78,0.20342229321552843,0.6928727875098998,0.20650454562312096,0.0,0.17970795130909767,0.3244953898218836,0.02940376283809486,0.13588586207501166,0.47327225499351755,0.721014826654605,0.10004515996397101,0.3176411754096206,0.029033626213333497,0.008770470029486633,0.019544904100535,0.1738745705010036,0.16932708692686496,0.0,0.16850105952591654,0.17454692345362596,0.3068340501683072,0.49566962148289945,0.12481788691046898,0.08979592058182269,0.1258606683131467,0.47405708760127296
79,79,0.1288442478449226,0.28475796915548607,0.057723677991115364,0.0,0.5465611648737687,0.0671143885025329,0.0432705474794186,0.16071619737172874,0.17771797618106314,0.35194369288275035,0.0034121308074466,0.189632368647206,0.037218605402922995,0.47062789184449977,0.022537116069543634,0.20680284414705194,0.1276906819783001,0.0,0.163928883878381,0.09558738646201533,0.7655941144664167,0.29524411158814473,0.0182230839358803,0.017893171564852,0.0174218636195712,0.18365751113934475
80,80,0.022089163143207736,0.3828727309781856,0.03757725290984743,0.0,0.24482056113809947,0.08838821304345086,0.7240884527874373,0.22194435469319893,0.2712823842089856,0.013370813250214034,0.1180887247201341,0.030504645060500133,0.7714276320765622,0.0006770000338995333,0.011336990306283832,0.21585706208657682,0.0166676349656688,0.0,0.406361509831555,0.21103192803949644,0.568020255804948,0.09976094122539343,,,,0.21266049026377476
81,81,0.1187874862350012,0.1060467985582015,0.0,0.00019848358540746667,0.6194560380684027,0.31433767595068435,0.1277916178037515,0.19823507956980055,0.16667061655274615,0.006000596315381433,0.0198218119370284,0.06755108631947089,0.09736402778625201,0.3294929356748157,0.0,0.19104031372258046,0.004490030548896633,0.0,0.006987644456906466,0.04041840111875903,0.8743044623374199,0.23709028377589733,,,,0.7816123894197456
82,82,0.4907003979655804,0.4800476677895735,0.1765160911949161,1.0,0.31970644235004586,0.41442807060003134,0.40610099080596146,0.12203345665073463,0.48298869506766023,0.06331598618098254,0.0,0.2262901551975399,0.16962106994452564,0.020486359869632265,0.04178811472134647,0.015192409391448032,0.07083919498754614,6.519542328126667e-05,0.2928288533826067,0.25098538991513886,0.48010032188946183,0.3728824053695002,0.014980528579756102,0.0153203123909552,0.015139066848612598,0.7370112190948628
83,83,9.542026119126667e-05,0.44616139796065335,0.033602295874536774,0.0004366638878964667,0.350015225896864,0.74327422162004,0.08217300765891236,0.2358365560742349,0.49945592184323323,0.2826529374645807,0.25179429937736225,0.16079501331844256,0.0408669742701555,0.11168714602402846,0.2774081949195927,0.07247953312059546,0.24913329973172524,0.0029989894709391333,0.2960065190555797,0.2377047568213574,0.5095201682045835,0.3596600754169734,0.3482374844455935,0.1108248066995949,0.3798822354161282,0.5888826019956355
84,84,0.0724976120141526,0.5007877030785718,0.11267560493987126,0.0,0.40377270472541343,0.17674261112881426,0.007894553303181734,0.07036681930492956,0.2472502937818238,0.6505064118186739,0.0661451953314486,0.2762343699755086,0.0012952295825470665,0.11025087926189618,0.03505239626670476,0.1813340064458694,0.1593701361524366,0.0,0.24239503145377314,0.21283477346111365,0.5219522331227372,0.11177167463845818,0.12381165364272022,0.1163808001597329,0.1367949814966491,0.5898500461228671
85,85,0.10347983890830703,0.15762670114131133,0.0865622393621317,0.00011909015124446667,0.613113955025502,0.06660662559413527,0.19484248401267087,0.43797352909251686,0.22551861247357394,0.0021198586318671333,0.10199163194748045,0.17826366014034178,0.12330404446410287,0.0497401148885697,0.2336017857445677,0.08439268574702737,0.5744366516840403,0.5972163157363479,0.05894294327274056,0.007195103379621633,0.8017541643659807,0.055727038321546296,2.9770577468261968e-05,0.0,6.262721290758823e-05,0.7296266810029781
86,86,0.4641396907755835,0.7055468430071111,0.7043991587492903,9.924179270373334e-05,0.1814352872657742,0.4700040423942107,0.18421068218235448,0.10318164488865804,0.4470895568547244,0.5610062375686513,0.08880662974556794,0.18923697193268188,0.025293894435397434,0.0013769524807491333,0.0212201287552692,0.21044379033097646,0.2939855225644146,0.0,0.21125123135696014,0.1789926818225116,0.2813039909351386,0.30769959177973166,0.3602484628417051,0.3762580425487319,0.34546684158915236,0.312346970329763
87,87,0.05059877451086623,0.2570003426016169,0.06036652062698097,0.0,0.43363134352880467,0.09698819595105727,0.0767571064187354,0.27203529604163146,0.22366160107821442,0.2565290914366272,0.07630101274674625,0.08074606404823499,0.09642301119855978,0.14623964744358522,0.061355069101849374,0.07756177293130646,0.2514785020872791,0.0,0.39367995906639713,0.6912929994835778,0.7406417213919552,0.4963667159977299,0.4474131810723068,0.2814599725240416,0.3260071019066534,0.5487483998538933
88,88,0.1883382840778851,0.14528193979239393,0.011884954213305167,0.0,0.8446398517924457,0.04605079625368356,0.021125955668963164,0.0412358723687249,0.2370536240803477,0.10274840943425904,0.09029380617870464,0.30931089464164724,0.018922587222596533,0.2675848789108351,0.14424756808120387,0.17100399572135602,0.021895101963557134,0.0,0.14219465439963538,0.0036647585220489,0.8686151841515786,0.15719886908950903,0.0420447431199929,0.0460741152961742,0.0139748152230942,0.12410092916241776
89,89,0.08927619226234594,0.12859739404263779,0.018788432124387165,0.0,0.5981077324605851,0.08198312437981183,0.08476438308607188,0.2288634536389682,0.2639232606201168,0.0030051544638570998,0.08057642246174435,0.21541822782679262,0.09526809347105436,0.02688503669873593,0.0006539893349431333,0.4297579449228695,0.014788437453449233,0.3815771229615619,0.05698122296495434,0.0883297760382044,0.8461930034103373,0.5936089950116303,0.0036856551271844,0.0089562424693337,0.0038710803860675,0.17292436851619958
90,90,0.463383210294503,0.7852282562115479,0.31485066245642707,0.00017863522686673334,0.1774342577551553,0.49110123512722653,0.20182242888024035,0.09442091823997534,0.4897684253016407,0.6919618739422795,0.0202867922554931,0.14258599407447523,0.025132175760730503,0.14035257786799238,0.10289337956377276,0.05984750092979126,0.1467598100508381,0.0,0.3564914357262849,0.1405210036378246,0.2455883713306467,0.2129164370850174,0.6405488683118873,0.5649652060442116,0.5464259840126321,0.18974778725176505
91,91,0.6536341679011893,0.7156920348804134,0.31950845309451964,0.0024738454129843,0.08879301424368917,0.5864187943921068,0.1948101552589263,0.19381399243109168,0.6187255174871907,0.5026232060333833,0.17341101057101785,0.11713486686151776,0.0263168408225289,0.0127461089955036,0.10409062168009575,0.05693133346434907,0.9940295407938117,0.0,0.405804573921853,0.03945851187912814,0.18211283065918743,0.23348753081640297,0.7830908170513228,0.5034546018278311,0.8475287212191226,0.28300289191269995
92,92,0.058685478008249636,0.1392143292913502,0.029684379344636733,0.0004763606049779667,0.7454653224801069,0.035307534228496834,0.07412420417744824,0.1895243502019762,0.16707500189259308,0.11256836219563789,0.02179647455158375,0.2021973542002152,0.017743924596299598,0.10819298932953536,0.06892771878052477,0.4049786043059153,0.11437997271336736,0.24233669245285264,0.08327555724240743,0.0258766628714945,0.8538573474119326,0.06300796891884435,0.0065851553338174,0.0054725918809698,0.0072765963539229,0.08504683473589165
93,93,0.08651542749533386,0.09434640303327775,0.07083629122098094,0.0,0.4503455888201837,0.043176849535669005,0.08802242856035454,0.3517141101539254,0.19688545000065424,0.003031738463555044,0.013398386506726749,0.1773595299494701,0.19233890787139016,0.3615992344084921,0.025220357786844495,0.5739134070060049,0.020842946117139566,0.0,0.04176198675869933,0.0224431583081708,0.8784729269866112,0.031500193355329935,0.0134681141088789,0.0235958631923672,0.006562088838435,0.18894421388207056
94,94,0.0528459726086701,0.5037068969453558,0.061363831329228534,0.0079984385291336,0.4262668151990401,0.9400334102306896,0.5286770446669994,0.12047593880287076,0.48463774594532993,0.07094250822684679,0.14461552435631264,0.06169638888431883,0.060871027059744835,0.06394766871644487,0.5905713195303796,0.0262228547754453,0.05098230962913,0.0,0.3646143930789603,0.0947060685967655,0.46082403216500206,0.49461810686558,0.069939093562767,0.0140988602461634,0.0630939153485569,0.30865606183669153
95,95,0.0467876096940337,0.6076325823543188,0.06111575886129123,0.0013496883807709,0.32822399989610657,0.6471079802346451,1.0,0.21475461202570179,0.18533062335936354,0.2575641475818724,0.7612004224147515,0.0010974406229413668,0.03147462676761493,0.021257092607383,0.4791805602305635,0.030000752976913302,0.2746679256269592,0.098762785851975,0.27377125711475275,0.8521299282680342,0.33812852037618824,0.032188590466265564,0.2957787009301305,0.0538296896869583,0.2976339926812366,0.34944714705198787
96,96,0.1635806635470592,0.27601962445153666,0.02619255321086783,0.0,0.7220814246011495,0.0173448172592516,0.068777485809898,0.11430197883345496,0.18754633653191247,0.3321407555249352,0.04682376767273635,0.23213312706896808,0.08964069650391322,0.2118055000578495,0.0890553575009501,0.0634834829981387,0.0319674984222627,0.0,0.06382556580986123,0.2531095278426758,0.7538530584066001,0.12433164616554747,0.0038415844430354,0.0090011004456824,0.0033069961665946,0.33844051792128305
97,97,0.2736920647901679,0.6189826832856208,0.16092437754925484,0.0003374220951927,0.20786185146844852,0.430996124887197,0.20365718110352382,0.1638216684150817,0.5532412613817751,0.4551133990414986,0.04096820716554715,0.07135202346781104,0.049123630152484075,0.06278671937938589,0.05024310257322597,0.04879239834761537,0.3191639725673936,0.0,0.43010114093352686,0.2246397877990182,0.3072500378945788,0.19293193933782649,0.34188581018049174,0.2882432074521004,0.33686438656842405,0.5880583829739756
98,98,0.00011927532648906666,0.4175206149613933,0.05115954311765131,0.0,0.6292691053450721,0.11697602762823629,0.09111222894758157,0.042592373193927564,0.29209684218544796,0.44935271973753893,0.16213094367787612,0.31150397898170684,0.020029998655815968,0.24814660648130804,0.005559915268128033,0.0080787862589917,0.18771985148997597,0.0,0.3538411155323024,0.0,0.6374589324374909,0.4340036597764909,0.0346666642616109,0.049290288336415,0.0380274703377416,0.1531113358330426
99,99,0.17805873299626152,0.377072022855347,0.036604473357177765,0.0037659885527466332,0.4905242318044345,0.28378851398673405,0.21633008560514197,0.10382220552852096,0.4343922555052974,0.21846087159989067,0.27241293477496586,0.09126292563338201,0.06184353944112294,0.2036248072553449,0.2372942516712542,0.029366119553809262,0.15486095826692456,0.0,0.2621370023560475,0.05665294492607712,0.5837780501462497,0.6246599580853673,0.0044057432374804,0.0042631916440698,0.0047221630959889,0.278286143182622
100,100,0.2408834784536781,0.5192998903647851,0.08318013514448747,0.008996206013762635,0.38473636475248957,0.7658529980413236,0.10971542338485189,0.24526839169760364,0.4880929663048634,0.32238983458994874,0.00375334388819125,0.33366582343648393,0.046834484262317566,0.19271810895277422,0.1825270321701915,0.014916155314727933,0.026677914554728302,0.0,0.3694498886647348,0.12878814331348848,0.48717011546292566,0.28166949766901156,0.1447832352508523,0.6996318429388092,0.1282988381721422,0.2250800175936571
101,101,0.22544074054338567,0.9376387121522286,0.2171146483235975,0.0,0.26212172164441205,0.21326730396126595,0.0026770998985149,0.015994666608793336,0.9673231020789826,0.6694313435763427,0.16164656079796663,0.9770180591818973,0.005270753578139034,0.009881075349770167,0.0029543091810809003,0.06040741231233617,0.2150661028437947,0.0,0.12389954496013927,0.0202152823092988,0.07393417366521875,0.19715052985105955,0.005753222364979699,0.0003209126706188,0.0047691130960258,0.1656478158387559
102,102,0.1778574450268208,0.8126767198114843,0.14013096572854408,0.00027787701957046666,0.17424456420822107,0.3986664439485989,0.0799157167050262,0.23670190338955685,0.5148236624913329,0.8597285070528851,0.261432800587285,0.1388523146399611,0.02315172159764887,0.07008845965080573,0.030055977107071297,0.0249273507203099,0.376515931043361,0.0,0.35896589117731903,0.17263790805050164,0.20042508623721605,0.17950263033778358,1.0,0.7248385355739787,1.0,0.23366793955054865
103,103,0.016941367484766302,0.24304917375790777,0.07125096652730006,0.0,0.6939675198762981,0.2562971262929048,0.15736112112226341,0.24739545237316082,0.23965474220519303,0.13761791042368976,0.0073377494914718,0.16191350738105711,0.0120315033050354,0.08872590613527609,0.17686868668195607,0.07974914833400283,0.11071243668781557,0.0,0.26040032047377326,0.29826286559841925,0.7690635481048818,0.24008289350586862,0.1269037461793257,0.1257182037125224,0.1396673743122719,0.30252092198179137
104,104,0.08839904701207069,0.09678874159828037,0.014478929382842001,0.0,0.47826854193384455,0.11241559149782104,0.13522189073444546,0.10395802861510565,0.09238458334768969,0.07105167680014164,0.039715547042739704,0.08835294902770767,0.03704757868800917,0.3771131895770563,0.0037681696663990996,0.6787544652327898,0.06839117975823512,0.0,0.08008620070156956,0.17057984189239747,0.8998383676286481,0.21126095800444963,0.0135692594181709,0.0078040646243236,0.0095088806366061,0.12311074513776935
105,105,0.01706522922410007,0.512387913752065,0.10860103537516717,0.0006748441903854334,0.4345377333696447,0.2499581407283619,0.46877302094849,0.13122923425263758,0.5438060964174337,0.15138208098800507,0.08544641227728135,0.1903863506677018,0.15290305464619602,0.32233184277269783,0.2880400118774277,0.021354447014805166,0.10959892199774313,0.0,0.3830416052136963,0.2715960629576381,0.4650672588379616,0.17000357116225193,,,,0.33800834347720476
106,106,0.36831765344396117,0.33067527351124665,0.07657519224498337,0.0035397572620744,0.3348851085314338,0.06503490563198604,0.12133812023273365,0.10901466885847493,0.3214051843353812,0.24630882752476588,0.1856080476440275,0.21801651094710572,0.029151053677822166,0.2160102102728223,0.19866731797210746,0.42142735283506877,0.08669139695724422,9.779313492189999e-05,0.31813609310394003,0.02174664984384173,0.6597080206877948,0.35810379091828753,0.1317231362352686,0.0787398577897231,0.1452265789056909,0.10224163743223891
107,107,0.0261434000768983,0.12752258665501756,0.043467582640294634,0.0,0.6796318309391864,0.08513933914758763,0.022423007627338468,0.162858110838583,0.0796604916423138,0.1951430605917247,0.015466383684976,0.15114235276058552,0.011013596634775668,0.26780913584562344,0.6617507026506962,0.17943587076706688,0.03017531404834183,0.8757062146892656,0.0198276043734314,0.11147489205878403,0.8813535833584605,0.27570084533228134,0.0870329606788587,0.0365869704945295,0.09876531117572922,0.5679990440796268
108,108,0.33174978740179656,0.8400228903863974,0.2021022775047171,0.0036958443536719335,0.08584923470315207,0.5323843251346094,0.15629021847417335,0.2370977286719963,0.5317820475230709,0.7922451357135932,0.0,0.0505143812420783,0.015400730687764265,0.02696981685756537,0.10756124916442156,0.12468359217751196,0.13726237353294213,0.0,0.2958999576811158,0.3331887604062526,0.18853515795323156,0.40997444852642423,0.5587089581637716,0.4466995977191741,0.0084142163847631,0.21501608241666445
109,109,0.3121823302680518,0.5851704616385208,0.14498056977006588,0.02158671477868777,0.21631480628487035,0.4444756128810136,0.21197131941552985,0.1906908532177697,0.6695544739330157,0.31036156805600973,0.9683842938696486,0.17381791429838866,0.16808549056212144,0.033898480984041864,0.06670777132876017,0.05852916769353824,0.2288395508806985,0.0,0.23558983967199518,0.06555481102390667,0.32203495076536043,0.49496377269677744,,,,0.29206991055227427
110,110,0.29348903119554215,0.683706930654567,0.43019027560597545,0.008505296611970166,0.19385485191497656,0.43394004607172376,0.17903425711756701,0.16213417890994947,0.7663911847424937,0.27798732864223274,0.0,0.12389675491718499,0.08950017054353354,0.06802193948966166,0.07587403857215673,0.0869362620129468,0.12494563251150996,0.015308677308254068,0.4346856969668722,0.29294636141631203,0.28889642881591493,0.1880995806827709,0.0044398468502688,0.0027034978091783,0.0049443413799261,0.31449386539472224
111,111,0.1024524021020295,0.3572072510972583,0.05253282815398717,0.0005954507562224333,0.5477241688347977,0.2862816645225444,0.06219046156474137,0.12370083237376593,0.29413571238750796,0.33804859475748045,0.2035008644495726,0.17746218324498372,0.06710395201244283,0.3476246986710714,0.004380126641790333,0.034950987980706234,0.028095806876161367,0.0,0.4583081377962039,0.002660645171980433,0.6911615884412396,0.26692883458712724,0.0091455390511893,0.013899323272548498,0.0070857171958593,0.1444886888090515
112,112,0.003952495158988534,0.13539817128096354,0.05791263477661216,0.0,0.667711724027456,0.00014012471099276668,0.0177062567192128,0.07530390338120546,0.09876481637429546,0.2035235664929681,0.01758157690701085,0.1597353455096086,0.31285066077717466,0.8519096663152087,0.10610281646776416,0.019180743113755002,0.016508083563789102,0.0,0.0,0.0,0.9058615754768078,0.08175377080732643,0.0017964369059223,0.0036786749179731,0.0018064124992445,0.4543633670495212
113,113,0.2768086340252456,0.0204235144914815,0.012566045467479733,0.0,0.4390973597684868,0.12407163928366356,0.09508353327201123,0.1645499989632647,0.044628244777166565,0.011723992189754368,0.014550092352313299,0.06458101390773857,0.1759503171728748,0.2708224713202214,0.2884841934237856,0.6178643195551458,0.0044221774812993,0.0,0.04484841017061367,0.119302699607252,0.9693193386456983,0.2762867061165955,0.0064600784105776,0.0043088036998136,0.006040153645742,0.3885569414239381
114,114,0.1683991295832645,0.4325958227877503,0.20514345647689344,0.0,0.2541598274399872,0.2218724294738922,0.042913994889909636,0.21822662062827325,0.2783110009524219,0.43656889938160903,0.09680621369997336,0.2147584315307183,0.0811261274468238,0.09630346639193839,0.23915279784417817,0.11027494853095028,0.3062778130578217,0.0,0.3019139763157586,0.25070013960701776,0.5566191399814808,0.4084261546654509,0.436949109537502,0.7560483435167326,0.445329472450079,0.8012275878220667
115,115,0.271716500912554,0.7473374471230118,0.36662332273044046,9.924179270373334e-05,0.1408805267457267,0.4207167697412712,0.34310692252666236,0.17520522346518197,0.4665436085346577,0.5781568100196438,1.0,0.08915823975711411,0.08136364667502817,0.09763700778340485,0.0377319342862337,0.07388696473186666,0.4284163865712524,0.0,0.1987149970705404,0.20894392932822212,0.26636094224551765,0.6349184019898942,0.1152832891685555,0.0582641467257079,0.0369585581966994,0.18867103082809944
116,116,0.018371356643030096,0.5081894695825246,0.0478480157458289,0.0,0.3075000317063401,0.3583907960113952,0.21774429481343727,0.5932624232934255,0.3493929715455963,0.4486111438501868,0.04908241008343195,0.17353527188866455,0.024415050088799267,0.0814131970626485,0.35744285280205723,0.03719032021417563,0.14450252006174388,0.0008366745987764667,0.22293074945595934,0.0980055121284568,0.47164414225842355,0.2236290842949066,0.2752696822687773,0.1753019338505287,0.2987120230278219,0.5285089758038164
117,117,0.00018433459548313334,0.6073869455145591,0.15154918746313073,0.00021833194394823335,0.463958923330539,0.19389049881306233,0.017014705188991536,0.06687576312980494,0.1580100697525512,0.8429282254744352,0.01069009325578045,0.1675131826864498,0.12653351594701048,0.18047087379564272,0.2307084582675504,0.034522620282519595,0.194763680652296,0.44847659543816426,0.26879523048798853,0.08638755310523633,0.49652605412701245,0.5254905571001184,0.0240826788850816,0.0292103205493822,0.025546982062884704,0.11586344206075415
118,118,0.3652773724610951,0.5219233736095861,0.1931915135368519,0.0025744370940523,0.38456206877197907,0.2664356431939247,0.13839786014352318,0.2551320079462756,0.5220237706957543,0.3371516525469546,0.25778319794426224,0.2718727206466664,0.08908925736689548,0.11622165507616983,0.022956808901841333,0.024982363449666367,0.12828552771150056,0.0,0.3538260896984944,0.07105422414087027,0.42743991467715525,0.3080777613375871,0.7323300751193984,0.6868660676927562,0.7493303630489055,0.0804217190130342
119,119,0.3043844317727665,0.4524438510306606,0.1539055676544164,0.0,0.2225662487069635,0.5658265772269764,0.0364402142791904,0.16396922026044988,0.4935500627837512,0.24972768298369977,0.0630180071748515,0.4712725876675743,0.08214127637199493,0.1854067152551446,0.0153416448984192,0.31727271126181217,0.6746918098143935,0.0,0.23582720851419128,0.0018766839952501667,0.5106920811463245,0.3644750889480342,0.18220342818987537,0.2086557596871861,0.1728554810342665,0.14728052002134814
120,120,0.2432529847112471,0.3119152745887524,0.017420803959903468,0.00027787701957046666,0.38026026857466527,0.3962211704588334,0.21882668034002925,0.3160054577862344,0.22248444663368358,0.18786098963113596,0.032736651423329655,0.3606668876335269,0.10194128905695791,0.19428116742999982,0.026505666286629533,0.3194583544900362,0.16755941730571022,0.0,0.18333242486992665,0.030703640705712566,0.669484498505881,0.1804208371188116,0.3433386587221617,0.6889533428030191,0.3662124723265987,0.25457098916350607
121,121,0.15955611962930624,0.33505821656909124,0.24296783282957382,0.0,0.621428541593995,0.22339938025735698,0.28689588364766466,0.32399366565597854,0.39712034717877737,0.038780228886990696,0.0420913737204688,0.2701267577788576,0.059616246458729205,0.031546831167108,0.05183614554762054,0.06482279904760259,0.22790161957146893,0.0,0.22192041486036349,0.17119787052166124,0.596017842719631,0.09353928533962745,0.0469247221193596,0.05467693746590271,0.0493101064222578,0.31083475301808494
122,122,0.5108958873091597,0.6444689835130984,0.5903263778629516,0.0,0.24282097347792977,0.2433456972359194,0.10780816420243307,0.10660368459068208,0.6262673747357418,0.396449300473606,0.0,0.017459344663025202,0.018559381945811932,0.03320251951029284,0.0313399415615977,0.16324104575935452,0.0902012724688493,0.0,0.28470371866595595,0.0891045573227404,0.3279431873702151,0.3600517147628237,0.3870009995857348,0.5480926869673457,0.3752636087995245,0.32919687848516965
123,123,0.37174289422451173,0.7371424809120183,0.3772242271442498,9.924179270373334e-05,0.1420328667237458,0.2880608573230546,0.3286775821053436,0.2444454073004068,0.5819890860632578,0.446945651060902,0.037198824934883495,0.22336005952659874,0.013658100515733268,0.05115409680772864,0.028279654410191566,0.08922315154805636,0.2663610254107996,0.0,0.1624011719329509,0.25391274886674287,0.23059146945555553,0.41687614478901747,0.7138137598383464,0.7338181267159133,0.646783061663651,0.35897810549102593
124,124,0.29562304768815123,0.5795815005518578,0.2529851277358996,0.0,0.3989187445606115,0.44215853287294804,0.11875382918051887,0.12075324840072459,0.37767984959181394,0.5405781120134975,0.14000647047600678,0.1838945263592616,0.007353149607822833,0.019216623637268733,0.011961246245258498,0.10936805240866136,0.10344706608196876,0.0,0.23048730309650878,0.023301733840335733,0.42442656989644256,0.2979764140507614,0.4463810275590216,0.5385309512592322,0.4793974904558611,0.3191176176548799
125,125,0.38293628767913807,0.5871232265886942,0.20027944638010994,0.0,0.2767262831212578,0.5066177837520766,0.03573401204901703,0.16965280954547504,0.37005334145426844,0.6042777825988325,0.0830394810053333,0.17640008676647834,0.018676473648019134,0.0333744915531924,0.22794446246668784,0.14765522740454914,0.15120941291614098,0.0,0.17263985446451133,0.1419025800718461,0.40134863113216723,0.30250561879532495,0.3711624150640755,0.5271854899233323,0.3963948491773432,0.4931653031831824
126,126,0.2967337970753599,0.6147394340341866,0.18016390219277953,0.0004565122464372,0.2517663613390076,0.5965527201667628,0.1534181125665043,0.10804237895612277,0.5036333799341665,0.44301737510757233,0.0142141461099187,0.2288556442130778,0.026615417158289134,0.04318499502609654,0.02024050189882817,0.18725109245626334,0.12467081952934204,0.0,0.3864112778391801,0.022585203984099734,0.36430308154280305,0.3487085366266334,0.2558437341987883,0.2756872936595519,0.2562140706123554,0.2979103046894346
127,127,0.21888524244211705,0.05510853742764402,0.012009419718385367,0.0,0.0243090008949035,0.006215313134992201,0.08063364165969637,0.8773228150010391,0.06401722750289326,0.07518635467678754,0.01342098242084055,0.1074062473943242,0.11526941541376157,0.9062135216334654,0.03344680593193477,0.7533879443799161,0.010247708750004365,0.0,0.035486183278218765,0.0,0.9351072102535577,0.045688261342531934,0.0120892380300344,0.0090354186400206,0.010289157688214,0.12267580469344595
128,128,0.27420761025237406,0.6600761432821395,0.15046072051222112,0.0,0.125769981297916,0.21177898726588415,0.29529022662698395,0.25972847197995624,0.8568008485363915,0.24678006303655886,0.437752544437084,0.28174626710549205,0.09971192281045194,0.14082693166883137,0.12795444272035145,0.059265162013315935,0.04910463009326036,0.0,0.44629864651337786,0.11755834344127937,0.2537400088341826,0.5730907300894027,0.0070871774173657,0.0,0.0073747361931184,0.16184710037833175
129,129,0.4163007232471759,0.6581104814266812,0.07057839954667167,0.00017863522686673334,0.181409005323983,0.16480026939950376,0.30689832466720524,0.2166051554161262,0.888447842817253,0.2335246889740633,0.4019504753348164,0.3444034773520461,0.0789158879694823,0.1457418674037817,0.2410360933174076,0.05703270062719526,0.09903481686813363,0.0,0.37308338835985183,0.095930327158375,0.27429989218893647,0.27914291090894255,0.09568150002176008,0.0533367438107036,0.0531831937003737,0.1668938486507352
130,130,0.21361055400648407,0.5035122549200285,0.026233690096209464,0.0,0.23960867407887312,0.1915776499570477,0.14641454323447617,0.39712306081942755,0.7581223587115082,0.20616371024039726,0.47810384574145803,0.1526437302315783,0.0328420079577925,0.17293771385043696,0.3228976773612729,0.1129003145672683,0.20894804805548636,0.0,0.3486993934851232,0.06711758111052317,0.43029746473663577,0.27828353091046604,0.10401451034451088,0.014575506566889001,0.0399630974789258,0.2473893418037622
131,131,0.1100804967227667,0.5970323659218009,0.1864459465861115,0.09418530803000467,0.018932151565460034,0.08632321376225366,0.37157435323747307,0.44359875009244826,0.7788011101102005,0.12651370107459883,0.2266237417878768,0.15187223107315695,0.7252125592808111,0.0,0.09422303035474373,0.26918671695786345,0.14763210318211692,0.00039117253968770004,0.19693395022921323,0.0177843879513826,0.2912708043254946,0.1720068097765309,6.614920639672457e-05,0.0,0.0001106210428967,0.04652457390023945
132,132,0.0947955974401743,0.17847075425474326,0.03270083640920337,0.0,0.33255415953960743,0.025821491860720535,0.3266408162836698,0.9815982949994279,0.1439443568291394,0.04959056728192247,0.11911149115881865,0.0246707375006617,0.6132221649653041,0.10292501489815294,0.0420247067451407,0.12003291305899061,0.0061380081561749,0.0,0.1766472220133788,0.0027489007055182,0.7793208691446252,0.29717579287462215,0.0617821615038296,0.0462251779692765,0.0558372883193257,0.04322804865583155
133,133,0.0,0.4229254037115678,0.17615679284435912,0.0,0.5072318472768041,0.30719109391090177,0.09386722312216474,0.3185603174604143,0.46177041970194316,0.304465799672286,0.2170487658987285,0.1153783411267756,0.021666423127362666,0.1134899590137251,0.30727947922819493,0.019215312960156966,0.19218151425213112,9.779313492189999e-05,0.2378552911887307,0.16171310688083243,0.5891422505621587,0.5032542163605394,0.10141184563863641,0.09845215815217671,0.1140390219254676,0.22678568116414105
134,134,0.01793731855528673,0.13280541034235036,0.0222254993486652,0.0,0.8212418702165861,0.0876873145793113,0.19812720115910776,0.05457665691613874,0.13886090885654973,0.047584370126109436,0.0100981408019062,0.1625682727180702,0.1561064098567869,0.11625665554186841,0.0955347235068461,0.05353137026213276,0.0699826690150705,0.0,0.15759166315011644,0.09923445340864395,0.8721217837061581,0.5965554906288258,0.0163177203358499,0.0217405205750149,0.015388111151168999,0.33348805392594744
135,135,0.36472285635579776,0.5953274157438834,0.12761738983696896,0.0,0.34484131057045136,0.42180099401982923,0.05162797466166603,0.22860226175644036,0.49245889446177166,0.5284158705827356,0.0084427880552114,0.24974051548166443,0.03719932235230663,0.054960807432074765,0.03874018837255127,0.06608116790609174,0.2320070749606985,7.606132716146668e-05,0.2342394488695998,0.1622807788927736,0.4052781245043421,0.22722855929336294,0.561170239939253,0.3187546170925366,0.0,0.3402058180200468
136,136,0.021884747871282136,0.14776034876433444,0.0031457507958362334,0.0,0.6259684918890911,0.0713421477049411,0.28062883793195087,0.1011366458937419,0.05754860446856921,0.09285810235140628,0.0686878290833049,0.08637196621187276,0.15286800397217293,0.25655204367728063,0.1009648161557478,0.3491905549060223,0.04235555108029773,0.0,0.022314400253720963,0.13306971621808786,0.8562901996474311,0.41310139922827616,0.0045133480859391,0.0053408807440157,0.0034003108585044,0.25975499656079004
137,137,0.510654221287156,0.7348667051148422,1.0,0.0,0.10516135727075486,0.6761710615350877,0.08777207341028037,0.13339353319312144,0.5085079814040313,0.44417095395557915,0.034494360012733455,0.23725635012033022,0.06132367544064493,0.0318863213200299,0.07299198034109651,0.11126977311552326,0.24737004434894075,0.0,0.32593980262283084,0.16898744337622262,0.24059052498726854,0.703408145744907,0.46045159307863787,0.5070072080146643,0.4824653141690445,0.24183505618069068
138,138,0.38680062250684594,0.6661452058305329,0.6520961970480058,9.924179270373334e-05,0.2501614155023308,0.37894738005306317,0.07881456509281447,0.25312253433274234,0.4924461937963646,0.5388761253539733,0.16973244608958005,0.20031997451850217,0.0333764507122725,0.0351898506961272,0.098560660607153,0.0757850887384795,0.36493086285171844,0.0,0.18430633535632193,0.3250732072182327,0.3421808566757918,0.29536357020861703,0.7912834670560596,0.9262620064789987,0.8089643750897899,0.2671141152185009
139,139,0.0695408596686362,0.17886387897759867,0.0821729408194813,0.008185773036569833,0.24712590117716174,0.052572239957110765,0.35474026849882856,0.11973144123329167,0.1129004627461337,0.03129878466932327,0.15518995266975688,0.05104079151045443,0.35358393957932305,0.25340782720529437,0.06603395667072924,0.9092953916183039,0.07901554194442785,0.0,0.05636486268942673,0.045055655787352204,0.7736292352457144,0.08274093451912357,0.0001985125062387,0.0,0.0001547147453101,0.0390949051929929
140,140,0.39783304419394333,0.40356733380450965,0.0256593068160464,0.00017863522686673334,0.5740239593520037,0.3237579966699227,0.04974251580341793,0.04924723027047123,0.5807432367585865,0.17377844756872243,0.00012283670906805,0.3936981565027564,0.06774312159519104,0.03795716373728747,0.07355878267863382,0.05968243295767973,0.07270197808261471,0.0,0.33451924502721786,0.0178784691262436,0.5951489935444634,0.32389866101474507,0.2374332254394832,0.4176659463772176,0.2486871539209794,0.1436175766470764
141,141,0.3899105228812716,0.6894812423888056,0.12150116851759409,0.00021833194394823335,0.10962279813737687,0.5119906275165479,0.2883218840302839,0.186482749368496,0.6273803736655963,0.4267051148344187,0.0,0.1653153329479948,0.047991633868411064,0.08141128461583848,0.011001350779272568,0.08234351124600403,0.19656415049275697,0.0,0.21162275669437144,0.46489102407044586,0.2958109947233797,0.5987715724819603,0.5933767328478203,0.6949739835469083,0.0349212762604089,0.3876292522109608
142,142,0.04543060155698403,0.19228779618331407,0.005823253778916233,0.0007740859830891667,0.6182636001098213,0.2421420723191127,0.3405104134931914,0.15072072868993316,0.05561112195040966,0.12453992590565627,0.0122136619025231,0.0879886487987146,0.48058406210475724,0.2509612347007713,0.7370572277927886,0.044399059159523635,0.17012488883331853,0.0,0.26040212166993126,0.12859278072629676,0.7867494840015572,0.03141979281322277,0.0300053915346794,0.0086288965576051,0.0315640860604498,0.24710955510087396
143,143,0.0,0.37140220216123043,0.04676197488977649,0.0,0.4716724219120059,0.05860357822811163,0.008699780808392434,0.26640943558602614,0.22567645580549467,0.4857094565611244,0.0188261254984181,0.23922022694893416,0.12461653338142403,0.28507608340278645,0.058668506012430066,0.03693693367339646,0.07897163014210623,0.22397437007295995,0.3105227053448169,0.0,0.6687610584620538,0.26652541146133396,0.006463405784974,0.0225192557045092,0.005498129966230299,0.3836508867059353
144,144,0.25691101754152895,0.3114760205125941,0.024897623377404633,0.0,0.42426533092585134,0.32390680604095495,0.16951073923618107,0.32807054165636873,0.42166853693080464,0.11735131490321034,0.3421615780665004,0.05794958992090077,0.12135446871941931,0.050630580761497006,0.03478790831198927,0.0602323368410417,0.11819625138498467,0.10878636500569246,0.4143185841821027,0.0301318751760809,0.6327575058445055,0.4768704200731544,0.1373420393190784,0.1426231386379891,0.1458003629849426,0.35330824478827816
145,145,0.33208241098801566,0.8238869603435853,0.5956811884425076,0.0,0.1441745019570467,0.5114249617106997,0.20757897484266127,0.14455230998967114,0.5211058500724093,0.6883068157897881,0.1418908972103693,0.011450685223448734,0.0404808423479567,0.02902743871279417,0.08001106747466243,0.07628484090464147,0.33407633935542774,0.0,0.2523740109535339,0.212782764716672,0.2075766911866238,0.5072716487489243,0.544458549784372,0.6296177793332237,0.0,0.22239318714269635
146,146,0.35849259966779695,0.7768545315198462,0.2460631427560603,0.0020537301565160333,0.13005887769246183,0.3888972973433897,0.10722707385796047,0.19237388529640653,0.5037135699623011,0.7441381214452578,0.0,0.16307605462929556,0.029106661150771932,0.03138803993845223,0.06385248717872437,0.05600343711415497,0.16020934018748206,0.0,0.3715225677897982,0.48109689691627944,0.2461947604142004,0.41811907219014,0.5918495665266834,0.6000064506621313,0.4069173410240498,0.2653482506129242
147,147,0.20085242425055647,0.5042096693209198,0.09495224819300914,0.0110194386924201,0.22087404160157117,0.6433022900175277,0.22612682137280707,0.2647813226386008,0.6831192689418072,0.1154767493583025,0.06110431612253705,0.1361980495750151,0.3377019009916131,0.055423474331075334,0.1431060654238631,0.0081877697098083,0.12366253891306427,0.08908379209256335,0.22803684301444313,0.4443363316083199,0.4498182914279736,0.5923272244721914,0.0003460903415621,0.0002055757597108,0.0003949747529097,0.5013970695611649
148,148,0.014505164755641,0.21202765916117283,0.0001968164932221,0.0,0.5827743257216617,0.14310034240188693,0.002269262772903133,0.14618443119082766,0.19071861711935323,0.2544598175016746,0.0687333857341802,0.21859732386949718,0.042969838654318665,0.07702193573105326,0.04452624499824916,0.08088722891303828,0.10233371600361484,0.0,0.16711113094999142,0.07738567558368699,0.7914610478527642,0.3057287070054235,0.0135308445814571,0.0051475699297634,0.0155073596882978,1.0
149,149,0.2988649949030006,0.33804951955389057,0.044664099371371634,0.016650672989343734,0.4873280235569814,0.7205742588978943,0.33759137937818967,0.2696306980545722,0.28260711051234105,0.0811487117865603,0.00871441006141325,0.1142844231082079,0.15638975238418032,0.06374061008319021,0.9565644976233404,0.03787520209024674,0.08744446357251796,0.0,0.3958494529840139,0.08641279575468397,0.6127015755040168,0.26770793315763824,0.003345047105284,0.0006403373567648,0.0028168180310175,0.19581083318503595
150,150,0.027791592448942703,0.20199443285620058,0.07415231114398936,0.0,0.7923927629805892,0.0440670134787749,0.10068401744494859,0.058645410331092905,0.43258759204991365,0.0008160391719070668,0.2006299318768979,0.09680063347976293,0.13466916630299938,0.22086816832008302,0.059819678508022035,0.12411006806964503,0.47373867282806265,0.0,0.15675298049645983,0.0005725106795261333,0.772158208084351,0.1909483580651997,0.0005532607908035,0.0,0.0005119790300988,0.142124684756408
151,151,0.0640517257179066,0.07024973362814857,0.017248965636357135,0.0,0.5401819109259662,0.04475019031760143,0.12782485525181903,0.011299181095512768,0.11882353283653913,0.028031077019222268,0.17131246526853755,0.06478145744727391,0.0981948806648935,0.44588318062643206,0.08461408133315378,0.5644733821157909,0.04742023277104623,0.0,0.13263384143517534,0.0,0.9326709618986184,0.3959794354943999,0.0062787549656756,0.0051460569748777,0.0060595051278763,0.10703012757895536
152,152,0.13437249928395362,0.49946483423772525,0.14651170670051128,0.0,0.3383099074243787,0.19908685198579515,0.2145444435132878,0.14933207539925697,0.6147406596665196,0.25665245597167674,0.1928053127081019,0.14438204721520953,0.10921584193271254,0.2076640494781615,0.29330710988677366,0.07897124555729636,0.07656852379112146,0.0,0.5055723922963987,0.12355692686744459,0.4703882557783654,0.4404023500159658,0.0533936163745091,0.053180902338649104,0.0586234964365318,0.15650538274705061
153,153,0.047140725294709,0.27610942724176935,0.11086385819235813,0.0,0.48938238127312506,0.2749345269195282,0.0855910002740058,0.21009158665769193,0.17049157598556883,0.2945199553688626,0.01376390878262675,0.09027814765028726,0.06643937623007194,0.12921152358225696,0.18482970596193385,0.03879344280673863,0.12942818254257885,0.0,0.22533864562908223,0.47668610443235143,0.7430699426403731,0.5930524130179413,0.1745699390695251,0.3246823963673683,0.1607659633591905,0.7817432020264714
154,154,0.05100725409655857,0.377138107488475,0.08890820362716943,0.0,0.35045982746930715,0.2737440426553915,0.0296184334863426,0.25977417125466434,0.23395311368288843,0.44007853906284033,0.013305416765680549,0.08746354337188227,0.05523895789291183,0.20453604937859096,0.2120983335694047,0.06846499690145887,0.1349283276311738,0.0,0.18948193830747498,0.6034423390743481,0.6443670022428063,0.6253851667786144,0.2896674517236811,0.17186015180010203,0.3187047769727719,0.706555502887652
155,155,0.025551852762750165,0.5573033310545793,0.17361231690719872,0.0,0.5545961395448397,0.30479313167158234,0.022184724135712666,0.13392286922041793,0.5543713780424971,0.45717703795914577,0.07132656820377405,0.056691419617863635,0.013251328761160766,0.028503967823390704,0.0017221369424657333,0.051223559885945964,0.12666996079859344,0.0,0.034534215776967435,0.039223388173404504,0.44820383650268036,0.20005182958685155,,,,0.4286884390875325
156,156,0.4315220012513228,0.15078929705378996,0.0293671984035984,0.0,0.16997761046036075,0.041929795052925496,0.1337103658027201,0.6257739425278567,0.09869213439736628,0.15894359056630827,0.01491811066164445,0.12222217999976483,0.17979753327612732,0.7484876580151517,0.020966367816608034,0.40010790222132697,0.0092760322293519,0.0,0.10617641426983966,0.0,0.8511236099085235,0.2329159044560257,0.00833464370197,0.0038553825660298,0.0034701937966503,0.1340121781329099
157,157,0.23097330058885082,0.4674772180603373,0.12143902118536211,0.00011909015124446667,0.3533884567035965,0.5982050376469966,0.08336551767502609,0.10788204320849121,0.332048332276802,0.4128269673682941,0.00793391125981875,0.14788311636343307,0.0010074115948825665,0.03576973259856553,0.020806878677199797,0.24798089257145364,0.0765161286863645,0.0,0.35406431823290824,0.11644691089995657,0.5246805798279585,0.33400367992398805,0.2955077204983388,0.3192931861861288,0.2935199020593729,0.4910899217368254
158,158,0.0,0.4031573337535667,0.10761303374479399,0.0,0.35956521859320795,0.30335564059866155,0.1729622604879849,0.28912526616482165,0.4562319422639222,0.24859947868417423,0.22975577423507376,0.1587051958019724,0.08226824500338657,0.5053127419152589,0.42979885287967656,0.006865819606571834,0.08694246755546815,0.0,0.29820827510970366,0.7029008587354824,0.5699826399833969,0.2155977994577477,0.3177526326892533,0.050410562597571505,0.340620722196815,0.36378571570796747
159,159,0.37353465307529804,0.6820232699489558,0.1570734706256379,0.00011909015124446667,0.16325350708625644,0.41497400734794027,0.12522214998200434,0.19551312002331347,0.5959588607979326,0.5337986536947722,0.2142435475827142,0.11235433181670507,0.052981392513863766,0.061896102091665704,0.1076652589293673,0.15024442405127944,0.2881392563404565,0.0,0.25119450419610345,0.1674585904855634,0.3176612413141776,0.30415248961548463,0.5638196046055997,0.9018073824418688,0.0016771046140187,0.23422294785041994
160,160,0.2994280660621464,0.09420206338213662,0.025898581794434633,0.0,0.3578717543347712,0.005567731227914134,0.07607484413833233,0.30228005487583864,0.070483767724421,0.1425641085992162,0.0029207839711743,0.0,0.22653761293874033,0.649357931120088,0.04437682680643546,0.4075947609704915,0.015946278326003798,0.0,0.09520954715725057,0.05429824074181503,0.9191903387542582,0.28606498380890827,5.193988968780872e-05,0.0001895933405175,3.388966225283224e-05,0.209147105445591
161,161,0.3155247480774301,0.7500404549165453,0.10567225577755661,0.0017652540134930669,0.07919459159341104,0.5156801919211388,0.12067135805740777,0.1707114593420125,0.7166970290982468,0.5660071226057539,0.0,0.01925681879931297,0.08898696802790214,0.05746063132655716,0.0757181933099196,0.07167164704426343,0.1917874800217814,0.0,0.433474854562431,0.27692510281773247,0.26231036325072915,0.6812957040606723,0.7839833073101493,0.7555667546698012,0.0,0.2582144524801449
162,162,0.20349195891070107,0.621122845428083,0.10355401682467054,0.0,0.2910012979606766,0.4782902885516836,0.0711263642497265,0.1755430045470715,0.480004760839244,0.5768103809499822,0.11382849208907944,0.12040343099739774,0.05175270704907786,0.05675748423065147,0.0233396490209609,0.08080648681714668,0.4559601162709955,0.0,0.3642201998420802,0.02632888305385933,0.3890047707742519,0.40810145472744735,0.121906647296558,0.0734636902778038,0.12051772583393168,0.19446246917192128
163,163,0.07302397853300972,0.48190373628582206,0.07191689581581202,0.0,0.45934688314092686,0.25191802889663467,0.013757966824008067,0.2123166271965009,0.2689049056439108,0.5997849248304682,0.01945873258746525,0.1952488458283594,0.008237881155151434,0.0004059554670215,0.009285885930226766,0.08447015307378024,0.0456599712234472,0.0,0.046136605210562766,0.10824281759533978,0.5298289144380979,0.22343420062859176,0.0221937487778323,0.0097998892253586,0.025083468760084503,0.7710199112527116
164,164,0.0244039873019114,0.32276488563831957,0.07709791943620836,0.0,0.20221058214311174,0.12647269635158023,0.2977389993443053,0.25346623599947987,0.3775085309854012,0.07225362097389504,0.07156309334766955,0.19040924741278084,0.9425298771807858,0.00021902769857083334,0.0659374083671516,0.4518714368737638,0.035198436748819895,0.0,0.10099257505950814,0.008920961779812766,0.6124413433212054,0.10953680643033235,0.0,0.0,3.446138407998423e-05,0.22828740729544825
165,165,0.1586267379607866,0.4553885147416126,0.07761997002979466,0.0,0.4282255172028025,0.20411407721092914,0.1160342100819452,0.283545892891491,0.4154281108591818,0.3595016715973216,0.01897053754178815,0.18477561126746947,0.002784627529568566,0.09970947495966803,0.00045276184726833333,0.07187178251119217,0.08936414145070903,0.0,0.388131508093958,0.0003963535473642333,0.5751547790372931,0.5920350518497893,0.0434548848213277,0.0231193128424912,0.0469474238572816,0.17607196455894863
166,166,0.11579991455094674,0.4116737041652752,0.13296399446604631,0.002575087040301733,0.50722495956441,0.1881038199511864,0.28253402776095554,0.20494197925545285,0.5808125874627867,0.04024635424834073,0.01609968347525285,0.39678935363190315,0.23921995595619946,0.056848420357623934,0.3141477362968641,0.015009204061401132,0.1597725843660374,0.21755940405344965,0.08985416133895369,0.2768174179206624,0.5187717261249609,0.03425039404586913,0.0001683040870329,0.0001961903876365,0.0001687905403574,0.6645104776080973
167,167,0.0007893857971278333,0.14249962426934357,0.03161946437814223,0.0,0.8934179175592277,0.11299036202770253,0.047618622566269635,0.1510279498398185,0.23904872714774386,0.08200680999343103,0.0482600513465248,0.19613771919065318,0.0159395115207616,0.18983435484048697,0.04247734068514286,0.007556100453847101,0.11596460594384296,0.0,0.4053660887841519,0.009738838850430366,0.8666346952817597,0.26272797978535517,0.0006552564295822999,0.0111200178344249,0.000529628006627,0.10290442080748824
168,168,0.31918300063695715,0.14168599706589666,0.04543966128455143,0.0,0.7333314597503501,0.15612528743989132,0.1607414648432983,0.011811105870650132,0.1562847477253603,0.05621157850394962,0.050350808378178846,0.23190523052364612,0.4847668134935157,0.041686247339811695,0.059556570195386065,0.19075803695361696,0.027184256052250635,0.0,0.1132775310333232,0.0006165499625666,0.8726184778902479,0.16379918465524676,0.0320738867143202,0.0246120240620069,0.0321381086875374,0.136204917968389
169,169,0.25164014401903967,0.19553719814906714,0.061119988848094726,0.0,0.7863116280615524,0.12038235686835667,0.050701255896062336,0.05350188442632453,0.23466801253535427,0.14653583559800598,0.0469160816566184,0.15730407144236683,0.09609907530019916,0.09918470650813306,0.03398721705483023,0.058285737884900206,0.0778713048944657,0.0,0.31640169746643476,0.0739048897305799,0.8340208566663463,0.529545834206404,0.0222639829887474,0.0477501558066984,0.0211246522272705,0.08389818558448295
