,Alcoholic Beverages,Animal Products,Animal fats,"Aquatic Products, Other",Cereals - Excluding Beer,Eggs,"Fish, Seafood",Fruits - Excluding Wine,Meat,Milk - Excluding Butter,Miscellaneous,Offals,Oilcrops,Pulses,Spices,Starchy Roots,Stimulants,Sugar Crops,Sugar & Sweeteners,Treenuts,Vegetal Products,Vegetable Oils,Confirmed,Deaths,Recovered
0,0.0,0.15259297250742715,0.10901585755124542,0.0,0.9857227861393071,0.09199187276676243,0.0,0.152591622735991,0.08789218454826961,0.2375345978508629,0.021147014041617326,0.15608234560199624,0.015022505088730253,0.06614400169227108,0.08203573184723816,0.00162005149080853,0.03733200597312096,0.0,0.17445268640227268,0.08803659394792399,0.8482021520976908,0.14481452483229995,0.013626460267069571,0.03335951842076515,0.013647751816696259
1,0.17683328809089852,0.7001025770053321,0.13576986680682504,0.0,0.25390969548477427,0.5537027954879843,0.03329334812031777,0.43081923531911476,0.34771262196428226,0.9999999999999999,0.04973777702588395,0.33038053649407356,0.10231931423984403,0.10697004151352496,0.0,0.05011324882236702,0.12448979591836735,0.0,0.3115460059071539,0.279521463757917,0.29975093700882605,0.20017140317836507,0.28507123039726456,0.27477757305909156,0.1983032261230991
2,0.01737309497033389,0.2133263013247917,0.024882382350301897,0.0,0.5619425971298565,0.2797589854970925,0.027046601634112665,0.3483903570731259,0.09312131185853117,0.39380494952784106,0.08839451869396042,0.0744853399875234,0.023976759076096817,0.1441074592136228,0.09793476479265695,0.08422203992343451,0.07431557989049278,0.0,0.3729510968818343,0.15763546798029557,0.7866521581429089,0.511172947923059,0.023500018689654754,0.03536770968086154,0.018537011336468838
3,0.37592585411253737,0.14849473083213177,0.03389439409283783,0.0,0.3288624431221562,0.01772577594058712,0.18948464341488808,0.2487911885975491,0.2563148772080161,0.039665418430478674,0.055912705126036216,0.1374922021210231,0.10144969085366434,0.1980618207779159,0.0,0.6361591365228743,0.021951219512195124,0.0,0.23395260748991042,0.0,0.8516261637045097,0.35355608692892054,0.0058970607307965986,0.007876653585667196,0.006284126952579672
4,0.44675611742350796,0.6649844682930606,0.1977899419282885,0.0,0.16678333916695837,0.13094654242275625,0.39110064957110197,0.4060342946398833,0.6560850682610474,0.46539197329859977,0.26103874132972427,0.20536494073611977,0.05530231358045927,0.05983764774319787,0.28659236190788395,0.028356060488801526,0.24574415131906424,0.0,0.5798029445584288,0.05791695988740323,0.334353766170959,0.39760247159151024,0.02820610957030572,0.03852098164106385,0.021108301042548308
5,0.2783185325939427,0.6465835083271239,0.13652620918635508,0.0,0.27428071403570176,0.5923772157219925,0.04540207772220084,0.1515120192031607,0.8907920618536624,0.3100781504395962,0.0,0.327386150966937,0.0012423191231138249,0.016327771754937995,0.025323717423373217,0.05730545193761255,0.11523145843703336,0.0,0.7186661556151782,0.032582688247712877,0.3521267077741508,0.487599720676302,0.4185129520925886,0.5836594688387794,0.43199641812949363
6,0.04409198433319114,0.5423662386173393,0.22697963003320218,0.0,0.3608435421771088,0.4989840958453024,0.04044542018423375,0.2741503864750945,0.38225212768029293,0.5616961087593617,0.0961766198612756,0.3648159700561447,0.020020450484026637,0.05798672624871097,0.013276512047205376,0.04937545467209435,0.34768541562966654,0.0,0.5204833945843573,0.2171710063335679,0.4574102285092494,0.27945066339378294,0.5458276639746579,0.5681193219295783,0.5971777456812937
7,0.3835847520068251,0.6769550112737934,0.2439140077172562,0.0,0.09403220161008052,0.31479016324528836,0.1367041622343435,0.17388507964947342,0.7003525035542486,0.47676856072940405,0.17881915073591612,0.43331253898939487,0.061791041923492246,0.017967159364340676,0.08662514341911162,0.05262587645301593,0.255550024888004,0.0,0.5772213829955132,0.5951442646023927,0.3228871962277837,0.78810546585691,0.010733569749789746,0.019034635876530745,0.011204708103616293
8,0.5460309458254159,0.676761469754299,0.6734267437537658,0.0,0.11964648232411623,0.537027954879843,0.0919358124165403,0.16659201323088585,0.45879019222155143,0.4000427385216541,0.0,0.1351216469120399,0.06427568016971989,0.014318199846637934,0.08875594164891001,0.060282425536964515,0.1819810851169736,0.0,0.6286496967510652,0.29535538353272345,0.3230806432112201,0.6591298643587193,0.45539216039279806,0.4836340791273645,0.49744845934727533
9,0.4373327645712956,0.316658118582889,0.1672926788621534,0.0,0.6925166258312917,0.3706298605759126,0.021886245841160622,0.16814250766633362,0.25650963055290477,0.31106520677303806,0.027237354085603117,0.14073611977542108,0.002905115487896945,0.01065601946111743,0.013194558269136207,0.09871995294627517,0.15236436037829768,0.0,0.30853606294951863,0.31745249824067556,0.6826163704509736,0.029180862094504503,0.21956661329318808,0.168382573489194,0.24619529512368313
10,0.5651103269089076,0.6372015831696294,0.18209904239363137,0.0,0.06198459922996147,0.45015063406431727,0.2827105447796664,0.4950556455225166,0.7675521452080941,0.29215849886030604,0.9115208932498732,0.3361197754210854,0.09659508997257339,0.01619556307676036,0.18062612686444846,0.021488899551648174,0.20726729716276757,0.0,0.9008973462899915,0.12061928219563688,0.36439608269858526,0.23561588759337243,0.20181345788114663,0.24151577293532317,0.1919401759575377
11,0.0,0.036085816309743834,0.019754637404335508,0.0,1.0,0.14881244307433616,0.18749292714392413,0.058333046204734174,0.004751981615284246,0.06651945620319114,0.016325494840128577,0.048034934497816595,0.011171315807077396,0.16300007932520694,0.4105064743484675,0.08423235872273903,0.009606769537083127,0.03254637436762226,0.08419949045160416,0.08135116115411681,0.9639076290654092,0.26414076221512156,0.030398058142468598,0.026010492700412457,0.03145438402753851
12,0.21762903788730759,0.5063046149975323,0.14832002256207777,0.0,0.22383269163458175,0.39816436628599455,0.320485254509653,0.20522803753345048,0.522523224336378,0.3079106968414197,0.7595161563187279,0.12925764192139738,0.1121527479143373,0.16666225971072743,0.24061629241108018,0.07304162087699476,0.14614235938277753,0.0,0.8345433228868395,0.19444053483462348,0.4938701487123687,0.3727172693992424,0.056078678831368814,0.033823300953129326,0.051995744553223935
13,0.639450110520805,0.5148543116212005,0.3428923045367724,0.0,0.18599929996499825,0.5831289847964688,0.11006495711020074,0.14369063616212432,0.5274212709603288,0.21079249430153044,0.14143122991033666,0.43605739238927005,0.020077788289708815,0.0,0.012456974266513687,0.24202743768735072,0.19666500746640123,0.0,0.4426194394967645,0.29943701618578467,0.484173618667634,0.5493471866601772,0.26331802553699457,0.10199123267141255,0.2890200412605818
14,0.44768681893977585,0.6065107367157939,0.6123937595344008,0.0,0.14307315365768292,0.4702585300917817,0.13514247561279222,0.14160033996026142,0.290143533215183,0.4593577010745685,0.0,0.23181534622582656,0.02111942509293502,0.03859171316005183,0.076135059826258,0.09780673920782577,0.05943255350920857,0.0,0.690900277320587,0.39218859957776214,0.3932970620239391,0.6496603677762024,0.6039660269578742,1.0,0.0
15,0.29470275720324196,0.36538219611562167,0.33503403540707893,0.0,0.34826391319565986,0.1946332235689764,0.08390104791435618,0.2726343474715456,0.3554345920891192,0.18048884728101594,0.43901201150397573,0.0462882096069869,0.05674531502346071,0.3014225653771914,0.0304048516636617,0.01066447908121411,0.14763563962170234,0.0,0.7844001533154464,0.09127375087966222,0.6356522790472738,0.44261167657701506,0.27599075653845917,0.3938517550126934,0.30305941561148136
16,0.34133478109124754,0.04174206721696973,0.011627161664978786,0.0,0.33318165908295416,0.024942198556715478,0.11911821288730959,0.0706566056805522,0.08761952986542544,0.0416598827743406,0.0460159025545593,0.09058016219588272,0.17692535573330273,0.2183426320103652,0.8328962465169645,0.731128205921959,0.009009457441513193,0.0,0.08513516560322862,0.35763546798029555,0.9586700519888767,0.39291533529424205,0.003269826803696221,0.002429450066640767,0.003228296959957552
17,0.15238298367394423,0.4065242846221585,0.11707923647877756,0.0,0.44408470423521174,0.37378266657325027,0.024036394088223976,0.26120662922509735,0.6287124856369409,0.15453028329534352,0.1077651835560819,0.10605115408608859,0.03685865275269248,0.12074618577963458,0.06966071135879365,0.1678559082865118,0.1374315579890493,0.0,0.5652154307487656,0.5530612244897959,0.5921605609962519,0.1822587129949002,0.1875629459251705,0.49849786110281663,0.15914101274776316
18,0.7534028774188545,0.3596194973726739,0.07059622854359225,0.0,0.4296989849492475,0.1904995445946893,0.041554444016929586,0.20096704912196076,0.26592595477827335,0.4846751872354282,0.16824564371510745,0.1336244541484716,0.027531703028391766,0.1031492107141913,0.8524831994754959,0.10165049194875685,0.41881533101045304,0.0,0.26495389263409463,0.18304011259676284,0.6404352557127315,0.21371437035783059,0.3614348333756731,0.7848605982033345,0.3274733512489549
19,0.30243921355721876,0.31431142765901854,0.1342187239606702,0.0,0.47030801540077005,0.061654872836824776,0.04352352714845076,0.10089698974376644,0.1540791088086938,0.46428280690328877,0.37954660801894774,0.26662507797878976,0.045258641285131344,0.07627118644067797,0.2801999672184888,0.12264408913378841,0.12762568442010952,0.0,0.5931504069623249,0.030049261083743842,0.6853536452665943,0.48236240133736796,0.09743192113928245,0.03793909370086662,0.09345258065004398
20,0.27754294799705276,0.560418823848186,0.19534144371658957,0.0,0.1972278613930697,0.29958663210257136,0.05225991897336079,0.18109775006029702,0.6679163339630358,0.3687011559752523,0.0,0.13437305053025578,0.06741970318129258,0.26860837145350225,0.012620881822652025,0.07695760521305742,0.06893977103036338,0.31146711635750424,0.6366423917209657,0.0541871921182266,0.4397388465723613,0.6634784264765007,0.42850707969103313,0.5856887091925249,0.44021296508629953
21,0.7131888160701129,0.516092977345965,0.31509992692963457,0.0,0.3141232061603081,0.3957121838436209,0.06402915148360228,0.18619715398132516,0.39114261787446203,0.4343658417453598,0.07477584165115887,0.33100436681222706,0.05912483395927104,0.046762209471429714,1.0,0.03137430928537156,0.10562468889995023,0.0,0.4477938358171939,0.09957776213933849,0.48409623987425965,0.457022240091415,0.31004793598159286,0.7248973640593709,0.3085172498667724
22,0.4883856206615737,0.0566544412940186,0.016498519363646855,0.0,0.7927406370318516,0.08989000210187068,0.0582577009256954,0.0,0.08377315130387365,0.0910025236079453,0.031128404669260704,0.11466001247660636,0.3496841642537006,0.3208572410693038,0.04523848549418128,0.009503614159456407,0.009158785465405675,0.0,0.12247198611142424,0.051724137931034475,0.9424398500785875,0.34680576422540577,0.005130576748233696,0.0034571765564097544,0.00531328168532577
23,0.24285492690115174,0.3341058865653154,0.1350776212391196,0.0,0.5201470073503676,0.22363903874448263,0.08998936242446189,0.1497892476082188,0.3058990788166787,0.31583767502442195,0.3699881576721368,0.0991890205864005,0.04008868247278843,0.29175811100240623,0.40731027700376987,0.08228726505383835,0.08904927824788453,0.0,0.33139810159402966,0.04194229415904293,0.6655688550356669,0.37671667689442834,0.24846726357007168,0.1309436246431852,0.2722550991006297
24,0.2744212199945709,0.11709261929415408,0.012960375350930045,0.0,0.842145607280364,0.057661318573530435,0.4026888169658013,0.0574142346874318,0.14423432722457008,0.008679990231195048,0.15395026222297414,0.1009357454772302,0.17604617604617603,0.12295407070520112,0.11596459596787412,0.07246376811594203,0.020109507217521156,0.23861720067453626,0.39530584176944056,0.028430682617874733,0.8814992141216298,0.04038555134689041,0.00026394692940295573,0.0,0.0003240753273222925
25,0.2959436925582658,0.02628293834734896,0.01931877908392837,0.0,0.40474623731186565,0.0,0.12366747391530677,0.3856366789557707,0.06823183438175551,0.030283295343536305,0.04779225173405516,0.07049282595134124,0.22698126009384287,0.47083476559401366,0.5404851663661695,0.4038520077803747,0.0187655550024888,0.0,0.10406285933307777,0.22540464461646725,0.9727820094305406,0.33994963709080134,0.011310643078866053,0.009610693817959653,0.012269461562891352
26,0.3053476557955559,0.5358632435623252,0.5083646339431077,0.0,0.14250612530626533,0.5284803475092833,0.11988773962836383,0.1919282408204987,0.4380002726546829,0.25470123738196027,0.2179834207409914,0.01784154709918902,0.12415546190380626,0.20820222639414054,0.11735781019505,0.06313557354466236,0.12115480338476856,0.0,0.6223254345816517,0.41308937368050663,0.4635618425825172,0.7435300590388725,0.20269714956513615,0.2923116124530079,0.21126939166971803
27,0.10474269980998177,0.27913525649089865,0.09477354596382376,0.0,0.0,0.02669375744412527,0.09653033972342302,0.2018973457832294,0.4555085983601768,0.07779428524910452,0.024023007951277285,0.42570180910792266,0.21838058924151638,0.3007350802506677,0.0,1.0,0.04245893479342957,0.0,0.115820801298672,0.0,0.7198258977149077,0.40974882028059334,0.0098944570371873,0.007034266212715745,0.01118807028055402
28,0.02784348702834762,0.25728441893997306,0.09818349635289142,0.0,0.6599894994749738,0.003573180130315984,0.10834483851255007,0.01884712124866485,0.2646503203692524,0.1951318788668186,0.020216545423786165,0.7466001247660636,0.5289412574180786,0.2689785557523996,0.0,0.14908085295195053,0.0,0.0,0.1582418325705138,0.0,0.7435086446620722,0.09380620860401633,0.001947251515517089,0.003994295068546525,0.0018673896498958295
29,0.30910924109047194,0.5192235114237881,0.17668927147563684,0.0,0.3717780889044452,0.42892174034891056,0.09019306067944684,0.12995440397845387,0.6937893158314994,0.24157440573103223,0.07020808661816953,0.04142233312538989,0.034784935447187096,0.07683968375684182,0.027208654318964107,0.09536118377265623,0.09094076655052266,0.0,0.7846256172074041,0.16361717100633358,0.48054165155362116,0.20002327697483968,0.36913517963278325,0.5233669888808773,0.4011333780481905
30,0.2475666033272579,0.7045250007257806,0.1509223531221557,0.05215872223608685,0.29493174658732935,0.8520283051916206,0.2913337709073625,0.13153935384580048,0.9339980914172201,0.18032603386519047,0.4337675520216546,0.8356830941983779,0.0988025954913372,0.022832438721277666,0.06859531224389444,0.05719194514526291,0.237033349925336,0.008768971332209106,0.3004306360336392,0.5486980999296269,0.2957127312295975,0.2800220073216666,0.0006575779803401642,0.001854322763452701,0.0007395218869039962
31,0.19110404467367278,0.3498601662521652,0.05593087799812838,0.0,0.22321316065803298,0.5076017655713585,0.05486273000927958,0.5212647440535667,0.3674703488032407,0.3185851514164767,0.04102520724073761,0.16132252027448532,0.030713951243752563,0.10893995081837173,0.06621865267988854,0.12906238230119546,0.04823295171727228,0.027318718381112987,1.0,0.1250527797325827,0.6494305404425103,0.49284762045834474,0.41799867398689655,0.6074526014784583,0.45245603976717613
32,0.314906735952224,0.16242004315975883,0.008332585537195382,0.0,0.12914595729786493,0.017165277096615986,0.26464929950433425,0.1994739804063444,0.28095117533643643,0.016749430153044607,0.09160886482828626,0.2971927635683094,0.1162428447196659,0.08015812157910046,0.0,0.9020952321987815,0.0646590343454455,0.0,0.3238450612134466,0.0,0.8371708378672469,0.39851238969888053,0.05489711289961013,0.07828457559313041,0.0420051234471942
33,0.234808236708419,0.47046556412514384,0.2530670324458062,0.0,0.19399719985999309,0.4285013662159322,0.16519928479279358,0.2384201035959986,0.2665978538181394,0.48608962878541184,0.05616646929453562,0.10343106674984404,0.04902382385826094,0.23467040376530318,0.0679396820193411,0.026782443594863304,0.12384270781483325,0.0,0.8716546795030775,0.09338494018296975,0.530073751662435,0.7403347652199674,0.36925111636448416,0.281939518925636,0.33803375270322045
34,0.08878504672897196,0.026007141682069343,0.007037829938338867,0.0,0.3455127756387819,0.07664821691305262,0.14507842382816918,0.27549414831914915,0.056585584357411345,0.01605747313578639,0.015479614278463883,0.22857142857142856,0.1138059879781734,0.05084745762711865,0.2101294869693493,0.7871025327492893,0.26436037829766057,0.0,0.10725317340427928,0.5928923293455313,0.9735171079675975,0.42455086019002475,0.010823272275076005,0.003337749240188474,0.011737452624153525
35,0.5313530073292745,0.6322711129605079,0.31803556091120033,0.0,0.18596429821491078,0.3390317382470399,0.13579883665663262,0.15630132423709933,0.5015288137573763,0.5375691957017258,0.0,0.3236431690580162,0.06802175014095543,0.015005684973161642,0.05318800196689068,0.04340602927443363,0.6053758088601294,0.0,0.7662052172344598,0.194018296973962,0.36794099867005214,0.3079437966862052,0.5619386028599712,0.6900813467320567,0.6248658004705075
36,0.19050296661108312,0.28970262345529674,0.07895445280551747,0.0,0.37278613930696536,0.31563091151124506,0.03318018242310391,0.35196223684663885,0.38938983777046376,0.18806984695538911,0.024784300456775505,0.12813474734872116,0.079575317985914,0.3431740659456887,0.012047205376167842,0.16340334638661447,0.029218516674962672,0.0,0.7798570558924988,0.0,0.7103034699552653,0.18838478955498655,0.02723403471249274,0.011138679382426098,0.02553374112214506
37,0.3262496606817389,0.5440645654509033,0.09069698873178049,0.0,0.22525376268813446,0.4020878581937925,0.1947355317656112,0.20490645350239467,0.5537519231892808,0.4531199120807554,0.5337506344104214,0.1669369931378665,0.0951329759276779,0.07078452629630609,0.06269464022291428,0.03614159456405652,0.5139372822299652,0.0,0.4300385543255246,0.2825475017593244,0.4566412767500907,0.6883001460101148,0.25186620254577036,0.09427587387547927,0.018852318578183227
38,0.9499554038856789,0.6008399701946059,0.48913559039573373,0.0,0.08556527826391319,0.33973236180200383,0.06563610438403909,0.13035638401727367,0.4614291000447933,0.4229689026375773,0.09034004398578922,0.13325015595757955,0.021625909043127584,0.03834051667151432,0.06253073266677595,0.0761888546648712,0.25072175211548037,0.0,0.6186165535589475,0.13961998592540464,0.3997001571756742,0.7604376071269864,0.9235811571278861,0.8620345766533215,0.9463993588679883
39,0.46998487610036066,0.7803013441458528,0.6479803094594077,0.0,0.15467973398669937,0.6599173264205143,0.21408686598918134,0.16473141990834855,0.4588680935595069,0.5415683002279388,0.0,0.4057392389270118,0.02795218027006106,0.013683598191385284,0.15743320767087363,0.07024522626547175,0.4414136386261822,0.0,0.7282483710233806,0.3536242083040112,0.22030709708620488,0.20939754956937595,0.33271946438537214,0.20502229103317388,0.36586358510719014
40,0.02532283708845542,0.10107705855598671,0.0358813952593998,0.0,0.6627686384319217,0.03909479436698662,0.03379127718805875,0.07310294134536975,0.11631643523477517,0.14947289156626506,0.23676196920994758,0.16294447910168433,0.008982922890207658,0.3157275443560116,0.16816915259793477,0.013718843675349937,0.10214036834245895,0.0,0.6196649606565507,0.06565798733286417,0.8984838592673199,0.5626150623188099,0.05774507496483115,0.03438816377269037,0.0655216946388604
41,0.2766122464807849,0.4506517510668976,0.11974566385068008,0.0,0.0847952397619881,0.0939536187206614,0.234479324627119,0.6521609298372555,0.43570218318499626,0.3855930478671442,0.2155303671121638,0.16955708047411103,0.1346196114408035,0.09430445014410747,0.38969021471889853,0.2932860732325187,0.29586859133897464,0.0,0.7084864608932879,0.011963406052076003,0.5490799177850321,0.21579871765029518,0.01611700969579141,0.0,0.0169004371092299
42,0.30810098111451506,0.34133466231843385,0.09624777263578911,0.0,0.1522191109555478,0.4272402438169972,0.06717515786614761,0.8354178869632132,0.3382476094026915,0.2919448062520351,0.16249365589578754,0.305053025577043,0.10841623424404881,0.19853777201935538,0.042943779708244555,0.05601044262489617,0.08690890990542559,0.0,0.5337181250422744,0.024560168895144265,0.658764357393302,0.8028969253232325,0.2032481273894928,0.14386302610216078,0.17452734614511636
43,0.1798386784038469,0.39266671182635454,0.1907392926275847,0.0,0.5069338466923347,0.36593568275765437,0.05685444628024352,0.2805016710884471,0.3529612246090327,0.33614864864864863,0.08171206225680935,0.16880848409232688,0.03337060290702674,0.04343055078135329,0.031634158334699236,0.03768425506008122,0.03847685415629667,0.0,0.3395711676774964,0.027163969035890217,0.6056341433925767,0.6619019404532661,0.14104630390854173,0.46208459366086213,0.1325443635106184
44,0.005836274091596541,0.12465041563041314,0.06754522030074225,0.0,0.814067203360168,0.12394030687311708,0.14308670755720523,0.27702167246666437,0.13075739575827217,0.08920140019537609,0.012772796481136866,0.262882096069869,0.07309614594382806,0.08757502842486582,0.09867234879527946,0.05008229242445349,0.022498755599800895,0.5838111298482294,0.3816878226951953,0.04236453201970443,0.8745593035908599,0.11953784624500073,0.016088506362954988,0.051381180198316424,0.014491583780930148
45,0.1748749369837515,0.3078277867559538,0.17584319355955236,0.0,0.4776968848442422,0.3949414979331606,0.0637801869497318,0.21185496560199385,0.19420803552301014,0.3360977694562032,0.2066486212146845,0.07036805988771054,0.13295681507602036,0.390015600624025,0.015407310277003771,0.04688862403970674,0.08417122946739672,0.0,0.734775550695556,0.026460239268121043,0.6909249183895538,0.13393782931629172,0.08334155002026603,0.13921284246212037,0.08607822580353926
46,0.9382634660875636,0.663358719529307,0.2509005602061354,0.0,0.2539586979348968,0.5050795207734884,0.07672634271099744,0.16010290688993786,0.39566089547587985,0.7831630576359492,0.03907968194890882,0.1730505302557704,0.011544011544011542,0.05704804463364976,0.1262907720045894,0.10092817599744094,0.5599800895968143,0.0,0.34913083669650297,0.31449683321604505,0.3368492322572847,0.16058996550775545,0.3429452174846489,0.18476179323557682,0.31289714673011826
47,0.3023422654826075,0.1920318956424127,0.06663504557283322,0.0,0.6506930346517327,0.0741960344706789,0.03763891089333001,0.15502647325684227,0.24023798858745396,0.17427140996418103,0.14066993740483846,0.20748596381784154,0.06783062412201483,0.09620825510986543,0.27257826585805606,0.13071854958956977,0.020706819313091093,0.0,0.6805176650959348,0.08775510204081632,0.8075734494015234,0.08611422646380427,0.1407930972402008,0.29504838836670083,0.11491963233542887
48,0.09256602163881025,0.01908803236014206,0.01947261143230736,0.0,0.7901855092754638,0.017235339452112385,0.004911391259081547,0.015504944354477485,0.03437396537285528,0.10073062520351676,0.0,0.08122270742358079,0.03769005093508404,0.59103889579312,0.4801671857072611,0.3005866237404616,0.03240418118466899,0.0,0.1338917322390819,0.061083743842364535,0.9793833877402973,0.09191230928751294,0.011796917422071692,0.010066353498913478,0.012083930989483922
49,0.14197076046069723,0.33172048733754605,0.28812798851385135,0.0,0.321221561078054,0.17767813353884956,0.2543512210578729,0.05546176021316426,0.31751611583928957,0.10766037121458807,0.05760446624936559,0.1487211478477854,0.33348623414848577,0.2408709907718343,0.09768890345844944,0.2088576573229939,0.11866600298656049,0.0,0.5914819741618379,0.03596059113300493,0.6675420142667152,0.44179698245762533,0.0005705743198811921,0.0012037806762827904,0.0006543432224920903
50,0.48227789196106563,0.8515923628516407,0.3111643826836053,0.0,0.1941722086104305,0.3437259160652981,0.21365683633976865,0.16723518129299753,0.7457300329133153,0.7275826278085313,0.38022331246827956,0.14959451029320026,0.026929656068728915,0.021787990163674345,0.03687920013112605,0.0721954793340247,0.29830761572921854,0.0,0.43361215701305433,0.16868402533427163,0.14833514689880323,0.24852402818630043,0.08210027248358749,0.06710690815097275,0.062023011933443624
51,0.3869197657734518,0.7434994242139794,0.4719832835514762,0.0,0.17297164858242914,0.4200238212008688,0.2035624561482923,0.1735520104744513,0.5703449081737979,0.5372232171930966,0.04753848756555575,0.2980661260137243,0.031860707357396094,0.03158465321663714,0.034584494345189315,0.0529973532279784,0.21682429069188652,0.0,0.5492638603927581,0.29669247009148486,0.25637528714786617,0.5421736462323041,0.4995002895953426,0.6555566379802641,0.04069488224052547
52,0.2884980804281227,0.6504882084829248,0.2324022203135616,0.0,0.24263213160658037,0.33433756042878165,0.37161351651087515,0.10292986022579792,0.7637155043137867,0.2665560892217519,0.9692945356115718,0.2773549594510293,0.23200787439198034,0.04296782040773157,0.014014096049827899,0.08366998416064307,0.33200597312095576,0.23069139966273192,0.3245327260839176,0.10830401125967629,0.34975698222705853,0.4623018812027847,,,
53,0.3997556908519797,0.269201738002845,0.01939569525811786,0.0,0.3167623381169058,0.026553632733132486,0.24400787633252607,0.5891878854701443,0.40565174206867005,0.08818381634646695,0.2719506005751988,0.566313162819713,0.22242290454210983,0.004997488035114625,0.0,0.41812806661816837,0.08471876555500249,0.031871838111298484,0.23054810272134912,0.013300492610837438,0.7299818643453031,0.2075248111390905,0.049311158285474666,0.017162642649581717,0.05353542806618133
54,0.0686974056695234,0.1023689481986123,0.010088838181188869,0.0,0.6275113755687785,0.055769634975127866,0.24943982979879137,0.0034455431898838852,0.03230957991703508,0.1703537121458808,0.14980544747081714,0.04915782907049282,0.45908469749529346,0.020809645945159844,0.0,0.0031214367896151597,0.03917371826779493,0.0,0.5536153135075417,0.0553835327234342,0.8976665457623023,0.6718052352032502,0.016813058998864875,0.02989878426091674,0.01778541053772758
55,0.2397913677434366,0.3478957198292964,0.20543028189777843,0.0,0.5827371368568429,0.2674980732852239,0.059140393363963505,0.07913264192766656,0.20165735096500284,0.4028614457831325,0.1915073591608865,0.10867124142233311,0.016599294744990105,0.0,0.04286182593017538,0.061231755072979704,0.41617720258835245,0.0,0.6736071968074312,0.2083743842364532,0.652206504654818,0.24044056965105698,0.6765973742110265,0.47454946050738567,0.7528037405100605
56,0.637957110171792,0.6650425307489088,0.5335418616278027,0.0,0.12058452922646135,0.4203040706228544,0.12092886404273136,0.16235399510732867,0.46525600327185623,0.4874531911429501,0.0,0.08771054273237679,0.04397809695822941,0.013009333932679343,0.08064251762006229,0.07625076746069828,0.20995520159283226,0.0,0.6542285752936666,0.5343420126671358,0.3347938580582759,0.5559176418308398,0.26352986874399786,0.39848822537632517,0.27117267964310243
57,0.07670531663241169,0.0243184919244801,0.012678349378901894,0.0,0.17227511375568777,0.03299936943880053,0.20890387705678654,0.6362080648680931,0.04320602956355776,0.01159028003907522,0.041786499746235835,0.10280723643169058,0.1589499536519404,0.13510404822972583,0.47279134568103587,0.9968218098142101,0.0,0.11112984822934234,0.14647261741032172,0.06959887403237157,0.9748083665820337,0.15595573142603208,0.021629025863129737,0.007792710410829788,0.022606949654140784
58,0.199422189475317,0.4767605020467015,0.08981245272860129,0.0,0.19309065453272667,0.3314650038534296,0.11470475069596903,0.24673534782758502,0.37593238163865467,0.5401945620319114,0.13872441211300968,0.24179663131628196,0.08232753265865847,0.08867236045374019,0.04884445172922472,0.06328003673492552,0.24484818317570933,0.0,0.40406511397199735,0.7342716396903589,0.5233417966388585,0.976881731806928,0.14652767579295262,0.29993804340594493,0.09693711650629379
59,0.3873851165315857,0.5145494837279967,0.09337623546604794,0.0,0.16800840042002102,0.4971624746023962,0.2590589140619695,0.39183865669756174,0.5323387929187684,0.3756512536633018,0.2992725427169684,0.10380536494073611,0.11165582026509176,0.17333879795869803,0.5287657761022784,0.043896172241397996,0.1554006968641115,0.0,0.8150294230379004,0.029275158339197745,0.48571635836053684,0.42100641174852393,0.012554125003693638,0.004772510999777369,0.014292630321176562
60,0.11414666304727188,0.1901400272893542,0.05031599728229519,0.0,0.5217150857542877,0.6467456035871926,0.022203109793359436,0.1408652907464195,0.21938964301711883,0.13986690003256266,0.04982236508205042,0.09794135995009356,0.10143057825177028,0.36321690155741826,0.048270775282740534,0.0030646833934403414,0.08790443006470883,0.0,0.9831240276869657,0.15193525686136525,0.8104122838834484,0.29789237573269567,0.08662536359471533,0.17474956113002607,0.09118429007560824
61,0.01733431574048939,0.038287351093993435,0.020639173407514713,0.0,0.5562268113405671,0.062005184614306735,0.07693004096598238,0.2810185025669297,0.07201978693984071,0.055458319765548686,0.06056504821519202,0.133873986275733,0.17779497911948242,0.09697506544329572,0.0,0.33557251278241274,0.04449975111996018,0.0,0.1735621040290397,0.0,0.9612428968685769,0.6054341155807604,0.011188439917643374,0.003606741593143691,0.012612208075492432
62,0.13341994027998605,0.10832034992306723,0.01992128911507942,0.0,0.6880014000700035,0.03348980592727528,0.010049113912590816,0.20745615546290874,0.22387870761680337,0.07619667860631715,0.11267129081373713,0.13849033063006863,0.053438834895788524,0.05283058779978319,0.0,0.1967124305415822,0.03315082130413141,0.0,0.0010709534867990866,0.8123152709359607,0.8917809212912584,0.6951668535878281,0.013791368695284974,0.012873644097999263,0.013932396009884713
63,0.11088920774033427,0.3574905406582347,0.026664273719025217,0.0,0.4320371018550928,0.0718139143838016,0.19613878641106305,0.2418656467858825,0.3304477379398992,0.4060770107456854,0.1612248350532905,0.04329382407985028,0.24009250499316723,0.15352071709987045,0.4545156531716112,0.053693872181033026,0.13802887008461923,0.0,0.5487002006628637,0.1585503166783955,0.6421956232620001,0.09571068836362866,0.09689342942204547,0.12334545582653275,0.09785815764261298
64,0.3986310931864893,0.10473983181241957,0.04145781788813825,0.0,0.44168358417920894,0.019197085406011345,0.047054296901523206,0.3226980900205584,0.173427853623386,0.09623290459133832,0.07815936389781764,0.11528384279475981,0.07555211528721462,0.5069673973399614,0.0,0.2792215497804676,0.1034843205574913,0.0,0.3792189930782585,0.0,0.894261878853827,0.38282159256829673,0.009877286440390662,0.011587035607195015,0.0088822789508278
65,0.1367355644316904,0.24748154097757818,0.08286435832681684,0.0,0.503101155057753,0.19267147761507744,0.02215784351447389,0.1608379561037798,0.25328646269499683,0.26317771084337344,0.1325494840128574,0.09781659388646288,0.015137180700094606,0.3159522991089136,0.016062940501557123,0.0,0.11702339472374317,0.0,0.8862985592857302,0.027586206896551724,0.7516769435376618,0.4816535116490678,0.14988229758169702,0.2028365558026024,0.06928954922320953
66,0.5900647613138403,0.6989026195844663,0.6768623328675633,0.0,0.1562513125656283,0.5518811742450781,0.04476834981780322,0.10194213784469788,0.545874150388533,0.3813904265711494,0.012857384537303335,0.0,0.01719178540370593,0.0543113249953727,0.12473365022127521,0.05392604516538456,0.21204579392732703,0.0,0.5255788785426013,0.021393384940182968,0.30095030830613,0.6934210804748502,0.368992033735012,0.7192423769828007,0.3148050399520459
67,0.39560631325861867,0.9999999999999999,0.3834912251464612,0.0,0.06383619180959049,0.4021579205492889,0.5148133897652942,0.2380181235571788,0.7106354801643718,0.8606418918918919,0.3964642192522416,0.3267623206487835,0.04439857419989869,0.012758137444141835,0.1355515489264055,0.040320708282384266,0.46660029865604785,0.0,0.5233693324014158,0.1745953553835327,0.0,0.2207609454683962,0.15717211835092895,0.04249869170182616,0.1791279333211675
68,0.050063985729243414,0.19056581863224203,0.19099567987488306,0.0,0.6543752187609381,0.15385693267007639,0.05843876604123757,0.14737736737530005,0.0,0.3196129111038749,0.0,0.0248284466625078,0.09131045554886613,0.41496337819614487,0.488362563514178,0.04223484555337141,0.009905425584868096,0.0,0.3265957206953306,0.1397607318789585,0.809038810301052,0.361628965021055,0.0742652972792914,0.059701716296076936,0.08313842558436338
69,0.006708806763097684,0.08459215963304527,0.015511428461548325,0.0,0.8050122506125307,0.26546626497582854,0.33266188352986437,0.1459532095234814,0.060227471906830005,0.025052914360143272,0.0,0.12950717404865877,0.17345641848953106,0.022858880456913193,0.2125881003114244,0.11242331842266834,0.06884021901443504,0.0,0.31337226343201136,0.060872624912033775,0.9153814532704632,0.3331146708424148,0.04052583607740779,0.06230260828666836,0.03823283133888284
70,0.0,0.20446209973194496,0.1766764521132719,0.0,0.6041792089604481,0.31240804315841103,0.08342575198605798,0.310730570007695,0.19569789861140865,0.11203598176489742,0.0,0.12002495321272613,0.009011591793048746,0.1440677966101695,0.10506474348467465,0.06917723053745467,0.023942259830761575,0.0,0.4365770071922981,0.9022519352568613,0.7951493168903399,0.3744101402966756,0.16659834039171303,0.3743461213862114,0.1639760104127445
71,0.019331446077480902,0.12211986026302289,0.12014306408399247,0.0,0.7271368568428421,0.503748336019057,0.027069234773555436,0.16403082612640552,0.11467076947046567,0.07738725170954086,0.10116731517509729,0.0248284466625078,0.026872318263046733,0.09226843650017187,0.032699557449598425,0.002332048642819922,0.12901941264310604,0.0,0.45400536604062847,0.1403237156931738,0.8760053197920443,0.6671815815646358,0.1517202013509091,0.17799069261532724,0.16684827793413118
72,0.625974328149843,0.5996400127737402,0.3845424128603843,0.0,0.19218060903045153,0.3355286204722203,0.16743996559762803,0.19939358439858046,0.46742750306736525,0.45213285574731354,0.06826256132634072,0.15109170305676856,0.03556855212484351,0.042676961315740766,0.06613669890181938,0.07506410554067929,0.35485316077650575,0.0,0.605900390052533,0.24609429978888106,0.40016442993592083,0.47774932814186255,0.3889568585812455,0.39603542108530304,0.051660004921853006
73,0.121514716717726,0.48102809255155465,0.06572487084492419,0.0,0.22192859642982155,0.37602466194913475,0.14505579068872643,0.2922739436538837,0.5285313650261944,0.39537202865516113,0.08433429199796989,0.17766687461010605,0.1493745401030169,0.1148628996007298,0.05835108998524832,0.037751327255560546,0.24813339970134396,0.0,0.3313304624264424,0.4610837438423645,0.5176834723733528,0.9471718475569757,0.7147213963119752,0.2967402962918516,0.7311647629591427
74,0.28355372862294953,0.5294328265771214,0.2693860807363442,0.0,0.2570318515925797,0.4344566664331255,0.17995609170948101,0.21140704498730895,0.45904337156990677,0.38687520351676974,0.09609203180510914,0.12401746724890829,0.018644343147654403,0.09197757740818108,0.011637436485821998,0.034655687464206664,0.07775012444001991,0.0,0.42289134895046554,0.49957776213933847,0.470680691572966,0.8717967708487631,0.41827637823254177,0.8139403690451199,0.38656840464894326
75,0.26026680110133016,0.3795736280325537,0.20230235748073894,0.0,0.25092754637731884,0.07580746864709592,0.19706674512821673,0.27892820636506677,0.35074103647730154,0.2760501465320742,0.24547453899509394,0.18103555832813475,0.09883126439417829,0.06714878764642113,0.6689886903786265,0.12615764029697504,0.08128422100547537,0.0,0.9684125087367257,0.02554539057002111,0.6205585781646719,0.3868950631652453,0.057574186533723135,0.06853964622358048,0.048143191506340416
76,0.47450265637724437,0.41300308698723587,0.07130129347366262,0.04616920389318692,0.37369268463423166,1.0,0.5245003734468008,0.08317541260379699,0.32662083471283626,0.19562031911429498,0.06276433767552023,0.1619463505926388,0.18962567969190486,0.03430815198709644,0.16710375348303558,0.042229686153719165,0.20303633648581385,0.15632377740303544,0.4271751628976619,0.16959887403237156,0.5867101922379399,0.6153268298876357,0.03079481745995636,0.02728428099406175,0.03150153454774698
77,0.010722457052002948,0.21560041417885167,0.07085261579089057,0.0,0.45966748337416885,0.15462761858053667,0.050041871307969124,0.1333310363045401,0.25263403898961967,0.20181740475415172,0.09346980206394859,0.09195258889582034,0.08631251015356975,0.14857611253602687,0.07547942960170465,0.026663777402861407,0.1650572424091588,0.0,0.7106283678668861,0.2463054187192118,0.7840164429935921,0.8116257908881224,0.3003456986639224,0.22063623588887765,0.3309515590887858
78,0.29423740644510804,0.6042221082477718,0.1443972976784135,0.0,0.20014350717535878,0.34856021859454916,0.03186746033542313,0.16996864555697208,0.46761251874500953,0.6981235753826115,0.11909998308238878,0.31228945726762325,0.026690748545053176,0.010338718633491105,0.025651532535649897,0.13739481273958962,0.2414136386261822,0.0,0.38910558474060375,0.2422237860661506,0.3955845726030709,0.7206974628097425,0.12481788691046906,0.08979592058182279,0.12586066831314677
79,0.1323922906891069,0.20739909229027353,0.04527798787288321,0.0,0.6103815190759538,0.05282701604427942,0.03729941380168843,0.14265697320515913,0.15441018949500457,0.3187581406707912,0.0,0.17629444791016843,0.03654329482144051,0.47006795526058337,0.019259137846254715,0.18407190139355387,0.03514186162269786,0.0,0.3375870854282686,0.09943701618578467,0.7927844275178335,0.2501110946526441,0.018223083935880343,0.017893171564852026,0.017421863619571265
80,0.022201109085973555,0.20959578853653577,0.029369159178022488,0.0,0.2815120756037802,0.0785399005114552,0.5887784894642735,0.1991983369511537,0.2322628391142618,0.0164034516444155,0.09685332431060736,0.020461634435433564,0.9817474651911737,0.0,0.013440419603343716,0.17392852167721765,0.00816326530612245,0.0,0.8162018352760805,0.2072484166080225,0.7908112682867852,0.13330300272975432,,,
81,0.27692248031954086,0.07275225717797111,0.0,0.0,0.7363003150157509,0.29734463672668676,0.09474232170744404,0.1782494343566597,0.1700001947533449,0.003134158254640182,0.02080866181695145,0.061384903306300684,0.04770505432757088,0.3288162034955975,0.0,0.15000438548970443,0.0,0.0,0.02066376569792347,0.03462350457424349,0.9285793737153909,0.3859428232854391,,,
82,0.397118703222554,0.3731190183574131,0.15790890561103493,1.0,0.40700735036751845,0.41315771036222243,0.3694860014032546,0.11264629202127048,0.42332560811731945,0.054552670140019535,0.0,0.20374298190892076,0.10182238659059849,0.021589677146407894,0.048680544173086385,0.013940697860396964,0.05908412145345944,0.0,0.5207877708385001,0.33420126671358197,0.6265747793495346,0.6095287470639269,0.01498052857975613,0.01532031239095526,0.015139066848612668
83,0.0,0.3652612326659377,0.07442921789070213,0.0,0.4012740637031852,0.698661809010019,0.06898580902156938,0.2714858330749176,0.3766042806785207,0.2908661673721914,0.2700896633395365,0.16294447910168433,0.042668883728486366,0.10937623945635794,0.3092935584330438,0.048493197331558505,0.3034345445495272,0.0,0.6155953374067142,0.29619985925404646,0.6351299721919961,0.5109824999470977,0.3482374844455935,0.11082480669959496,0.37988223541612826
84,0.14208709815023074,0.4532887542700098,0.0962349532734242,0.0,0.48726286314315725,0.18720661388635884,0.012131362741325848,0.08574808485224363,0.2703371180400024,0.6573998697492673,0.07562172221282355,0.28995633187772923,0.0,0.12287474549829452,0.04392722504507458,0.14437032106944037,0.3024888003982081,0.0,0.4191599215385655,0.27670654468684025,0.5477451335993231,0.15851619865839978,0.12381165364272026,0.11638080015973297,0.13679498149664915
85,0.2195486097646101,0.1532800449016325,0.07783916827976976,0.0,0.718638431921596,0.06732992363203251,0.17828123939071586,0.4599225901296673,0.2617971838666329,0.003134158254640182,0.1110641177465742,0.1638178415470992,0.11119711781963436,0.05423199978846612,0.28241271922635636,0.11183514686231111,0.20418118466898957,0.7472175379426644,0.09738912813112979,0.011541168191414498,0.8470995042921052,0.055864739615295075,2.9770577468261968e-05,0.0,6.262721290758823e-05
86,0.5935936712296893,0.6674134143627162,0.49359672849872455,0.0,0.20294364718235913,0.5064807678834162,0.18930357829934588,0.11903203206652195,0.44733869554209593,0.489111852816672,0.10675012688208427,0.19688084840923267,0.02542931682004529,0.0020888971152066426,0.025897393869857403,0.1696565387651493,0.47914385266301646,0.0,0.3824656731224494,0.2665024630541872,0.33280619030347003,0.4089023848318767,0.36024846284170514,0.3762580425487319,0.3454668415891523
87,0.06734013262496606,0.1827757724725897,0.07791608445395927,0.0,0.43298214910745536,0.08414488895116654,0.06289749451146368,0.22246723862683618,0.17899779928720277,0.20901172256593942,0.13221113178819152,0.06500311915159077,0.09288724520512598,0.1377614426610963,0.07113587936403869,0.059214429808947436,0.19019412643106023,0.0,0.6713863774716478,0.7211118930330752,0.8176665457623022,0.7006581035613771,0.4474131810723069,0.2814599725240416,0.32600710190665344
88,0.14871834645363943,0.10064159013712416,0.011242580794031306,0.0,0.8977213860693035,0.03285924472780775,0.019849263291311137,0.03595998575842148,0.19505521257327593,0.08400154672745033,0.07418372525799358,0.2734872114784779,0.015041617690624313,0.24048758560511915,0.14366497295525324,0.10356462921974399,0.021801891488302638,0.0,0.22984916465628025,0.0,0.8994510941845,0.19349514357661296,0.04204474311999297,0.04607411529617426,0.013974815223094267
89,0.14551905999146855,0.056470576850498846,0.012024561898291179,0.0,0.5714000700035002,0.052546766622293836,0.05839349976235203,0.17704349424020033,0.17422634233742967,0.0024218495604037757,0.0793435966841482,0.14635059263880223,0.049836109438758436,0.021708664956767768,0.0,0.4010762507674608,0.023344947735191638,0.2768971332209107,0.09006155164250443,0.08254750175932442,0.9419320517470682,0.7871743868633219,0.0036856551271844417,0.008956242469333728,0.0038710803860675376
90,0.6435800984992438,0.668550470789746,0.3411488712551438,0.0,0.23668883444172206,0.581027114131577,0.21843242876219357,0.11745856734314165,0.5334001986484118,0.5029204656463692,0.037134156657080024,0.16419213973799127,0.027636822338809087,0.1701129062111637,0.13178167513522374,0.05349265559459501,0.1164758586361374,0.0,0.6191125741212543,0.2263898662913441,0.3309345907387258,0.27263685803161436,0.6405488683118873,0.5649652060442116,0.5464259840126321
91,1.0,0.7636470963933538,0.3075108644096043,0.0,0.10579278963948197,0.6590765781545576,0.18663286784509878,0.22073298188792798,0.7461974409410482,0.5129131390426571,0.24099137201827103,0.13087960074859636,0.026948768670622972,0.013868690340833973,0.13514178003605967,0.04827134314651148,1.0,0.0,0.3798390187811422,0.05277973258268825,0.23623745617216785,0.3105994879065535,0.7830908170513228,0.5034546018278311,0.8475287212191226
92,0.056035987125295686,0.09179190415823953,0.023574807389080472,0.0,0.7799649982499125,0.02361101380228403,0.05945725731616232,0.152097761545441,0.14751592108594466,0.0950525073266037,0.022246658771781426,0.16394260761072987,0.01837676672113758,0.10074301277135833,0.06457957711850516,0.39694357164600336,0.03922349427575909,0.17723440134907253,0.17229950623407658,0.018508092892329346,0.9077644782976664,0.08481283196140253,0.006585155333817455,0.005472591880969841,0.007276596353922936
93,0.06956993834102455,0.11516204263719675,0.05568731011319498,0.0,0.5035456772838642,0.039725355566454144,0.07693004096598238,0.3366640250835544,0.25419206574872927,0.0015569032888310009,0.015987142615462697,0.16494073611977544,0.12823600240818783,0.37951823157672077,0.03097852811014588,0.5743495286888418,0.009407665505226481,0.0,0.0959461592226005,0.026600985221674877,0.8839511546366825,0.041210825909389084,0.013468114108878954,0.023595863192367283,0.006562088838435078
94,0.040000775584596894,0.34641028866717627,0.05508480008204393,0.0,0.4397234861743088,0.8418692636446437,0.39680420071068057,0.09760075342544419,0.36933024324692776,0.11403044610875934,0.24716630011842333,0.0429195258889582,0.05906749615358886,0.05908405827758535,0.5916243238813309,0.020312556430933697,0.00856147336983574,0.0,0.7159944084954794,0.09676284306826179,0.6532704630637167,0.6978754470237213,0.06993909356276704,0.014098860246163424,0.06309391534855698
95,0.06887191220382363,0.5079932647551215,0.11954055405284142,0.0,0.47606580329016457,0.6868212709311287,1.0,0.22789971172288648,0.1547510078485598,0.3834764734614132,0.6948908814075454,0.0,0.032233403094330246,0.023480261244348082,0.5640878544500902,0.027226151964957358,0.3205077152812345,0.0748735244519393,0.5292088472031203,1.0,0.4928400435255713,0.0,0.2957787009301305,0.0538296896869583,0.29763399268123664
96,0.12597432814984297,0.19939131192118986,0.028497442537208203,0.0,0.8384704235211761,0.010789602746444337,0.05418373582599642,0.08324432346759467,0.14079693068728455,0.3238765874308043,0.04339367281339875,0.21334996880848411,0.07997668262568923,0.2102117983024406,0.09809867234879528,0.05981807956826145,0.008511697361871578,0.0,0.1239487746037472,0.2526389866291344,0.8014605247249429,0.1726728315381848,0.0038415844430354966,0.009001100445682468,0.003306996166594682
97,0.3782138286733625,0.6086590475821825,0.2611688694604331,0.0,0.24281414070703544,0.46262173334267503,0.21257044564651562,0.1639848855505404,0.4859388084990359,0.5174108596548355,0.07333784469632888,0.07211478477854023,0.05352484160431179,0.06877495438800604,0.05917062776594001,0.04298811790260086,0.5609756097560976,0.0,0.7721236443983495,0.3152005629838142,0.3907967597630275,0.20249910066233573,0.34188581018049174,0.2882432074521004,0.3368643865684241
98,0.0,0.2781143249755654,0.05186714012845002,0.0,0.6182044102205111,0.09773698591746655,0.07566258515718714,0.05585225510801778,0.18513252965119675,0.4034414685770107,0.11901539502622231,0.2633811603243918,0.015098955496306488,0.21864671197017374,0.0,0.002089556859163868,0.05256346441015431,0.0,0.6394832367596329,0.0,0.7215330673437312,0.5454006813805362,0.03466666426161091,0.049290288336415015,0.03802747033774163
99,0.1642882072362043,0.27649341474979916,0.053290089350955694,0.0,0.498456422821141,0.2332375814474883,0.18452798587692099,0.08960709322491357,0.2854499776033654,0.23863358840768478,0.2569785146337338,0.07972551466001247,0.05328593408063606,0.18600438932811553,0.23586297328306835,0.017010540653489562,0.19895470383275263,0.0,0.44435551146483887,0.06748768472906404,0.7227662918631361,0.7978394735171509,0.004405743237480484,0.004263191644069821,0.004722163095988913
100,0.23189979447008183,0.4184948276028915,0.11596395195302986,0.0,0.4394574728736438,0.7388075387094514,0.09716406762782065,0.17505656433403394,0.4621983757571037,0.251780771735591,0.0,0.3060511540860886,0.040776736140974545,0.20473835902588647,0.18849368955908868,0.010948246062088218,0.0381781981085117,0.0,0.7116880481590871,0.16185784658691063,0.5804763631967116,0.37504496688321304,0.14478323525085235,0.6996318429388092,0.1282988381721422
101,0.29856129057276926,0.907308127776111,0.2568743830681862,0.0,0.3435736786839343,0.22328872696700067,0.004775592422424914,0.02186771411179639,1.0,0.6620604037772712,0.16054813060395873,1.0,0.004338560629951357,0.011158412438192445,0.0,0.047961779167376095,0.3884519661523146,0.0,0.25401889387414606,0.029697396199859255,0.09315439487365507,0.21154537952049435,0.005753222364979714,0.0003209126706188025,0.004769113096025895
102,0.2729669988754023,0.7743160726554863,0.17863781455510405,0.0,0.25067903395169766,0.44980032228683536,0.08127560373899462,0.2520414843400062,0.6494439792003428,0.8125814067079126,0.29165961766198617,0.17928883343730503,0.024368567414925022,0.08166530051032551,0.035322078347811835,0.021158697973903757,0.6149825783972126,0.0,0.4611638446102856,0.2527093596059113,0.22592189578043786,0.22508834669995975,0.9999999999999999,0.7248385355739787,1.0
103,0.017217978050955908,0.1569234640061159,0.08154396400323048,0.0,0.7179208960448024,0.22518041056540322,0.14061969535794308,0.2192628834602442,0.17409001499600754,0.0964873005535656,0.012519032312637457,0.14759825327510917,0.012423191231138251,0.08605462862582301,0.18185543353548597,0.05734672713483059,0.04420109507217522,0.0,0.533853403377449,0.3019000703729768,0.8426647321968324,0.3317497936813593,0.1269037461793257,0.12571820371252243,0.13966737431227197
104,0.07150889983324932,0.06211231214376263,0.022254413065494125,0.0,0.4550402520126007,0.09325299516569747,0.10311658330126972,0.08278491770894349,0.10619899896780727,0.05875529143601432,0.03671121637624768,0.08122270742358079,0.025247747102051736,0.34421851450329205,0.0,0.715820267153714,0.021602787456445994,0.0,0.16564832142132435,0.12216748768472907,0.937956716237456,0.3214338616501259,0.01356925941817099,0.0078040646243236825,0.009508880636606128
105,0.025128940939232947,0.44720671201989604,0.10441370646224057,0.0,0.5068008400420021,0.25916065298115326,0.46506574927008126,0.13831558878590544,0.5910764017371999,0.10112748290459134,0.07832854001015058,0.18477854023705553,0.1681144462601416,0.34753695232555065,0.3033928864120636,0.02209254931096218,0.03683424589347935,0.0,0.32417198385678525,0.29964813511611543,0.5516237456172168,0.2538883128425418,,,
106,0.4663977973397449,0.23677869494953402,0.0975168895099158,0.0,0.3420686034301714,0.05885237861696911,0.10236968969965822,0.11297936119629261,0.24925506845580073,0.2119525398892869,0.1739130434782609,0.2052401746724891,0.023833414561891378,0.21200983632565643,0.2190624487788887,0.35821711785616633,0.1023394723743156,0.0,0.567819538700877,0.028923293455313158,0.761857091040987,0.4538481071587278,0.1317231362352686,0.07873985778972312,0.1452265789056909
107,0.027048512816535468,0.10370438468312414,0.08047995692694247,0.0,0.7614630731536577,0.0845652630841449,0.019736097594097276,0.14935281213750015,0.055894209983056456,0.1850883262780853,0.014718321772965658,0.1305053025577043,0.00995766558680466,0.26284407308495733,0.7432388133092936,0.12520831076095987,0.03474365355898457,1.0,0.02573670326697179,0.12273047149894441,0.8950163220892275,0.4216835601074973,0.0870329606788587,0.03658697049452952,0.0987653111757292
108,0.42975142513669684,0.7212808577760144,0.3018831643314062,0.0,0.08840392019600984,0.5799061164436349,0.1637281307290134,0.2924691911013104,0.5300309657818374,0.6788098339303158,0.0,0.07685589519650655,0.015939909979645075,0.03052698379121606,0.13874774627110312,0.10157826035362526,0.06127426580388253,0.0,0.6661443419836313,0.4765657987332864,0.27895538628944494,0.4924878853926402,0.5587089581637716,0.44669959771917417,0.008414216384763173
109,0.3700895800209408,0.5670427823528842,0.18409886292255825,0.0,0.24515925796289817,0.43256498283472294,0.19337754339904487,0.1772731971195259,0.6064716536506515,0.36916924454575056,0.9379969548299781,0.1587024329382408,0.16679567672945156,0.03364710859620826,0.07449598426487461,0.04955603365992334,0.38003982080637133,0.0,0.4050909746804049,0.08951442646023927,0.43318583000846345,0.5860613242482594,,,
110,0.31942451622910767,0.6526220037353513,0.5848193110874667,0.0,0.1932656632831642,0.4307433615918168,0.1505782767127628,0.1741262676727653,0.6404171616647516,0.22182310322370563,0.0,0.11852776044915783,0.08306336783157973,0.06910547608345013,0.0908867398787084,0.06493620402329986,0.06306620209059234,0.0,0.9235001014587512,0.3901477832512315,0.3468262604280017,0.25663922805087075,0.004439846850268865,0.0027034978091783042,0.004944341379926144
111,0.1290960561523248,0.22792900897064938,0.06584024510620842,0.0,0.5647147357367869,0.2400336299306383,0.05167145734784871,0.12292549587109074,0.21178452489921515,0.25716379029632036,0.22525799357130774,0.14235807860262006,0.05282723163517865,0.31436579497078193,0.0,0.02900614484498584,0.05679442508710802,0.0,0.8048497283160101,0.0,0.7721533067343731,0.34009776329432667,0.009145539051189311,0.01389932327254854,0.007085717195859371
112,0.003761585294916043,0.08653725190396468,0.06213544938274771,0.0,0.7736086804340218,0.0004203741329783517,0.01754068306814838,0.07885699847247585,0.0767036048844139,0.15579208726799085,0.016410082896295045,0.14510293200249533,0.309547700276177,0.8330336603294641,0.11121127683986232,0.020849133994768367,0.009656545545047288,0.0,0.0,0.0,0.9130165638979568,0.10031318111602512,0.0017964369059223458,0.0036786749179731587,0.001806412499244575
113,0.23612673052313182,0.0,0.018216313920545596,0.0,0.4423801190059504,0.1006095424928186,0.07808433107756375,0.148606277779692,0.03818139326542934,0.010827092152393355,0.017171375401793268,0.05065502183406113,0.11660598415565301,0.26027922472831116,0.3326503851827569,0.6173324871917905,0.010104529616724738,0.0,0.10425450364124184,0.12857142857142856,1.0000000000000002,0.4661108407220095,0.006460078410577642,0.004308803699813608,0.006040153645742001
114,0.19073564199015008,0.37802529587659794,0.2799876934121297,0.0,0.27064753237661887,0.23211658375954602,0.041509177738044044,0.23011634450837845,0.2615829551872554,0.3460700911755128,0.11284046692607004,0.22882096069868996,0.0747684986095582,0.10359872021999525,0.2732338960826094,0.08118315352825546,0.38173220507715283,0.0,0.6339480982120713,0.30506685432793806,0.622478539475275,0.5998793829485578,0.43694910953750205,0.7560483435167324,0.44532947245007903
115,0.3323767789971691,0.675784085080852,0.32962426448908433,0.0,0.17685334266713337,0.4527429412176838,0.351175791594052,0.1969587338777292,0.5235554170642881,0.500885297948551,1.0,0.09220212102308172,0.08302514262779162,0.10940268119199346,0.048434682838878876,0.058796518437114656,0.4928322548531608,0.0,0.39328793993641914,0.3016185784658691,0.3251311812356428,0.5361322132170895,0.11528328916855554,0.058264146725707955,0.03695855819669946
116,0.01653934152867724,0.4076032785933402,0.072160190752112,0.0,0.37794539726986354,0.3573180130315982,0.1776022452074327,0.7746385050936614,0.29324984906615775,0.46721344838814716,0.08661816951446458,0.1703056768558952,0.02926139349980409,0.0856976651947434,0.41943943615800694,0.027086848174346433,0.1868093578894973,0.0,0.4311996933691068,0.13201970443349753,0.5921073630758069,0.3309033582326427,0.27526968226877735,0.1753019338505287,0.2987120230278219
117,0.0,0.4766105073690934,0.32227876985398746,0.0,0.5032656632831642,0.1825124360681006,0.014598374940588008,0.05713859123224109,0.12163320155023663,0.6965259687398241,0.0181864320757909,0.16082345601996254,0.059889338035033386,0.1789708876490653,0.228896902147189,0.021426986755821092,0.06416127426580388,0.4709949409780776,0.5121074109981286,0.09071076706544685,0.5220940635956959,0.46059842986224264,0.02408267888508169,0.029210320549382277,0.02554698206288476
118,0.35161127700003875,0.43936344194238264,0.295652954222057,0.0,0.43152607630381523,0.2581797800042038,0.13548197270443382,0.25810564035420186,0.3567199641653846,0.31953150439596223,0.312722043647437,0.24167186525265127,0.06053916649943139,0.11638329939977261,0.02884772988034749,0.02026612183406339,0.17526132404181188,0.0,0.6221225170788897,0.09908515130190007,0.5603627130939428,0.3279090928328078,0.7323300751193984,0.6868660676927562,0.7493303630489055
119,0.353899251560864,0.3753544229075742,0.15207609573499814,0.0,0.240378018900945,0.5366776431023611,0.03304438358644727,0.11307124234802284,0.41707402574639224,0.22583238358840765,0.07722889527998648,0.4098565190268247,0.07677532180843438,0.18580607631084906,0.014997541386657926,0.3520929104689379,0.23618715778994526,0.0,0.4893242847158027,0.0,0.6247853947527504,0.567566709693802,0.18220342818987542,0.20865575968718617,0.17285548103426657
120,0.30110133012758367,0.2018928360606559,0.023151768431038243,0.0,0.43166958347917406,0.39164856722483016,0.20025801778964758,0.38336262045044733,0.16791633396303585,0.17736486486486486,0.045846726442226364,0.33799126637554583,0.07076440851275287,0.19814114598482246,0.029585313882970005,0.3351391232116232,0.08989547038327528,0.0,0.4039072892476269,0.03814215341308937,0.7977173255954539,0.23185983028969248,0.3433386587221617,0.6889533428030191,0.36621247232659876
121,0.2102803738317757,0.2950927547732177,0.17738151704334226,0.0,0.6845922296114806,0.1964548448118826,0.22006201480207319,0.28376345197487046,0.4043371569906714,0.03187072614783457,0.031635933006259526,0.23331253898939489,0.05011324216622229,0.029667627383061425,0.06130142599573841,0.06877479736457866,0.1116973618715779,0.0,0.38302933285234364,0.13159746657283602,0.7045629307217991,0.12884863618088327,0.04692472211935963,0.0546769374659027,0.04931010642225786
122,0.5527397525885136,0.6282454493550229,0.5308882536182651,0.0,0.24844242212110612,0.2451481818818749,0.11556480999479438,0.10527282959491899,0.5896839153212456,0.31570538912406376,0.0,0.017716781035558328,0.018615674244813314,0.03563023876887279,0.034830355679396824,0.12167412199916419,0.042359382777501245,0.0,0.62857078438888,0.11977480647431385,0.3719163341796641,0.3800177751444231,0.3870009995857348,0.5480926869673457,0.3752636087995245
123,0.5942916973668902,0.6671085864695123,0.4663555834732781,0.0,0.17328316415820794,0.317942969242626,0.30794649525835727,0.24959514867518864,0.5497789549535514,0.37578353956366,0.0363728641515818,0.23231441048034934,0.016083254493850518,0.06059123720881039,0.03524012456974266,0.07573482749547264,0.3564459930313589,0.0,0.3319955809077176,0.28219563687543986,0.3327288115100957,0.6044818757009542,0.7138137598383464,0.7338181267159134,0.646783061663651
124,0.4008221196727033,0.5165284457648276,0.230210109349161,0.0,0.4349247462373119,0.42569887199607653,0.10870696874363442,0.1150122316783241,0.3268155880577249,0.5554379680885705,0.14126205379800374,0.2083593262632564,0.006268933421251301,0.019328908749570325,0.01712833961645632,0.07533755372224889,0.15589845694375312,0.0,0.4460803102383153,0.02941590429275158,0.4827276024664491,0.40727299659309724,0.44638102755902165,0.5385309512592322,0.4793974904558611
125,0.40991584907123746,0.5578350445629348,0.27828271821759587,0.0,0.3112530626531327,0.5435437539410075,0.038544236471040896,0.18842527191078343,0.3384910510838024,0.6089323510257244,0.09600744374894267,0.17704304429195258,0.018625230545760343,0.037520822866812985,0.2674151778396984,0.1188054957925096,0.19069188651070185,0.0,0.3761526841476337,0.1797325826882477,0.44194897835811875,0.44026281820682656,0.3711624150640755,0.5271854899233323,0.39639484917734324
126,0.39517974173032927,0.5390324859440471,0.27270629558885745,0.0,0.27229961498074906,0.6226441532964339,0.15825091098386257,0.11295639090836003,0.4417882252127681,0.39683734939759036,0.025207240737607852,0.22270742358078602,0.02530508490773391,0.047198498109415905,0.02442222586461236,0.1429566455647221,0.10368342458934796,0.0,0.6949473541812278,0.03138634764250528,0.46074235279893627,0.4632541210825909,0.25584373419878836,0.27568729365955197,0.25621407061235546
127,0.1663628960328848,0.03614387876559218,0.014473060109990131,0.0,0.016846342317115848,0.002662369508862889,0.07154335377860262,0.9944411903203207,0.06112333729331801,0.07771287854119178,0.019116900693622062,0.11266375545851529,0.07380331221390823,1.0,0.03704310768726438,0.8363954370269475,0.011249377799900448,0.0,0.08385002141906975,0.0,0.9639318099383389,0.08050659161605687,0.012089238030034498,0.009035418640020635,0.010289157688214
128,0.3237290107418467,0.611968607565538,0.21149384029638368,0.0,0.15542177108855448,0.20962656764520424,0.21594278342348863,0.23878762820291952,0.7103530878142833,0.3521755942689677,0.4539840974454407,0.24803493449781658,0.11606127500167233,0.14189957428805627,0.14661530896574332,0.04944768626722594,0.04947735191637631,0.0,0.6875972313034067,0.153835327234342,0.38735823963245086,0.591139936940559,0.007087177417365717,0.0,0.007374736193118494
129,0.4956761158723388,0.6299389376505994,0.1349366082531055,0.0,0.22403220161008053,0.15806067399985987,0.2765316977117896,0.21410605381938463,0.8404191091982005,0.2864905568218821,0.3656741668076468,0.32838427947598253,0.08092275641944514,0.14661942409899786,0.27724963120799867,0.04884919590756419,0.17775012444001992,0.0,0.7626316145469302,0.1323011963406052,0.36988030467899913,0.1837505554732632,0.09568150002176017,0.05333674381070362,0.053183193700373756
130,0.35372474502656376,0.41591588685562764,0.03465073647236787,0.0,0.2842562128106405,0.18804736215231557,0.1261571192540117,0.39051786514143955,0.6124797943404678,0.23218210680560075,0.4286922686516665,0.14747348721147846,0.02250508873025429,0.1764324810280547,0.48451073594492705,0.10598438765665227,0.2690393230462917,0.0,0.7156674858521407,0.09507389162561576,0.5837988151372266,0.28916351016780584,0.10401451034451094,0.014575506566889097,0.039963097478925846
131,0.10101989374491023,0.5719974452519426,0.2563872472983194,0.08385325680059895,0.022992649632481654,0.09283262103271912,0.39560464432021364,0.43093408675877753,0.7483592030693128,0.13347647346141323,0.24166807646760283,0.1467248908296943,0.867186529438185,0.0,0.1102278315030323,0.22937143034036558,0.1422100547536088,0.0,0.3952720221856469,0.023645320197044333,0.4269810180147502,0.26587595488499055,6.614920639672457e-05,0.0,0.00011062104289677737
132,0.13638655136308994,0.09760298828106097,0.023869652723473536,0.0,0.337448372418621,0.015834092342184546,0.2622049204445148,1.0,0.13012444738738388,0.051255698469553884,0.12248350532904756,0.025826575171553335,0.6308974322219355,0.09845580263888523,0.050893296180953944,0.10758380154885179,0.010303633648581384,0.0,0.29196446689062744,0.0,0.9019562326199975,0.39599424423894874,0.06178216150382963,0.04622517796927652,0.05583728831932574
133,0.0,0.2886816919399634,0.10031151050546747,0.0,0.5075953797689885,0.27191200168149654,0.07437249620894913,0.35874995693071016,0.29709622762770954,0.25723502116574404,0.25148029098291325,0.0975670617592015,0.020718060453159787,0.10345329067399985,0.33346992296344863,0.012294849371327153,0.2492782478845197,0.0,0.4474669131738551,0.18719211822660098,0.7109708620481199,0.6679645343546987,0.10141184563863642,0.0984521581521767,0.11403902192546769
134,0.014852445030441697,0.05481095832083378,0.024536259566449167,0.0,0.757196359817991,0.06732992363203251,0.13430504945340968,0.03586810460669124,0.09400743957777476,0.03680600781504396,0.016156318727795636,0.11940112289457266,0.12084898177613407,0.09870699912742274,0.09416489100147517,0.044097388827835995,0.04763563962170234,0.0,0.2881992198949338,0.0808585503166784,0.9447273606577198,0.7722348011934739,0.01631772033584997,0.02174052057501495,0.015388111151169033
135,0.49788653197347504,0.5573124824602997,0.14173087030651096,0.0,0.38803990199509975,0.4365585370980173,0.05246361722834574,0.22476426742009212,0.5839289539797846,0.4616981439270595,0.015056673997631536,0.26699937616968183,0.035778790745678156,0.05893862873158995,0.04384527126700541,0.049241310281135695,0.29288203086112496,0.0,0.5124906996144567,0.2007741027445461,0.4424712852133963,0.1843430602873648,0.561170239939253,0.3187546170925366,0.0
136,0.019796796835614843,0.047857979232994965,0.005230299844885716,0.0,0.6503220161008051,0.058361942128494354,0.19865106488921078,0.08156749244851784,0.036574678170097574,0.07741777922500814,0.06902385383183895,0.07635683094198377,0.1192339669160861,0.23478939157566306,0.10039337813473201,0.35028712059064815,0.020308611249377804,0.0,0.03855432552476719,0.14363124560168894,0.9511836537298997,0.5989271430687517,0.004513348085939114,0.005340880744015754,0.0034003108585044313
137,0.5496955830457207,0.721745357422801,1.0,0.0,0.060035001750087524,0.6194212849435998,0.07355770318900934,0.12619876190148044,0.39649833485890124,0.2894517258222077,0.06107257655219084,0.22532751091703057,0.048335770190074824,0.031029376768291074,0.0740042615964596,0.07241733351907173,0.29661523145843705,0.0,0.39372759452573663,0.19064039408866992,0.27811872808608396,0.9807753348710242,0.46045159307863787,0.5070072080146643,0.4824653141690445
138,0.4337844650405243,0.5800003870830389,0.45325419513633397,0.0,0.3167798389919497,0.4142787080501647,0.07790326596202159,0.2885642421527754,0.41886575651936825,0.4306720123738195,0.17205210624259856,0.195134123518403,0.03417333218657721,0.0392924191543933,0.11539091952138995,0.062330707198910346,0.5606769537083127,0.0,0.31502942303790044,0.4513722730471499,0.41979446258009934,0.3912965274985716,0.7912834670560596,0.9262620064789987,0.8089643750897899
139,0.0522937914453019,0.12316982300628039,0.0850949273783122,0.0,0.2724116205810291,0.044980032228683534,0.3051626191068963,0.1117504507919007,0.12852746995929654,0.028207424291761637,0.1579259008627982,0.051777916406737366,0.4026642967040317,0.24955710092810496,0.06802163579741027,0.8559805181069131,0.11358885017421604,0.0,0.11992424413230218,0.043771991555242785,0.8769048482650221,0.13396957064561865,0.00019851250623879516,0.0,0.00015471474531017826
140,0.4435374413464149,0.2898429410569302,0.02783083569423257,0.0,0.5964718235911796,0.29096896237651515,0.041577077156372357,0.04255245839506598,0.4717705026583833,0.12743202539889284,0.0,0.3542108546475358,0.041369226799690365,0.03532615880906423,0.06843140468775612,0.039113408763756255,0.05818815331010454,0.0,0.565373255473136,0.0235045742434905,0.7094087776568732,0.4595932877668917,0.23743322543948323,0.41766594637721766,0.24868715392097945
141,0.46851126536626986,0.5592720903451812,0.1293858243490969,0.0,0.10616380819040949,0.5546836684649338,0.2942081796165946,0.19386923015079996,0.5517557014041716,0.38960232823184626,0.0,0.1716781035558328,0.049444301099930234,0.09300880509796665,0.012538928044582856,0.06690193529080957,0.17506222000995522,0.0,0.4665637048226726,0.49507389162561577,0.44088018377463456,1.0,0.5933767328478203,0.6949739835469082,0.03492127626040897
142,0.04081513941133129,0.10383018667079554,0.007358313997461767,0.0,0.6308715435771789,0.21474111959644082,0.2685195663490482,0.1611135995589705,0.030605488149258963,0.1438761803972647,0.016156318727795636,0.07161572052401746,0.550528941257418,0.2327401570639097,0.7057039829536141,0.0529612374304126,0.04763563962170234,0.0,0.5296597749870358,0.12118226600985221,0.8957320759279412,0.0207905707091013,0.03000539153467947,0.008628896557605105,0.03156408606044982
143,0.0,0.3072471621974704,0.05532836796697733,0.0,0.4856632831641583,0.05885237861696911,0.009302220310979334,0.2568997002377425,0.21311858531170275,0.46908580267014,0.017425139570292677,0.23081721771678101,0.11415957111321347,0.27441233242550045,0.06736600557285691,0.030435298548660884,0.030711796913887507,0.2079258010118044,0.6370482267264896,0.0,0.6924144601620117,0.39926360115961657,0.006463405784974034,0.022519255704509293,0.0054981299662303935
144,0.28074223445922364,0.2214308524536226,0.02617713794915841,0.0,0.41487224361218067,0.2729629370139424,0.1344408482900663,0.27732028620978766,0.3451613531462403,0.10144293389775315,0.34545762138386066,0.0462882096069869,0.09940464245100006,0.04663000079325208,0.0304048516636617,0.046135351690477305,0.15709308113489298,0.09392917369308601,0.7794061281085832,0.03919774806474314,0.7777390883810906,0.6221512156929132,0.13734203931907848,0.14262313863798912,0.14580036298494262
145,0.4455927405281731,0.7193454425810697,0.47972617841988546,0.0,0.16859642982149114,0.5634414629019827,0.20734219043523525,0.16501854850750558,0.4820534792685065,0.5743243243243243,0.15758754863813232,0.019338739862757328,0.04280267194174478,0.032840635659324685,0.10178659236190789,0.06415713467580914,0.16231956197112993,0.0,0.5169210650914255,0.31688951442646024,0.2797678636198768,0.5552193325856487,0.544458549784372,0.6296177793332237,0.0
146,0.45164230038391434,0.6735148107647793,0.3098696270847488,0.0,0.0977493874693735,0.39739368037553424,0.0994726478509834,0.20520506724551793,0.5729838159970397,0.5769496906545099,0.0,0.14622582657517155,0.024884607666064613,0.032919960866231265,0.07203737092279955,0.04077473545178284,0.10209059233449479,0.0,0.8136653664915563,0.67009148486981,0.3270317978479025,0.6096980341536703,0.5918495665266834,0.6000064506621313,0.4069173410240498
147,0.24754721371233568,0.45137753176500184,0.13351365903059983,0.0,0.22626181309065452,0.6223639038744483,0.17108390104791435,0.22234090204320714,0.6514596763199408,0.10434304786714425,0.07105396717983423,0.125764192139738,0.18129258526609518,0.05552764483460695,0.1652188165874447,0.008244720644305828,0.1337979094076655,0.08499156829679597,0.4726737762947264,0.4964813511611541,0.5479482529319308,0.9037497090378144,0.00034609034156218296,0.00020557575971088846,0.000394974752909713
148,0.027668980494047386,0.1722229211221537,0.0,0.0,0.646016800840042,0.13676171792895678,0.005386687187379761,0.15786330381651337,0.2025045280152687,0.23004518072289157,0.08044324141431232,0.20761072988147222,0.036915990558374655,0.0785848383087866,0.03900999836092444,0.05598980502628714,0.1775012444001991,0.0,0.3630645052194891,0.0836734693877551,0.8285237577076534,0.4824364644391307,0.013530844581457157,0.005147569929763498,0.01550735968829784
149,0.4149571489510218,0.23122405334004276,0.04307305754611766,0.0,0.4980959047952398,0.6187907237441324,0.2601905710341081,0.19436309134134996,0.2706584610590687,0.07449731357863887,0.014972085941465067,0.08820960698689956,0.12505375419282705,0.056122583886406306,0.8696934928700213,0.0395932329314161,0.03519163763066202,0.0,0.7948053119292944,0.07466572836030964,0.7684004352557128,0.3317392132382504,0.003345047105284002,0.0006403373567648758,0.002816818031017529
150,0.022666459844107496,0.165739280219089,0.05094414603817606,0.0,0.8319600980049003,0.035941988369648986,0.08464794151596768,0.05291205825265019,0.3602157867061367,0.0,0.1581796650312976,0.0874610106051154,0.0921131848284166,0.20397154869245618,0.05744959842648746,0.11268128840528116,0.15126928820308613,0.0,0.20809189908236198,0.0,0.834984886954419,0.21543898258459065,0.0005532607908035736,0.0,0.0005119790300988868
151,0.05588087020591771,0.020041224343652325,0.013191123873498535,0.0,0.5013895694784739,0.03012681286344847,0.08851820836068171,0.006741779508206133,0.07922566070072252,0.01952743406056659,0.13931652850617496,0.05140361821584529,0.07697600412832199,0.40005023929770755,0.0843304376331749,0.5296691277003008,0.03076157292185167,0.0,0.24141546231371042,0.0,0.9794801112320155,0.5634297564381996,0.0062787549656756515,0.005146056974877755,0.006059505127876383
152,0.17206344282002559,0.40489369732041763,0.1790736728755112,0.0,0.33132306615330764,0.17102220976669238,0.15994839644207046,0.12655480136443514,0.4222544647204316,0.2840992347769456,0.319742852309254,0.12301933873986275,0.10036982884665002,0.1890187471905656,0.3097852811014588,0.046739001449791304,0.08999502239920358,0.0,0.9554145153653641,0.13877551020408163,0.5952121871599565,0.40558012569566404,0.05339361637450919,0.053180902338649104,0.0586234964365318
153,0.04754333578935122,0.2019944453583905,0.08690245747176535,0.0,0.5250752537626882,0.259651089469628,0.07835592875087703,0.20674407653699942,0.1353146240286677,0.25376506024096385,0.024361360175943158,0.08995633187772925,0.04791529294840552,0.13349110235595868,0.20095066382560237,0.029491128412297948,0.07899452463912396,0.0,0.4926047843437873,0.5176636171710064,0.7986652158142908,0.6491207651776455,0.17456993906952514,0.32468239636736834,0.16076596335919052
154,0.06024353356342343,0.2891123218208386,0.11950209596574668,0.0,0.3618235911795591,0.2836824774048904,0.028766720231763344,0.24589693231804663,0.17866671860089198,0.3876689189189189,0.023853831838944344,0.08808484092326886,0.06442858098487236,0.22782199423570168,0.2430749057531552,0.05115544755212284,0.049228471876555505,0.0,0.41550740648885076,0.7553835327234342,0.7105404425099746,0.8278773515034809,0.28966745172368114,0.171860151800102,0.31870477697277194
155,0.04387869856904642,0.5565770246862207,0.22317227941082213,0.0,0.6456422821141058,0.3161914103552162,0.02365163071769685,0.1350652930434483,0.5982335871618595,0.4292270433083686,0.0735916088648283,0.06512788521522146,0.01160134934969372,0.029918823871598936,0.0,0.03693614211050403,0.2079641612742658,0.0,0.07069420332333776,0.04897959183673469,0.4423600531979206,0.23289671371437037,,,
156,0.34802419823942293,0.10753650676911465,0.023908110810568286,0.0,0.17114805740287015,0.03580186365865621,0.11078921757236945,0.748785446025566,0.11624827156406412,0.14228874959296645,0.01970901708678735,0.11628197130380537,0.1608994390451344,0.7365477669954257,0.019095230290116377,0.4358402856243649,0.011597809855649578,0.0,0.22306270150835344,0.0,0.8920275661951396,0.3896671392597922,0.008334643701970063,0.0038553825660298823,0.003470193796650399
157,0.29702951099391167,0.39963420652815546,0.16470316766444038,0.0,0.3893104655232762,0.6215231556084916,0.0782880293325487,0.11552906315680668,0.29979356145441804,0.3786429501790947,0.013957029267467436,0.1438552713661884,0.0014334451420544134,0.039199873079668955,0.0269627929847566,0.18965437181729536,0.09019412643106024,0.0,0.6866841025409779,0.15066854327938073,0.5996759763027446,0.33006750322703515,0.29550772049833884,0.31929318618612884,0.2935199020593729
158,0.0,0.3497392028024812,0.1218480392785263,0.0,0.4189814490724536,0.2885868422896378,0.13781318606703935,0.2833270165041519,0.3296589868930999,0.3009504233148811,0.20098122145153108,0.14822208359326264,0.08912206263199639,0.4967873291202835,0.48688739550893295,0.0047672852786849705,0.051767048282727726,0.0,0.5429959641963339,0.8152709359605912,0.6495852980292591,0.27219247942103814,0.31775263268925336,0.05041056259757154,0.34062072219681505
159,0.4298677628262303,0.6095299844199077,0.20007178842924356,0.0,0.15619180959047957,0.42625937084004767,0.11884661521399632,0.21093615408469146,0.6101232788673147,0.48086942364050794,0.24674335983759096,0.12738615096693698,0.05125999827986582,0.06749253020968296,0.13145386002294704,0.11804190464397565,0.3775510204081633,0.0,0.5220165490496695,0.2258268824771288,0.3902792890823359,0.6065979643227458,0.5638196046055997,0.9018073824418689,0.001677104614018739
160,0.20636367161748168,0.053707771659715284,0.04012460420218699,0.0,0.4008575428771438,0.0014713094654242274,0.0661340334517801,0.27071632842917687,0.06039301224998539,0.10914604363399542,0.0,0.0,0.2116720659767017,0.6455881964092124,0.051303065071299794,0.37567136687974995,0.010403185664509706,0.0,0.19639032308975718,0.05876143560872625,0.9458300084633058,0.4687771123854667,5.1939889687808714e-05,0.0001895933405175085,3.388966225283224e-05
161,0.41441423973319896,0.5804503711158636,0.16676708500519186,0.0,0.06379768988449419,0.5355566454144188,0.10816377339700789,0.18740309409778452,0.5656124018930025,0.48926449039400843,0.0,0.016593886462882096,0.08455415077931633,0.0614241518813295,0.08703491230945747,0.04922067268252667,0.1453459432553509,0.0,0.8258967826302616,0.3363124560168895,0.41902551082094064,0.8831178449753474,0.7839833073101493,0.7555667546698012,0.0
162,0.2613913987668205,0.5108092938637661,0.13825682310561874,0.0,0.3071578578928946,0.45351362712814414,0.06461761310911435,0.1434035075629673,0.4791029660934427,0.48035045587756425,0.12070715614955169,0.11877729257641922,0.05436579608765038,0.056611755995663565,0.02597934764792657,0.06666976230645803,0.23683424589347937,0.0,0.7549094762473788,0.03349753694581281,0.4885697013662196,0.5172038004951647,0.12190664729655806,0.07346369027780383,0.12051772583393171
163,0.13155853724745026,0.44348103776962755,0.07849295576038048,0.0,0.5553237661883094,0.27667624185525125,0.014983138311115132,0.23777693553388693,0.3142053089761817,0.5993670628459784,0.027998646591101337,0.206487835308796,0.00777882897088195,0.0,0.013522373381412885,0.06851166798231358,0.032951717272274764,0.0,0.11565170337970371,0.1513722730471499,0.5566436948373836,0.37757369278625386,0.02219374877783233,0.009799889225358618,0.025083468760084552
164,0.05173149261255671,0.28199967097941686,0.08550514697398953,0.0,0.2501890094504725,0.12036712674280109,0.27605640178349133,0.24577059573441754,0.3978323952713888,0.07731602084011722,0.06445609879884961,0.16643792888334372,0.9999999999999999,0.0,0.07810195049991804,0.392914080517591,0.0569437531110005,0.0,0.19635650350596345,0.013441238564391273,0.7171901825655909,0.12919779080347882,0.0,0.0,3.446138407998423e-05
165,0.1639198045526816,0.2712774707994232,0.07700590972605023,0.0,0.4324851242562129,0.1894486092622434,0.10069483738089309,0.2564977201989227,0.2764328977350186,0.2574995929664604,0.018778548468956185,0.16656269494697443,0.002541976051909826,0.09705439065020229,0.0,0.05485989650244298,0.03320059731209557,0.0,0.8012761256284805,0.0,0.7278297666545763,0.6992826459572126,0.043454884821327755,0.023119312842491236,0.04694742385728166
166,0.13863574669407064,0.4527371609394505,0.12002768982270823,0.0,0.6309695484774239,0.1895887339732362,0.2350451531131883,0.19036626124108466,0.7335482111905273,0.04527230543796808,0.028759939096599567,0.3822832189644417,0.17887484112649674,0.060776329358259086,0.3487952794623832,0.021731391335304228,0.050821304131408666,0.25834738617200675,0.15956079633846634,0.25158339197748064,0.5478176762181115,0.04183507205281757,0.00016830408703295458,0.00019619038763651415,0.00016879054035741787
167,0.0,0.08917425510707684,0.0435089158665248,0.0,0.8091074553727685,0.08876900441392839,0.03840843763438426,0.11953737840103824,0.16691335423685905,0.054705307717355905,0.04102520724073761,0.15121646912039924,0.014506464837590662,0.1602501388191121,0.03974758236354696,0.0011041115255828807,0.06032852165256347,0.0,0.716039501273871,0.017030260380014074,0.9109708620481201,0.31942357745942396,0.0006552564295823584,0.011120017834424973,0.0005296280066270978
168,0.23122115794780315,0.08131646941560138,0.041406540438678585,0.0,0.7909100455022752,0.12611223989350523,0.1293257587759998,0.008786135134203905,0.1185560987009952,0.0411917942038424,0.04204026391473525,0.18602620087336244,0.3021893485469644,0.03941140696475317,0.0610555646615309,0.196346113166272,0.012344449975111997,0.0,0.2119811512186323,0.0,0.9188344819247976,0.21940664875044968,0.0320738867143202,0.02461202406200698,0.03213810868753741
169,0.27667041532555164,0.11186215972981604,0.08850487776737986,0.0,0.7297129856492824,0.08358439010719541,0.036461987642305856,0.03332988779014345,0.1413032893839952,0.09817648974275481,0.03891050583657588,0.11490954460386775,0.06426612386877287,0.08215447261958275,0.037698737911817735,0.05133602653995181,0.022896963663514187,0.0,0.49170292877595645,0.08099929627023222,0.8882601861927213,0.5636836870728146,0.02226398298874749,0.04775015580669847,0.02112465222727057
