,Alcoholic Beverages,Animal Products,Animal fats,"Aquatic Products, Other",Cereals - Excluding Beer,Eggs,"Fish, Seafood",Fruits - Excluding Wine,Meat,Milk - Excluding Butter,Offals,Oilcrops,Pulses,Spices,Starchy Roots,Stimulants,Sugar Crops,Sugar & Sweeteners,Treenuts,Vegetal Products,Vegetable Oils,Vegetables,Confirmed,Deaths,Recovered
0,0.0,0.16904618272002145,0.028245131028856937,0.0,1.0,0.10309278350515463,0.0,0.11400126353397383,0.10267335044717599,0.32468878388215117,0.16895133653187114,0.024046578607607512,0.06838632602286301,0.08944313050956783,0.005621192541997413,0.21041974924071336,0.0,0.0,0.0733358007719558,0.8307425715717219,0.0,0.19910048042522746,0.013626460267069571,0.03335951842076515,0.013647751816696259
1,0.13469985358711564,0.7434048624476937,0.07249923524013459,0.0,0.228087614043807,0.4996601336807522,0.031236469007782743,0.2650371435418164,0.3222335990993396,0.9999999999999999,0.31654100982408045,0.04500198629456748,0.07976303992810091,0.0,0.06954956618054274,0.09707187913713887,0.0,0.008938071930197914,0.14154285412150375,0.2565572174867643,0.07400881057268721,0.6301747930082797,0.28507123039726456,0.27477757305909156,0.1983032261230991
2,0.02364568081991215,0.2993913162825288,0.005506271030896299,0.0,0.6658099329049665,0.3537158717571089,0.03165835840614626,0.2403546609154086,0.12087581464640826,0.48099391756011495,0.09375713959332875,0.021514053034064954,0.13979219412751123,0.0954633412169426,0.12281705741185157,0.1746748695584456,0.0,0.0,0.14513826468566596,0.7005938913124649,0.2370044052863436,0.6058673208627212,0.023500018689654754,0.03536770968086154,0.018537011336468838
3,0.46010248901903356,0.34392066364718676,0.028245131028856937,0.0,0.4465937732968867,0.03764019485668971,0.29859222169177646,0.2649717883362743,0.32061279850148733,0.054384168383650185,0.23226525017135025,0.2661262290197636,0.22386260261510973,0.0,0.46713125346132545,0.03407055525270618,0.0,0.019578633751862102,0.0048643789985724105,0.6561972446762,0.08105726872246695,0.13292446079934583,0.0058970607307965986,0.007876653585667196,0.006284126952579672
4,0.11237188872620789,0.9171430486532034,0.1314367288671357,0.0,0.095945897972949,0.12526906083607112,0.45241531680563113,0.2613118968259155,0.7302871340460327,0.4423340283518191,0.2437171578706877,0.09406346211143113,0.04844967612534113,0.1847989679638787,0.030773490862100794,0.15462191418113855,0.0,0.0,0.038967905673346376,0.0829820300807067,0.37885462555066074,0.29424511908412554,0.02820610957030572,0.03852098164106385,0.021108301042548308
5,0.1247437774524158,0.878515411795122,0.00989089425920261,0.0,0.20810465405232703,0.5711453494958649,0.05315806419380266,0.10060344639783893,1.0,0.3434666206062699,0.4087559972583962,0.0,0.013338594241497604,0.015695549344227046,0.10858408713309951,0.3717000233626665,0.0,0.010427750585230901,0.023158673927986043,0.12132487865278274,0.0,0.18164162322395996,0.4185129520925886,0.5836594688387794,0.43199641812949363
6,0.030087847730600286,0.5882080696076271,0.14662995819312735,0.0,0.37153253576626794,0.485244137305993,0.04543082679219726,0.22985425789164107,0.36421427566227177,0.6029141425980531,0.43991318254512224,0.0313089681199722,0.05036771556023191,0.008277789722640292,0.07254015137529998,0.2103808114632817,0.0,0.010853373058097469,0.11674509596573786,0.41165826836483643,0.18061674008810572,0.9197587652049475,0.5458276639746579,0.5681193219295783,0.5971777456812937
7,0.21332357247437772,0.9103955007835965,0.07545630671969,0.004291445097490437,0.11098015549007778,0.29707148521581506,0.15508876330894514,0.09997167941093175,0.864357430206094,0.5038431643492529,0.4834647018505826,0.08549756678915484,0.014703142296605616,0.0646635132229628,0.07949049289274505,0.2682423487267347,0.0,0.0,0.40839634114101414,0.08953047163458938,0.4079295154185022,0.26357967903506085,0.010733569749789746,0.019034635876530745,0.011204708103616293
8,0.4502196193265007,0.8153489158918477,0.3442439074130723,0.0,0.18966594483297244,0.5955874022884332,0.09831688334758135,0.12310742217284273,0.6132352441634195,0.6928182793974312,0.15187342928946768,0.18535852616943094,0.013179670974035223,0.07208127284454956,0.08416097470924865,0.2771590997585858,0.0,0.029580761864226434,0.18828319145561256,0.184559464125582,0.5700440528634361,0.27860574465910254,0.45539216039279806,0.4836340791273645,0.49744845934727533
9,0.2536603221083455,0.37816271357393405,0.06077291730396655,0.0,0.7246867123433562,0.3866262603376005,0.023459271019529035,0.10979674531076401,0.2832615943048755,0.4062341924419824,0.1840301576422207,0.0055119674247690945,0.009792961343285217,0.005805203182111374,0.15063688388406865,0.08511798146561796,0.0,0.0,0.18035213874054884,0.6218370740082401,0.19118942731277533,0.35741592558519886,0.21956661329318808,0.168382573489194,0.24619529512368313
10,0.02379209370424597,0.9483688106249938,0.09126134393800346,0.0,0.0,0.4624447717231222,0.31471283765029806,0.3964228917499945,0.9420636576713852,0.2817169012868123,0.40415809915467216,0.09875608302711293,0.015152511535637172,0.13115459041066435,0.021487908436403913,0.16233159411260806,0.0,0.0,0.07740707449902184,0.05143654043152068,0.28634361233480177,0.513707451701932,0.20181345788114663,0.24151577293532317,0.1919401759575377
11,0.0,0.17438293770487615,0.008463342510451718,0.0,0.8490255245127623,0.19227937011442164,0.3200752739505501,0.053983399777792304,0.01258789446355868,0.09829370905456922,0.06394219785241032,0.07293425364981627,0.1781694231633402,0.40125779402279077,0.16837733062580762,0.039677595202865824,0.06394453004622497,0.0706533304958502,0.056997832178924554,0.8255376455608142,0.0,0.2125114995400184,0.030398058142468598,0.026010492700412457,0.03145438402753851
12,0.09838945827232795,0.7583554368191406,0.11420413990007137,0.0,0.15970037985018992,0.39880480344397873,0.36799857889886867,0.13722414656994095,0.6293607543031285,0.31645960050830935,0.1663810829335161,0.1517901479789453,0.1458148379530683,0.16861965168780904,0.11903267491231308,0.13406276769721984,0.0,0.0,0.13033363295088035,0.2413636842323612,0.24669603524229072,0.2701216395788613,0.056078678831368814,0.033823300953129326,0.051995744553223935
13,0.24897510980966323,0.7225493857305639,0.13541348016722748,0.0,0.21004295502147752,0.6365129715645179,0.13267866460903063,0.08319717665512058,0.6416380761970389,0.3550639704884458,0.5584304318026045,0.0634372827490317,0.00029044597156917544,0.01144915072027521,0.3712386930035075,0.11241336344521456,0.0,0.0,0.18262570718553375,0.27734181779886846,0.18766519823788544,0.551078401308392,0.26331802553699457,0.10199123267141255,0.2890200412605818
14,0.4001464128843338,0.7673659986147416,0.47700622004690524,0.0,0.21160140580070297,0.542993089384842,0.16288816600237588,0.12123390628063527,0.4383343604874049,0.7185236820352114,0.31359949737262965,0.026305988678120968,0.03832242790911781,0.06353472371533003,0.16588517629684324,0.15937232302780158,0.0,0.010427750585230901,0.2864167503833342,0.2327696525049704,0.998237885462555,0.48210160482469594,0.6039660269578742,1.0,0.0
15,0.14714494875549047,0.4624017312535309,0.09105740797389619,0.0,0.383666441833221,0.2535119519655602,0.12449623075129618,0.3146635296168006,0.47217221248986996,0.2674484596498587,0.07228124286040667,0.2205655973780912,0.32835739102795947,0.028004730165555793,0.025493815765183676,0.10750720348882488,0.0,0.0,0.06688521123037065,0.537562588357688,0.32775330396475766,0.24967801287948488,0.27599075653845917,0.3938517550126934,0.30305941561148136
16,0.5452415812591508,0.21412452641087268,0.007953502600183541,0.0,0.37585288792644395,0.05163135833238926,0.20098588890985997,0.06317669869071739,0.2269557579669143,0.05117639075666539,0.1285126799177519,0.40236120766709704,0.23427481669023115,0.8757794022790797,0.7059811703895144,0.0035433377462814417,0.0,0.0,0.3035478242478719,0.785797030224313,0.0,0.32354083614433204,0.003269826803696221,0.002429450066640767,0.003228296959957552
17,0.1336749633967789,0.5819903670295787,0.022330988069746097,0.0,0.36310483155241585,0.4016936671575847,0.027228519723329375,0.18604448510990568,0.7794158324072772,0.18197352349697107,0.10012565684258624,0.06228274903168139,0.11369589758765439,0.05498817458611051,0.3086579287428466,0.1850323183552683,0.0,0.0,0.22788558134616402,0.4179928962812385,0.12863436123348015,0.154819584994378,0.1875629459251705,0.49849786110281663,0.15914101274776316
18,0.39033674963396775,0.4429570474211535,0.06454573263995105,0.0,0.40646455323227665,0.21216154979041574,0.04271075040801145,0.1469838572642311,0.27620092104177685,0.5623727684354681,0.15829906328535526,0.08399543152249479,0.09315095518363856,0.7235540743926038,0.1592209710171682,0.36239389455649873,0.0,0.011278995530964037,0.10886691693544123,0.5567962419859777,0.13920704845814977,0.8181539405090463,0.3614348333756731,0.7848605982033345,0.3274733512489549
19,0.26954612005856515,0.5053926121692056,0.15641888447027633,0.0,0.5000213000106501,0.08134133907329784,0.0419724439608753,0.06901509705248024,0.35636261288585,0.5633782833454652,0.35052547406899703,0.19211192769887778,0.07230460658271133,0.21855514943023005,0.1484308657928743,0.11393193676504948,0.0,0.0,0.020303494950563106,0.4944583972912686,0.13480176211453743,0.20973116630890323,0.09743192113928245,0.03793909370086662,0.09345258065004398
20,0.20549048316251828,0.7851796526640684,0.1290914652799021,0.0,0.1547445773722887,0.322986292058457,0.07155466243296953,0.15615537110864214,0.860417040728681,0.41583285011042154,0.18228809687000228,0.058235673850432025,0.25935181227326026,0.01182541388948613,0.06745431050396898,0.26232380655712173,0.1694915254237288,0.035113854011491814,0.03489663194628034,0.21472314325194586,0.1938325991189427,0.13202494122457326,0.42850707969103313,0.5856887091925249,0.44021296508629953
21,0.48748169838945826,0.655345213358485,0.24472315692872437,0.011195074167366358,0.34642692321346163,0.44329896907216493,0.07067757657847698,0.1504912532949916,0.5151234283329532,0.5255141697407868,0.392363490975554,0.09338067335385838,0.043068205482304715,0.8771769511932916,0.05193834225586118,0.22342496690288918,0.0,0.0,0.06979326389256069,0.3445335511892188,0.21145374449339205,0.23526525605642445,0.31004793598159286,0.7248973640593709,0.3085172498667724
22,1.0,0.08708933000105329,0.00672988681553992,0.0,0.7586460293230148,0.11439333862014274,0.0787989474969746,0.0,0.09497212125917767,0.09266776060108817,0.14441969385423806,0.7137997815075977,0.30699043172327617,0.03531498602451085,0.010743954218201957,0.007242426602289543,0.0,0.0,0.04515412679109607,0.9125789435053312,0.0,0.04452621895124195,0.005130576748233696,0.0034571765564097544,0.00531328168532577
23,0.2322840409956076,0.44931838275896185,0.06617722035280921,0.006717044500419815,0.45293407646703826,0.2718080888183981,0.12410764841069818,0.12851011916432478,0.36179278015829497,0.3733853157810321,0.10503769705277588,0.042668090177773364,0.285722114446673,0.36051386798537943,0.08621930958094885,0.10680632349505491,0.0,0.0,0.02670121080738117,0.5506371327272092,0.3180616740088105,0.3116426454052949,0.24846726357007168,0.1309436246431852,0.2722550991006297
24,0.3526354319180088,0.32535373556889735,0.015601101254206178,0.0,0.6402392701196351,0.07236320380650278,0.5659979349624185,0.052088098817070785,0.10866157780570773,0.0049165360936671045,0.1353666895133653,0.5664043102592115,0.12151053825666654,0.10685874005590196,0.03428096732508769,0.01530254653064403,0.11787365177195686,0.0,0.02019774758102892,0.6745852174995294,0.0,0.14954512930593888,0.00026394692940295573,0.0,0.0003240753273222925
25,0.4163982430453879,0.11651808655629284,0.014683389415723462,0.0,0.4246334623167312,0.008298402628299532,0.18624196467231405,0.31649347537198,0.11969660942102481,0.03342874415505903,0.09047292666209733,0.4742774853510776,0.49198807527482763,0.46049236723285314,0.2947110947018645,0.0337201152558212,0.0,0.0,0.16750383334214564,0.8832609451839278,0.06343612334801761,0.4862107737912706,0.011310643078866053,0.009610693817959653,0.012269461562891352
26,0.25314787701317715,0.6615629159365334,0.7003161007443662,0.0045713219516745965,0.1816464908232454,0.5700124617650391,0.1560324632789688,0.13674487506263205,0.616651542429551,0.34089422970155325,0.012708476125199908,0.2987262886086007,0.20523569964598468,0.08234788217587614,0.11494369577256784,0.2426602289541313,0.0,0.02106831240689509,0.29260297150108394,0.33831699946067906,0.7400881057268722,0.29189410201369725,0.20269714956513615,0.2923116124530079,0.21126939166971803
27,0.14970717423133234,0.5553065921053051,0.09880697460997247,0.0,0.03619226809613407,0.03058796873229863,0.13146850817688266,0.20523713047077535,0.6939986703611862,0.08462981012423967,0.6302547406899703,0.4465066044294369,0.3055984831048126,0.005805203182111374,0.7051319918774228,0.14539366092983413,0.0,0.09172164290274527,0.0,0.4447259834629512,0.0,0.10751303281202085,0.0098944570371873,0.007034266212715745,0.01118807028055402
28,0.04150805270863835,0.350438399101178,0.04333639237279494,0.0,0.5277539138769569,0.007986858502322421,0.12235902787800731,0.00875759754264427,0.3139354882540484,0.15470741366760019,0.7998058030614577,0.8297000695203101,0.20476440995626866,0.0,0.09045597194018828,0.0,0.0,0.0,0.0,0.6491573508809442,0.0,0.0,0.001947251515517089,0.003994295068546525,0.0018673896498958295
29,0.1693997071742313,0.6777487320419152,0.10359946976649331,0.0,0.3539138769569385,0.4450549450549451,0.10950805475680295,0.09530967474892708,0.7516729670841603,0.3060713360393816,0.05480351839159241,0.05554176184328136,0.07669965694494678,0.015158030531068586,0.15647960125530735,0.11751421228876258,0.0,0.0,0.14027388568709354,0.3224022440858192,0.14889867841409687,0.2574057037718491,0.36913517963278325,0.5233669888808773,0.4011333780481905
30,0.1206442166910688,0.8358947842157172,0.04802691954726216,0.04804552663494729,0.10929390464695232,0.7542766511838678,0.325737473770692,0.08232577391455896,0.741953016193448,0.13608996582483063,0.893363034041581,0.22091319892740097,0.017256874801345915,0.04112018920662223,0.0361916189772937,0.14516003426524415,0.011556240369799691,0.018727388806128967,0.3221064876011209,0.16399186869927918,0.05198237885462555,0.7195747725646531,0.0006575779803401642,0.001854322763452701,0.0007395218869039962
31,0.19224011713030745,0.6778955566407808,0.035280921790557765,0.0,0.25666157833078923,0.6671009402968165,0.0765895793318604,0.45535150208047404,0.5542555721086422,0.503368166508334,0.2703906785469499,0.07943936835832754,0.1287662074332248,0.05944958073532573,0.15419051135314749,0.045596137372478786,0.10631741140215717,1.0,0.11690371702003913,0.32220757793826216,0.30484581497797353,0.16870080752325464,0.41799867398689655,0.6074526014784583,0.45245603976717613
32,0.5369692532942899,0.6191848681291673,0.009075150402773529,0.0,0.19148709574354789,0.02843548204372947,0.4348402926580142,0.18393133346404375,0.6086251825827022,0.01900608243988501,0.4776673520676262,0.2164316218095144,0.08822981400497594,0.004783917437110299,0.4467417389699096,0.022350284245775252,0.0,0.0,0.004705757944271137,0.38068720341335927,0.15770925110132156,0.5207196156598182,0.05489711289961013,0.07828457559313041,0.0420051234471942
33,0.05409956076134699,0.7541039071302493,0.07535433873763638,0.0,0.17293123646561825,0.490455420867792,0.19442994970634275,0.17101278783521773,0.4543822274847019,0.710750990092902,0.14250628284212932,0.18007001688350385,0.23533247843575658,0.056278219737690816,0.044000369208048735,0.2103808114632817,0.0,0.026175782081293897,0.07492201131496855,0.24589206559930055,0.05462555066079294,0.1782684248185628,0.36925111636448416,0.281939518925636,0.33803375270322045
34,0.13609077598828695,0.22748875674674987,0.0,0.0,0.43635201817600905,0.12668517049960348,0.25014155499550356,0.22639043199790865,0.16503049919687876,0.02382391768349104,0.4125828192826137,0.28093653788856887,0.062506165126755,0.23161685658998063,0.8611316226693742,0.543843937388054,0.0,0.0,0.5271506371279014,0.7723108148214338,0.07400881057268721,0.22919349892670965,0.010823272275076005,0.003337749240188474,0.011737452624153525
35,0.46998535871156655,0.8079534246837684,0.11848679514632404,0.0,0.2016081508040754,0.3578225897813527,0.17275260627727013,0.11371805764329126,0.5701821216959203,0.690393939767806,0.2686771761480466,0.07161833349885789,0.014253773057574061,0.041657708019780686,0.070463356101163,0.35433377462814425,0.0,0.08235794849968078,0.13165547507005765,0.19203975018908148,0.1947136563876652,0.47126648267402643,0.5619386028599712,0.6900813467320567,0.6248658004705075
36,0.08689604685212297,0.44568287801748485,0.005812174977057204,0.0,0.34659022329511174,0.37861107964200746,0.04473692975541517,0.24207568132801774,0.49299513274551,0.24909627034162826,0.19536783184829792,0.32235077962061776,0.35753351088898383,0.015211782412384432,0.10251061473140115,0.06272875944241105,0.0,0.0,0.0,0.5541570796248371,0.0,0.397771644689768,0.02723403471249274,0.011138679382426098,0.02553374112214506
37,0.15497803806734992,0.7652083153792383,0.044458040175384926,0.0,0.2089850544925273,0.40418602016540156,0.23322712082690317,0.17571836263425047,0.6614176667265166,0.43779378924900986,0.18140278729723555,0.1395123646836826,0.06211707712710572,0.0435390238658353,0.037714602178327485,0.24425667782882954,0.0,0.01319429665886359,0.21403267593718608,0.2345918552960362,0.11013215859030837,0.40717571297148114,0.25186620254577036,0.09427587387547927,0.018852318578183227
38,0.8592240117130306,0.8389781007918952,0.35372692974406034,0.0,0.1602009301004651,0.4071032060722782,0.08306780206725804,0.10929568873494107,0.665770535397994,0.7201954276831207,0.19319739547635367,0.038993445227927304,0.03960477427415907,0.0497204902171576,0.133930219678789,0.21509228253251306,0.0,0.03681634390295808,0.10701633796859304,0.160934652808139,0.5092511013215858,0.26924256363078813,0.9235811571278861,0.8620345766533215,0.9463993588679883
39,0.2882137628111273,0.8916434460371719,0.43295605179973484,0.0,0.15023252511626256,0.6430837204033081,0.20340065059786167,0.10661612530771408,0.5584774179772991,0.7245012522670351,0.39664724697281245,0.03833548515244811,0.010423174300463616,0.1022360782627392,0.07752446003322871,0.35445058796043927,0.0,0.009363694403064483,0.23386030772484537,0.10827905551814698,0.5066079295154184,0.27862618828580193,0.33271946438537214,0.20502229103317388,0.36586358510719014
40,0.016471449487554902,0.16479465303112997,0.02294279596206791,0.0,0.7720046860023431,0.05585136512971564,0.0413562633922128,0.0671633662287868,0.15944019294320888,0.19875266800735317,0.21838588074023305,0.03043996424669779,0.3443045189009086,0.14507632767146847,0.03614546797120177,0.07036056381901722,0.0,0.0,0.055517369005445995,0.8349933143347684,0.06607929515418501,0.4602064806296638,0.05774507496483115,0.03438816377269037,0.0655216946388604
41,0.02781844802342606,0.7278669896807841,0.06464770062200469,0.0,0.12177926088963048,0.10813413390732977,0.2970878529160329,0.6219854911443696,0.545777911496523,0.4983776047771211,0.21347384053004342,0.08687555864534711,0.0972062385602648,0.2349494732315631,0.288849916928189,0.22879838018845886,0.0,0.0,0.0033310421403267595,0.27212731804299894,0.11189427312775328,0.26582847797199227,0.01611700969579141,0.0,0.0169004371092299
42,0.3502196193265007,0.6777966096285017,0.022840827980014276,0.0,0.1882565941282971,0.5722215928401495,0.10844222890830567,0.7541119316820252,0.5774126393330454,0.42405586468113454,0.43762851267991776,0.09530489621610885,0.20727430155964005,0.040152655342937,0.06222078641314381,0.15454403862627522,0.0,0.0,0.019774758102892195,0.32208631050207914,0.0,0.1637943371154043,0.2032481273894928,0.14386302610216078,0.17452734614511636
43,0.0,0.5841576257823995,0.10074436626899153,0.007090213639332027,0.5274734637367318,0.44213775914806835,0.08796949073508675,0.22724004966995623,0.48876843418045235,0.43758404994263006,0.26916266849440257,0.07806137650213527,0.048734641984239185,0.0285960008600301,0.06768506553442866,0.01518573319834904,0.0,0.0,0.016073600169195793,0.4157079624836848,0.13392070484581498,0.12515588265358277,0.14104630390854173,0.46208459366086213,0.1325443635106184
44,0.003806734992679355,0.25672919479474876,0.047619047619047616,0.0,0.8002520501260251,0.13639968279143536,0.19033318160118126,0.2234712328170272,0.19846557739808127,0.11273487717912967,0.3513251085218186,0.07289701062667595,0.09216453490283759,0.1143840034401204,0.04951079933542551,0.07328089712639203,1.0,0.0,0.024692010786231695,0.7431587614127019,0.045814977973568274,0.4760298476949812,0.016088506362954988,0.051381180198316424,0.014491583780930148
45,0.08806734992679355,0.411249317744391,0.04772101560110125,0.0,0.45368667684333847,0.43834258524980174,0.07801623163948439,0.16035988933185194,0.28525119982918506,0.4177513478834836,0.08778843957048206,0.168859866918264,0.3749821896338188,0.014351752311330896,0.057402621377146024,0.10894790125379644,0.0,0.0,0.017659810712208533,0.5882651416754695,0.23524229074889866,0.27402637227844223,0.08334155002026603,0.13921284246212037,0.08607822580353926
46,0.4324304538799414,0.7706759357674297,0.2276945039257673,0.0,0.2579786289893145,0.47139458479664664,0.09272129764297053,0.09655142365422739,0.3781123981540343,0.9351658791161337,0.20059401416495318,0.021898897606515047,0.046904284352086274,0.08998064932272629,0.11306996492523537,0.2878669885522934,0.0,0.010002128112364334,0.1893935388357215,0.2292975743321516,0.2052863436123348,0.26809772053562303,0.3429452174846489,0.18476179323557682,0.31289714673011826
47,0.4417276720351391,0.32913925674834577,0.04986234322422759,0.0,0.6816003408001703,0.1033760054378611,0.04801212376902665,0.14879201795089644,0.3795633543778601,0.19395950797626238,0.3213673749143249,0.161783692521601,0.10144236565503785,0.2323156310470866,0.17211556211925422,0.05163149287438674,0.0,0.0,0.09485539047216202,0.670809970736253,0.0,0.1250332208933865,0.1407930972402008,0.29504838836670083,0.11491963233542887
48,0.12269399707174229,0.0,0.007749566636076272,0.0,0.7782384891192446,0.01594539481137419,0.00232594286729358,0.012025357819750343,0.032294694547025056,0.11902088756739415,0.10440941283984463,0.09902919853014203,0.5890025098916033,0.4135132229628037,0.20425512276167618,0.11311424343898453,0.0,0.0,0.04430814783482261,1.0,0.0,0.060083818869467454,0.011796917422071692,0.010066353498913478,0.012083930989483922
49,0.16339677891654464,0.5314954723762284,0.2482920363006016,0.0,0.32040186020093014,0.22541633624107849,0.3478145018929511,0.05341698799642726,0.443225878459366,0.15223989241607339,0.23177975782499427,0.2313660740887874,0.25721456833152484,0.0981509352827349,0.24427727524460036,0.126158398878592,0.0,0.0,0.03220007402315868,0.4683603685253561,0.17885462555066076,0.2735970561177553,0.0005705743198811921,0.0012037806762827904,0.0006543432224920903
50,0.35117130307467054,0.8542765856258717,0.25542979504435603,0.0,0.18700344350172177,0.31735017559759826,0.2087464333692309,0.10550508681349803,0.4895400129081725,0.870183706957176,0.14307745030843042,0.04254394676730559,0.01698286916779009,0.022844549559234574,0.09037290012922282,0.4160112140799004,0.0,0.008938071930197914,0.09654734838470895,0.1457060158222092,0.5233480176211454,0.19231319636103444,0.08210027248358749,0.06710690815097275,0.062023011933443624
51,0.13060029282576865,0.8499484517984417,0.2729682879575813,0.0,0.20203770101885055,0.4414863487028435,0.21334280734087552,0.1290111757401477,0.5751609882030951,0.672232983356569,0.3630911583276217,0.04974426457443639,0.028112978002827735,0.021554504407654263,0.0778844378807458,0.28109181527918387,0.0,0.009576505639497766,0.18870618093374927,0.15010674725632422,0.11806167400881057,0.2694469998977819,0.4995002895953426,0.6555566379802641,0.04069488224052547
52,0.27657393850658857,0.9110147175701165,0.20821861935352298,0.014273719563392106,0.10284000142000072,0.32043729466409876,0.3874776565154156,0.07276212883689519,0.8661966021419802,0.27781821770939996,0.26242289239204936,0.13061128215314335,0.036366027685529205,0.013706729735540742,0.07110947018645006,0.12962386107001014,0.19645608628659475,0.0,0.06207370591656533,0.08899115066840702,0.13480176211453743,0.2233875089440867,,,
53,0.5100292825768666,0.6346429449184325,0.01916998062608341,0.0,0.2597784798892399,0.03591254106718025,0.28976585138390826,0.34673115046946823,0.6636013801068564,0.08899732273944208,0.7044208361891707,0.4117464494984607,0.0037812777430703973,0.0,0.2941665128299797,0.033564364146094545,0.04853620955315871,0.0,0.006662084280653519,0.36533091649460525,0.11101321585903083,0.15784524174588574,0.049311158285474666,0.017162642649581717,0.05353542806618133
54,0.154904831625183,0.27279052917500524,0.007953502600183541,0.0,0.6702012851006427,0.0789056304520222,0.3705743246994038,0.002483497810600614,0.06470585380766825,0.1915906875747967,0.06042951793465844,1.0,0.0231918368241651,0.004192646742635992,0.0,0.1592555096955066,0.0,0.0,0.05387828477766616,0.7271418860915827,0.1383259911894273,0.09804763365020958,0.016813058998864875,0.02989878426091674,0.01778541053772758
55,0.10944363103953146,0.44600525376716804,0.1723258896706434,0.0,0.6904504952252477,0.31746346437068085,0.07868792397108947,0.07067076225954731,0.27994234996675904,0.49137601322591384,0.17080763079734976,0.035914688648326545,0.0007124146472451472,0.038432595140829924,0.10710725493815766,0.2450743711548945,0.0,0.01383273036816344,0.14090836990429864,0.5537294523498758,0.22907488986784139,0.14872738423796383,0.6765973742110265,0.47454946050738567,0.7528037405100605
56,0.4776720351390922,0.8238040976830439,0.3082492097481391,0.0,0.18133764066882035,0.47167780672935306,0.11093470706442693,0.12299849683027253,0.6188352558098908,0.7271908504311992,0.10412382910669407,0.09588837024530739,0.012883744889794933,0.06450225757901526,0.1081687280782721,0.2541468732964723,0.0,0.010214939348797617,0.37038016179347544,0.1761058473242979,0.25374449339207045,0.3148727384237964,0.26352986874399786,0.39848822537632517,0.27117267964310243
57,0.11046852122986822,0.24692386506180994,0.008055470582237177,0.0,0.2988781994390997,0.06440466749745101,0.36369641727081964,0.5408361109295688,0.14987552833732062,0.019949909318594,0.17012222983778844,0.31630499553083724,0.1758513355034579,0.6489464631262094,0.9862377699833855,0.0006619422163382915,0.2449922958397535,0.0,0.06297255855760588,0.7531314124145944,0.14008810572687225,0.13877133803536748,0.021629025863129737,0.007792710410829788,0.022606949654140784
58,0.1739385065885798,0.7189489912192505,0.10176404608952788,0.0,0.23908906954453474,0.34864619916166306,0.1462623930010769,0.20456179334684008,0.4822075886466316,0.6665083340530269,0.2524560201050948,0.07372877147681002,0.07449117153848682,0.03574500107503763,0.09035443972678604,0.2387275134335332,0.0,0.02021706746116195,0.4698884365251415,0.2810181358642061,0.2511013215859031,0.4408054788919555,0.14652767579295262,0.29993804340594493,0.09693711650629379
59,0.08814055636896045,0.8257670787330951,0.057815845824411134,0.0,0.1573822286911144,0.5155772062988558,0.3279190860543349,0.301962834673115,0.6976236345725503,0.38967095604110885,0.13151130911583275,0.07091071605919158,0.14791372110610593,0.3046119114168996,0.0504799704633561,0.04135191963242738,0.0,0.0,0.022471316026013856,0.17414322960712547,0.2493392070484581,0.12597362772155782,0.012554125003693638,0.004772510999777369,0.014292630321176562
60,0.05761346998535871,0.34947127185212845,0.03650453757520138,0.0,0.5610351805175902,0.7296080208451342,0.02738950383586282,0.13053613053613053,0.3738614361069728,0.1651018469396567,0.15324423120859035,0.17644502929784492,0.3615230329135567,0.04617286605031176,0.010817795827949048,0.18390312280975002,0.0,0.0,0.05297943213662561,0.6503508777528507,0.12599118942731277,0.2080139016661556,0.08662536359471533,0.17474956113002607,0.09118429007560824
61,0.029575402635431913,0.15225391718454254,0.016518813092688895,0.0,0.6494231247115625,0.10929534383142629,0.13196811404336578,0.270744831492495,0.14993861339053047,0.07496946442451236,0.21707219556774046,0.43847452577217205,0.1183156325694056,0.0,0.2683311796197157,0.07947200373802664,0.0,0.0,0.0,0.8476625701675727,0.07136563876651981,0.8328733517325975,0.011188439917643374,0.003606741593143691,0.012612208075492432
62,0.14092240117130306,0.19502775304102468,0.03466911389823595,0.0,0.8151514075757038,0.06488614478305199,0.019040534689300663,0.20423501731912946,0.278695206991765,0.11852121451395997,0.2587388622344071,0.1562593107557851,0.07323622573680114,0.0,0.16123315488277645,0.025348493108013397,0.0,0.0,1.0,0.8047658102419927,0.09955947136563875,0.12873351732597363,0.013791368695284974,0.012873644097999263,0.013932396009884713
63,0.11251830161054172,0.5647257093064452,0.011624349954114408,0.0,0.28343569171784583,0.07009742834485103,0.2526118284464478,0.17929111387055313,0.36456852249952687,0.5095739824559239,0.052004797806716935,0.2580693216804052,0.130985653065027,0.333422919802193,0.055464279121284835,0.10968771902499808,0.0,0.0,0.09628297996087348,0.4351362822595315,0.2511013215859031,0.8776244505775326,0.09689342942204547,0.12334545582653275,0.09785815764261298
64,0.0,0.17672893944762033,0.030590394616090547,0.0,0.5247364123682063,0.02478191911181602,0.06977828601880738,0.2619654488813367,0.24846290841506086,0.08807817107324833,0.19445396390221611,0.16163472042903967,0.5690274992053835,0.0,0.23169651098393945,0.3258702593255977,0.0,0.021281123643328372,0.0,0.8232207992800545,0.08810572687224669,0.13040989471532252,0.009877286440390662,0.011587035607195015,0.0088822789508278
65,0.07986822840409956,0.41245902476547947,0.015907005200367082,0.0,0.5577478788739396,0.24835731279030243,0.03274638895982058,0.15009912206173887,0.39268504544550176,0.3615473825768324,0.1580134795522047,0.025883901082530542,0.3390929317506768,0.01677058697054397,0.005685803950526119,0.26150611323105677,0.0,0.0,0.020620737059165655,0.5873747833940205,0.13744493392070484,0.10685883675764082,0.14988229758169702,0.2028365558026024,0.06928954922320953
66,0.3871888726207906,0.7619175292611848,0.5798919139390231,0.0,0.2784088892044447,0.6692251047921152,0.05386306358317326,0.07879659281528441,0.6532311678984428,0.589200893242693,0.004883481836874572,0.03127172509683186,0.05485044772520522,0.10089228122984303,0.09478493631161158,0.18047659839576358,0.0,0.0,0.015016126473853964,0.23798096101251942,0.9524229074889867,0.3421854236941634,0.368992033735012,0.7192423769828007,0.3148050399520459
67,0.27774524158125913,0.9999999999999999,0.33629040481288874,0.0,0.05589477794738901,0.33238926022431176,0.5180413229563344,0.12617911683332245,0.518971616578752,0.7554192935486655,0.17620516335389536,0.06263035058099116,0.008746259823101961,0.07052246828639003,0.040077533690234445,0.3520753835371077,0.0,0.00744839327516493,0.0937450430920531,0.0,0.03083700440528634,0.16673821936011451,0.15717211835092895,0.04249869170182616,0.1791279333211675
68,0.005636896046852123,0.21711208781387745,0.031202202508412356,0.0,0.6202314601157302,0.19383709074430722,0.08265701502148305,0.13219179574319762,0.0,0.4657322986194218,0.03498400731094357,0.13751365577515148,0.3950942031368164,0.4401741560954633,0.07036182388776074,0.06300132388443269,0.0,0.09768035752287722,0.09712895891714694,0.7826855631117225,0.0,0.4438720228968619,0.0742652972792914,0.059701716296076936,0.08313842558436338
69,0.00534407027818448,0.3736973306649558,0.022330988069746097,0.0,0.6928041464020731,0.3510252633963974,0.5605022704311042,0.14898808356752283,0.09235166520276991,0.05064587368758711,0.19762394334018732,0.29089283940808425,0.027142998060040113,0.18012255428940013,0.05695957171866346,0.1504555719959505,0.0,0.04660566077888913,0.053931158462433244,0.6261293029994545,0.0,0.23172850863743227,0.04052583607740779,0.06230260828666836,0.03823283133888284
70,0.0,0.31840510183562665,0.2677679208728459,0.0,0.6607227803613902,0.3387617537102073,0.10256908438898202,0.25451495544953484,0.3212679125155893,0.15765610156317467,0.1581277130454649,0.015095838712881123,0.13170902793761438,0.0951408299290475,0.07306627284474801,0.12339381668094386,0.0,0.012130240476697172,0.7244223549939196,0.6815038438586022,0.050220264317180616,0.49299805785546363,0.16659834039171303,0.3743461213862114,0.1639760104127445
71,0.006076134699853586,0.21496398009569126,0.0336494340776996,0.0,0.9199261599630801,0.6358332389260225,0.037670282332826314,0.1562425113826983,0.23035264544744288,0.12277768867284367,0.030671692940370116,0.045957890555169335,0.10410022030052936,0.02666093313265964,0.008288720694111133,0.1295459855151468,0.0,0.0,0.10918415904404379,0.78509495559378,0.14537444933920704,0.1692732290708372,0.1517202013509091,0.17799069261532724,0.16684827793413118
72,0.5700585651537334,0.7682597135643585,0.3176302640970735,0.0,0.2216017608008804,0.38489860654809105,0.17875897902765595,0.17323486482364986,0.6076934648737571,0.5811197611439427,0.08627484578478409,0.06793127420796503,0.04035006959743091,0.05326811438400343,0.1136053165959018,0.22420372245152248,0.0,0.010002128112364334,0.17717971765452337,0.23178993927054448,0.3744493392070484,0.3690074619237453,0.3889568585812455,0.39603542108530304,0.051660004921853006
73,0.08052708638360175,0.8014037708387194,0.020801468338941573,0.003824983673850173,0.17661613830806921,0.3491559986405347,0.1450300318637519,0.17177526523320916,0.7530608382547763,0.49800747658939204,0.20364976010966412,0.19052289204489029,0.08106182663115553,0.03504622661793162,0.0508953295181835,0.18647301612023987,0.0,0.008725260693764633,0.27145349759424736,0.19850202803830774,0.28722466960352416,0.33237248287846266,0.7147213963119752,0.2967402962918516,0.7311647629591427
74,0.1337481698389458,0.7105608380492755,0.14326501478535741,0.0,0.307966203983102,0.47479324798912426,0.2059874987509853,0.1799882360630024,0.5586424096549247,0.4783721762303677,0.15115946995659127,0.020893335981726092,0.08136871294073804,0.007579015265534293,0.05385822410928558,0.22794174908496226,0.0,0.0,0.3095754243113203,0.2894047364507576,0.12422907488986783,0.3736277215578044,0.41827637823254177,0.8139403690451199,0.38656840464894326
75,0.075402635431918,0.644665319710564,0.048944631385744876,0.01278104300774326,0.3090383045191523,0.09870284354820437,0.2661566986044343,0.2248654772019258,0.5624372182403152,0.3384883964813147,0.2822424034726982,0.1138270930579005,0.06732866427733752,0.6013222962803698,0.16445449510799337,0.12008410559925241,0.0,0.0,0.021783958124041665,0.35521146806996495,0.3022026431718061,0.30902586118777475,0.057574186533723135,0.06853964622358048,0.048143191506340416
76,0.18601756954612003,0.7437846913012808,0.005914142959110838,0.05924060080231365,0.16376868188434096,0.998640534723009,0.5279002120549344,0.05884147005642333,0.42671215260759643,0.23696840339037414,0.17974640164496228,0.6174644949846063,0.027214239524764625,0.09933347667168349,0.03513937603839764,0.2553150066194222,0.40061633281972264,0.09831879123217707,0.10992439063078306,0.25601789652058193,0.2546255506607929,0.37395481958499444,0.03079481745995636,0.02728428099406175,0.03150153454774698
77,0.005270863836017569,0.4150284552456279,0.02946874681350056,0.0,0.5827647413823707,0.19281749178656393,0.05906451577089185,0.12110319586955101,0.45339227741894794,0.2787188629662073,0.12605665981265707,0.13083474029198533,0.14988108155503674,0.050580520318211135,0.03378253645929481,0.23958414453702984,0.0,0.0,0.21424417067625445,0.5849207134354747,0.1277533039647577,0.3926607380149239,0.3003456986639224,0.22063623588887765,0.3309515590887858
78,0.1734260614934114,0.7816526704521877,0.20934026715611298,0.0,0.2211722105861053,0.3650730712586383,0.03293512895382531,0.100647016534867,0.5562354722401502,0.777275363034064,0.40287297235549463,0.05173055914192075,0.008653097907692982,0.016985594495807353,0.20682111870038766,0.1666536874075228,0.0,0.0,0.16977740178713055,0.21808352773354367,0.27841409691629954,0.441214351425943,0.12481788691046906,0.08979592058182279,0.12586066831314677
79,0.126207906295754,0.2611371245998231,0.04190884062404405,0.0,0.5853881926940963,0.07627166647785204,0.04700736085976617,0.12308563710432868,0.20244478844670044,0.3175082970402082,0.22044208361891707,0.053840997119872884,0.43920363002663326,0.022092023220812725,0.18097655528890533,0.17673857176232383,0.0,0.0,0.06947602178395812,0.7384038014149997,0.3621145374449339,0.1781866503117653,0.018223083935880343,0.017893171564852026,0.017421863619571265
80,0.024743777452415808,0.6544323473742334,0.04823085551136943,0.0,0.2683765841882921,0.10283788376571881,0.8904364334802544,0.18604448510990568,0.32184538338727914,0.020825879362886004,0.04249485949280329,0.5118556956996723,0.001112462872236653,0.010911631907116748,0.23307181096547908,0.020792773148508685,0.0,0.0,0.16808544387458363,0.3452292433231108,0.0,0.24736788306245533,,,
81,0.021010248901903363,0.1796079783210288,0.0,0.0,0.571511235755618,0.38079188852384727,0.16050671137213973,0.12258458052850577,0.19804339281121558,0.004342837402687129,0.08741718071738633,0.22801420200615755,0.34391543090125926,0.0,0.217288166882038,0.005645977727591308,0.0,0.0,0.030349495056310478,0.820029550959449,0.0,0.9151998364509866,,,
82,0.7583455344070278,0.6662549194220216,0.18395023962475782,1.0,0.23672476836238415,0.46083040670669534,0.4601481053835307,0.09040803433326798,0.5050492306049856,0.08510480796515857,0.28110006854009595,0.36155526864634024,0.019202314799592276,0.03321866265319286,0.020527967509691714,0.0827817148197181,0.0,0.13151734411576932,0.1989108020937979,0.333625864429389,0.0,0.8516610446693245,0.01498052857975613,0.01532031239095526,0.015139066848612668
83,0.0,0.6160409066099795,0.02549199551340879,0.0,0.3453299726649863,0.749688455874023,0.08621531902610162,0.18680696250789708,0.5431865716185198,0.394013793443796,0.15878455563171123,0.057863243619028705,0.10073543112046382,0.21807138249838742,0.07461694664943695,0.23631337123277005,0.0,0.0,0.21715222333844447,0.38391036421717084,0.04405286343612334,0.5195952161913524,0.3482374844455935,0.11082480669959496,0.37988223541612826
84,0.034333821376281104,0.5035030434185872,0.10156011012542061,0.0,0.4701267350633676,0.1986518636003172,0.007466332115775331,0.03818922510511295,0.27756938142678983,0.681603395309242,0.3262794151245145,0.0038856887476412757,0.10916384440864102,0.03149860245108579,0.20996861731585748,0.13133712327700334,0.0,0.0,0.17035901231956854,0.4961593326461513,0.05198237885462555,0.612266176019626,0.12381165364272026,0.11638080015973297,0.13679498149664915
85,0.03960468521229868,0.24329793583765028,0.11032935658203324,0.0,0.6286059143029572,0.08321060382916054,0.24793218683038928,0.41650872491993984,0.2413391500987524,0.0,0.2419750970984693,0.2300625682788758,0.05236247657251832,0.21963018705654697,0.03762230016614362,0.750253095553306,0.41679506933744226,0.0,0.0063448421720509705,0.7564088244398562,0.05286343612334801,0.8745170193192273,2.9770577468261968e-05,0.0,6.262721290758823e-05
86,0.4437774524158125,0.7699322372557843,0.7490567961660038,0.0,0.22797401398700706,0.5204203013481364,0.2162793796005373,0.0878373962486112,0.4716238577965848,0.6282679234574907,0.23326479323737717,0.0421591021948555,0.001123423097578886,0.019350677273704577,0.2432804135130146,0.25251148664434236,0.0,0.010853373058097469,0.16570612806006452,0.22980179156680725,0.226431718061674,0.33527547786977413,0.36024846284170514,0.3762580425487319,0.3454668415891523
87,0.037847730600292825,0.3365570908301654,0.04517181604976037,0.0,0.5488622244311121,0.11765039084626715,0.09034539418902864,0.25434067490142254,0.2883908944004736,0.320549516982715,0.10763650902444596,0.15566342238553982,0.15712031039358168,0.05165555794452806,0.07773675466125161,0.2821820730472705,0.0,0.0,0.6563739226986729,0.6636168970216082,0.1303964757709251,0.5739343759582951,0.4474131810723069,0.2814599725240416,0.32600710190665344
88,0.194216691068814,0.1621326592169142,0.007953502600183541,0.0,0.8763214881607442,0.047581284694686754,0.02023403759256586,0.026229222490904737,0.23801505306423515,0.09440736308341455,0.3342757596527302,0.036572648723805744,0.22921119258211944,0.11325521393248762,0.16848809304042828,0.018768008722062142,0.0,0.0,0.004124147411833131,0.8377792741186573,0.0,0.11182663804558929,0.04204474311999297,0.04607411529617426,0.013974815223094267
89,0.05505124450951683,0.24894749105487088,0.025593963495462425,0.0,0.7402108701054351,0.11212756315849098,0.11119006117396274,0.2573905844933882,0.35438756545074274,0.003787645121093603,0.31134338588074023,0.20258963154235776,0.03090235535242604,0.0,0.34511722355547353,0.013978662097967448,0.48305084745762716,0.0,0.0795220218897055,0.7504539550736063,0.11013215859030837,0.22028007768578145,0.0036856551271844417,0.008956242469333728,0.0038710803860675376
90,0.38601756954612,0.8397345666599637,0.2117874987254002,0.0,0.17927153963576986,0.4879347456667044,0.2148194202351478,0.07241356774067055,0.4964502525828477,0.7891934906789384,0.15741375371258853,0.04143907041414242,0.12499040980282554,0.09449580735325737,0.06697434004061288,0.15777587415310335,0.0,0.008512449457331348,0.12250832760535083,0.16024215192256763,0.17621145374449337,0.18714095880609222,0.6405488683118873,0.5649652060442116,0.5464259840126321
91,0.4348462664714494,0.8718572354204769,0.2500254919955134,0.004384737382218491,0.09486669743334869,0.6435085533023678,0.21624607254277178,0.15556717425876304,0.637634601666416,0.6383477477699775,0.13599497372629654,0.03917966034362896,0.012916625565821632,0.08869060417114599,0.06603285951633746,0.9820886223814347,0.0,0.010002128112364334,0.02490350552530006,0.12798820514620712,0.16651982378854624,0.34929980578554637,0.7830908170513228,0.5034546018278311,0.8475287212191226
92,0.06815519765739385,0.19965911158350327,0.03558682573671867,0.0,0.8292697646348823,0.05055511498810468,0.09529149226721141,0.17990109578894625,0.21219385551581738,0.1266146842189678,0.27930089102124744,0.020471248386135666,0.11740045375332915,0.06885615996559878,0.3079564334502492,0.14406977649715755,0.35901386748844377,0.0,0.024639137101464603,0.7999502165261988,0.0,0.11423898599611573,0.006585155333817455,0.005472591880969841,0.007276596353922936
93,0.11303074670571009,0.1266681349126553,0.09748139084327521,0.0,0.5741027370513685,0.05452022204599524,0.11148982469385262,0.29941398165697225,0.19104580460132672,1.2337606257632056e-05,0.22883824537354353,0.4049061475816864,0.36539199245936493,0.02370457966028811,0.42196787889976,0.02597149754692002,0.0,0.0,0.019457515994289642,0.8729946993365397,0.0,0.2086272104671369,0.013468114108878954,0.023595863192367283,0.006562088838435078
94,0.0603221083455344,0.7314131229272994,0.06464770062200469,0.011848120160462728,0.31234335617167813,1.0,0.582723629137014,0.07546347733263621,0.5018852725516934,0.07788730830444274,0.07779300891021247,0.07667097030489622,0.05763982507480354,0.5006450225757901,0.02220786413143807,0.06849155050229734,0.0,0.0,0.0770369587056522,0.2683776012662874,0.055506607929515416,0.329346826126955,0.06993909356276704,0.014098860246163424,0.06309391534855698
95,0.026866764275256222,0.8165905413039938,0.06240440501682471,0.0,0.20041890020945013,0.5857029568369775,1.0,0.12574341546304163,0.19019658273119458,0.2822227431433753,0.0017420607722184146,0.04588340450888868,0.017097951533883535,0.3551924317351107,0.027238323795458742,0.19694727824935754,0.18875192604006163,0.012981485422430307,0.5563897848041031,0.18341699722680527,0.053744493392070485,0.3268731472963304,0.2957787009301305,0.0538296896869583,0.29763399268123664
96,0.17672035139092238,0.29365877324855805,0.018048332823493423,0.0,0.7045440022720011,0.021269967146255807,0.06996147483651785,0.0858985251508616,0.2226611216522461,0.3338864693472172,0.25899588759424264,0.1493941801569173,0.19686208748451864,0.07278004730165555,0.05673804688942219,0.042636866287672305,0.0,0.012555862949563738,0.19304182308465076,0.7062455920882572,0.0,0.3278339977512011,0.0038415844430354966,0.009001100445682468,0.003306996166594682
97,0.18879941434846265,0.7762680378807464,0.07015397165290098,0.0,0.2104050552025276,0.44312903591254105,0.19775510430660254,0.11445874997276867,0.6294286920527391,0.5510221706784448,0.08099154672149875,0.07082381567186415,0.05652188208989577,0.04160395613846484,0.05236293151190696,0.2354178023518418,0.0,0.0,0.1954211388991699,0.22370331602613003,0.18942731277533037,0.6106511295103751,0.34188581018049174,0.2882432074521004,0.3368643865684241
98,0.0,0.4463531642296974,0.01916998062608341,0.0,0.6224857112428557,0.1156395151240512,0.08715901899612527,0.03762281332374791,0.30167757714574106,0.4755715396098848,0.3219956591272561,0.03922931770781607,0.21007463913458058,0.0067189851644807565,0.009673250876869113,0.22618954910053735,0.0,0.0,0.0,0.5533847975312504,0.055506607929515416,0.13697229888582235,0.03466666426161091,0.049290288336415015,0.03802747033774163
99,0.16947291361639824,0.5552523308405068,0.051799734883246656,0.005224367944770967,0.4510525755262878,0.27897360371587177,0.2252278757868792,0.06585626211794436,0.46190390690587224,0.33863027895327746,0.09835503769705277,0.09623597179461715,0.1791613235568123,0.197269404429155,0.028355178142883512,0.14177244762868937,0.0,0.0,0.05371966372336488,0.44478980842936344,0.14889867841409687,0.23908821424920784,0.004405743237480484,0.004263191644069821,0.004722163095988913
100,0.20380673499267932,0.606005764461425,0.010910574079738961,0.01502005784121653,0.4105790052895027,0.797552962501416,0.12567863130197288,0.18421453935472626,0.4901660107438699,0.3347315953758651,0.40512908384738405,0.08452924818750622,0.17044794440973704,0.1899053966888841,0.015866715894406497,0.02573787088233004,0.0,0.09108320919344542,0.0764024744884471,0.3938638677291397,0.1885462555066079,0.22164980067463974,0.14478323525085235,0.6996318429388092,0.1282988381721422
101,0.17327964860907757,0.9452184654275945,0.11134903640256959,0.0,0.18751464375732185,0.20791322079981872,0.0021372028732888496,0.005642332745136485,0.9118362117910818,0.5864187630315966,0.9999999999999999,0.010092859271029896,0.00797904404914565,0.0032788647602666095,0.061648513937603844,0.15041663421851884,0.0,0.0,0.012848305398403216,0.054713952456782566,0.16035242290748897,0.14283961974854342,0.005753222364979714,0.0003209126706188025,0.004769113096025895
102,0.11625183016105416,0.8249116658527476,0.08993576017130621,0.0,0.20981575490787752,0.4290529058570296,0.08850795483562966,0.18610984031544778,0.5105376302342397,0.9058949082698974,0.144905186200594,0.03878240143013209,0.0679479170091737,0.028434745216082562,0.03453941295920251,0.3140331749863718,0.0,0.009363694403064483,0.139956643578491,0.17492827669399436,0.15506607929515417,0.2426862925482981,0.9999999999999999,0.7248385355739787,1.0
103,0.01493411420204978,0.3043514342529021,0.026001835423676962,0.0,0.7844474422237213,0.2680695593066727,0.1767105949750752,0.17151384441104067,0.26954787427634164,0.14001949341788703,0.17911811743203107,0.008925911212632835,0.08522671226120407,0.16990969683938936,0.07995200295366438,0.13145393660929836,0.0,0.0,0.2561201290117909,0.695462364012931,0.044933920704845816,0.25644485331697847,0.1269037461793257,0.12571820371252243,0.13966737431227197
104,0.11434846266471449,0.13790660040408684,0.0,0.0,0.6090134545067274,0.14274385408406023,0.1768771302639029,0.11260701914907523,0.09747125990556652,0.08004638939952868,0.11431916838016906,0.0763606117787268,0.41944782384725826,0.005267684368952912,0.5211740815949787,0.10470368351374507,0.0,0.0,0.12388304340929521,0.8617200190198403,0.0,0.14228764182766024,0.01356925941817099,0.0078040646243236825,0.009508880636606128
105,0.011786237188872619,0.6215308698719114,0.09289283165086162,0.0,0.29083389541694765,0.22912654355953324,0.483785014044476,0.0746574297976167,0.4491849896394932,0.18262124782549685,0.19888051176604982,0.20096335286522996,0.2518714584771862,0.23322941302945602,0.013420712571534061,0.11545051008488437,0.0,0.5586294956373697,0.13028075926611327,0.3785107720587063,0.0,0.33899621792906065,,,
106,0.28257686676427524,0.44228037753072935,0.04925053533190578,0.007463382778244239,0.41574070787035405,0.07901891922510479,0.14954313819098264,0.08173757706467988,0.41698249632408246,0.2689598164164188,0.2687342928946767,0.0577018571854206,0.2265368975986146,0.18587400559019565,0.4568580395052612,0.09154271474184254,0.0,0.0,0.02125522127637075,0.5575589503346025,0.21233480176211453,0.12284575283655322,0.1317231362352686,0.07873985778972312,0.1452265789056909
107,0.029795021961932646,0.13187402449417326,0.027633323136535125,0.0,0.7187972593986298,0.09932593180015861,0.02803899146229085,0.1201228677864192,0.1030130391952288,0.21593278472110838,0.19759538496687226,0.019006356142615952,0.2791733798046887,0.6089013115459041,0.2143621930958095,0.03410949303013784,0.6271186440677966,0.014471164077463291,0.08248294823666262,0.8676908446276933,0.05991189427312774,0.679443933353777,0.0870329606788587,0.03658697049452952,0.0987653111757292
108,0.27986822840409953,0.9017328494505247,0.05842765371673294,0.004478029666946543,0.10979090489545246,0.5847966466523168,0.17759878318215627,0.19014007799054528,0.597628972538591,0.83449718085697,0.0422949508795979,0.021936140629655383,0.025926413047052246,0.08734680713824984,0.13988369946464835,0.1265867144303403,0.0,0.010214939348797617,0.3133294559297838,0.09811492961701829,0.37885462555066074,0.29980578554635595,0.5587089581637716,0.44669959771917417,0.008414216384763173
109,0.23879941434846264,0.7891151902814881,0.19098603038645864,0.016885903535777593,0.20749760374880188,0.4669763226464257,0.21405335790654037,0.1305797006731586,0.6967016222564069,0.43313017408362425,0.20013708019191226,0.14954315224947862,0.03145036661953769,0.05197806923242313,0.05629499723093963,0.17323417179347406,0.0,0.0,0.057473695341828376,0.21088407152225752,0.31894273127753303,0.32728201983031796,,,
110,0.221303074670571,0.7686682689698976,0.1569287243805445,0.015393226980128743,0.22351521175760586,0.46272799365582873,0.1990152213253988,0.13201751519508528,0.8286949643569449,0.25698616954338516,0.1491318254512223,0.15915185221968423,0.06566819013798922,0.06202967103848634,0.0962802289089902,0.1293123588505568,0.0423728813559322,0.011704618003830602,0.2906466451647015,0.23096659720382828,0.09691629955947136,0.31276704487376067,0.004439846850268865,0.0027034978091783042,0.004944341379926144
111,0.066398243045388,0.38978100791895276,0.03079433058019782,0.0,0.5707976853988428,0.30477512178543104,0.06396620443872056,0.07770733938958238,0.31889494397562007,0.3492776331536155,0.2223554946310258,0.12172261396365082,0.3376133013294753,0.0040851429800043,0.03026582979508953,0.0268670664278483,0.0,0.0,0.004018400042298948,0.6101698701481061,0.06696035242290749,0.1412859041193908,0.009145539051189311,0.01389932327254854,0.007085717195859371
112,0.004465592972181551,0.10097063827206598,0.02488018762108698,0.0,0.5143491071745536,0.0,0.016403725949528707,0.0456397185369148,0.10259570730476389,0.1979939052225087,0.16912268677176145,0.5081313933856392,0.7226953386161619,0.08530423564824768,0.011934650175373825,0.01584767541468733,0.0,0.0,0.0,0.8987065870556589,0.0,0.3798016968210161,0.0017964369059223458,0.0036786749179731587,0.001806412499244575
113,0.3338213762811127,0.06127054347444455,0.009075150402773529,0.0,0.5900741950370976,0.1677240285487708,0.128448668272807,0.14297540465764766,0.06863653789227986,0.020646984072150314,0.09192940370116519,0.3729019763630947,0.3136268481679983,0.2739733390668673,0.5390622115562118,0.0014406977649715743,0.0,0.0,0.11822555913921641,0.9386386772913963,0.0,0.48400286210773796,0.006460078410577642,0.004308803699813608,0.006040153645742001
114,0.1905563689604685,0.5091909007050771,0.05689813398592842,0.0,0.34062622031311013,0.2775291718590687,0.05110968014122192,0.18695945798749536,0.3542177210767163,0.5437923334114714,0.27079049577336073,0.14267802165061083,0.10359056982211554,0.24983874435605244,0.13872992431235004,0.34681878358383306,0.0,0.0,0.20974990747105168,0.49075974048768667,0.21850220264317177,0.8599202698558726,0.43694910953750205,0.7560483435167324,0.44532947245007903
115,0.23594436310395311,0.7923868253649069,0.3193637197919853,0.0,0.14821257410628708,0.45326838110343265,0.3685703500571771,0.13445744286865782,0.45986092172115445,0.5862645429533762,0.10241032670779071,0.13628463601152052,0.09153980205833032,0.029294775317136097,0.08406867269706479,0.4186589829452535,0.0,0.0,0.19441653888859517,0.20759070325539253,0.9999999999999999,0.21163242359194523,0.11528328916855554,0.058264146725707955,0.03695855819669946
116,0.02152269399707174,0.6488849310083976,0.029978586723768734,0.0,0.3066243033121517,0.3888070692194403,0.2500693897036782,0.5155654314532818,0.4097665367761597,0.5155700590971338,0.19625314142106465,0.03379183632932764,0.07885882133736669,0.3062244678563749,0.04679712017721986,0.14083794097032942,0.0,0.0,0.09316343255961508,0.3511809214410402,0.05198237885462555,0.5129919247674539,0.27526968226877735,0.1753019338505287,0.2987120230278219
117,0.0,0.528897315344128,0.06158866116039564,0.0,0.46362313181156584,0.19952985159170725,0.01945132173507566,0.04960460100647016,0.16815078298256425,0.8896894624504952,0.18106008681745486,0.2911162975469262,0.1617126448119773,0.21903891636207265,0.03994831087317703,0.11202398567089793,0.29044684129429893,0.048095339433922114,0.05588748479881563,0.47095804465832913,0.9973568281938324,0.157967903506082,0.02408267888508169,0.029210320549382277,0.02554698206288476
118,0.3131771595900439,0.7050708747873435,0.10257978994595696,0.005877413937867338,0.31079555539777765,0.280078169253427,0.16891119228164445,0.18445417510838072,0.6175929655312975,0.43848469519943734,0.3395305003427005,0.16981577117886584,0.11376165893970777,0.016931842614491505,0.02892745061842348,0.11938322560548245,0.0,0.026814215790593746,0.066515095437001,0.2945171162603677,0.2775330396475771,0.10168659920269857,0.7323300751193984,0.6868660676927562,0.7493303630489055
119,0.30490483162518295,0.6031586439790743,0.14866931783420007,0.0,0.26966878483439244,0.6347569955817379,0.044581496819175975,0.12171317778794413,0.5916795667512653,0.2714643504867185,0.6225154215215901,0.14789204489025726,0.19287804557261695,0.018651902816598582,0.16135314749861546,1.0,0.0,0.0,0.003648284248929308,0.39659876753989864,0.060792951541850215,0.13979351937033632,0.18220342818987542,0.20865575968718617,0.17285548103426657
120,0.17737920937042456,0.45848853650985155,0.00652595085143265,0.0,0.3904895452447727,0.4267021638155658,0.2547656848486194,0.13990370999716795,0.32062735659068964,0.19449619384846947,0.4479095270733379,0.2156619326646142,0.20194215193064366,0.023973339066867338,0.32313088425327674,0.2203878202632194,0.0,0.0,0.023581663406122774,0.541251671416308,0.11277533039647576,0.2951037514054994,0.3433386587221617,0.6889533428030191,0.36621247232659876
121,0.14011713030746703,0.5123795479717458,0.32537983073314974,0.0,0.5491462245731125,0.277104338960009,0.3648344084111423,0.26516785395290066,0.4197727967545167,0.08407461784264614,0.3553803975325565,0.08495133578309663,0.03322592312497944,0.04289400129004515,0.044397267860439356,0.15286971419671366,0.0,0.0678867844222175,0.1391635383069846,0.4874727547174629,0.0,0.3727282019830318,0.04692472211935963,0.0546769374659027,0.04931010642225786
122,0.5362371888726207,0.7158401399302262,0.5144284694605893,0.0,0.30951400475700247,0.2777840715985046,0.14505223656892896,0.08857808857808858,0.7139966322286979,0.4080108077430816,0.02079049577336075,0.0313089681199722,0.03243130678766755,0.02870350462266179,0.18740077533690236,0.11346468343586949,0.0,0.0,0.08465076931211336,0.28397004056076625,0.5559471365638766,0.33259736277215585,0.3870009995857348,0.5480926869673457,0.3752636087995245
123,0.21420204978038065,0.8713944187501396,0.36514734373406743,0.0,0.1430934715467358,0.31814319700917637,0.3704633011735186,0.16979282399843149,0.663708139427673,0.46859462327119283,0.2681345670550605,0.017764922037938228,0.04642751454969913,0.023489572135024724,0.10217832748753922,0.2359239934584534,0.0,0.009363694403064483,0.17316131761222442,0.12845412740101547,0.3462555066079295,0.36661555759991826,0.7138137598383464,0.7338181267159134,0.646783061663651
124,0.23689604685212295,0.6338769035330466,0.20923829917405934,0.0,0.44956512478256244,0.5086949133340887,0.13835196678176104,0.09888242598522973,0.4343017697783773,0.5406400750126459,0.205106237148732,0.011532922832456055,0.019892808996152957,0.008492797247903677,0.13339486800812256,0.0927887236196558,0.0,0.0,0.016708084386400892,0.36612553732643616,0.13920704845814977,0.3361341101911479,0.44638102755902165,0.5385309512592322,0.4793974904558611
125,0.42869692532942894,0.6392774953000169,0.06689099622718467,0.0,0.3431964215982108,0.5810581171405914,0.040101697549710776,0.13001328889179356,0.42691596585642816,0.6588343429607786,0.22209846927119029,0.030204091766809025,0.03260667039314328,0.22414534508707804,0.17495846409451726,0.1568413674947434,0.0,0.030006384337093,0.10157034843758261,0.3607482839062157,0.1647577092511013,0.5250536645200858,0.3711624150640755,0.5271854899233323,0.39639484917734324
126,0.2515373352855051,0.7320291478747138,0.08504129703273172,0.0,0.29821434910717465,0.641327744420528,0.17679941379578332,0.07694486199159097,0.5620732660102586,0.4872614215389929,0.2803575508339045,0.0445054126526964,0.041424171680969755,0.01849064717265104,0.210171681742662,0.13207694104820497,0.0,0.010427750585230901,0.020779358113466928,0.26786381028666995,0.2158590308370044,0.296821016048247,0.25584373419878836,0.27568729365955197,0.25621407061235546
127,0.40161054172767197,0.09349215924723667,0.008565310492505352,0.0,0.05090702545351278,0.014189418828594083,0.11401005873144518,0.8292486329869507,0.09641337209020193,0.0873009018790174,0.13979323737719898,0.2544567484357931,1.0,0.036282519888196085,0.6927450618423481,0.014173350985125769,0.0,0.0,0.0,0.9062826105687766,0.0,0.14437289175099663,0.012089238030034498,0.009035418640020635,0.010289157688214
128,0.23301610541727671,0.8796963922642586,0.11257265218721321,0.0,0.1115943057971529,0.20867792001812618,0.28379278569128796,0.17107814304075986,0.9047512750459793,0.30144473369276886,0.3264793237377199,0.10604330122157117,0.12494656890145658,0.10126854439905397,0.05305519660328595,0.04252005295537731,0.0,0.0,0.10992439063078306,0.1201217780359144,0.5154185022026432,0.14194010017377084,0.007087177417365717,0.0,0.007374736193118494
129,0.24560761346998533,0.821467671457617,0.05893749362700112,0.0,0.175980687990344,0.15172198935085532,0.29822584405635555,0.15219048863908677,0.8249244192535582,0.27948379455418054,0.37331505597441167,0.10506256827887576,0.12805379278597967,0.17721995269834442,0.04963079195126454,0.07553928821742856,0.0,0.0,0.0795220218897055,0.1787194796988738,0.4079295154185022,0.1570274966779107,0.09568150002176017,0.05333674381070362,0.053183193700373756
130,0.1227672035139092,0.7229164472277281,0.028551034975017844,0.0,0.22198871099435546,0.19692420981080772,0.15965738139911845,0.2745790035509661,0.8220613283771129,0.28202534144325314,0.17403472698195113,0.06820438971099416,0.15718059163296394,0.1652870350462266,0.0960771644821857,0.131609687719025,0.0,0.0,0.059112779569608205,0.2767961143360449,0.24669603524229072,0.26270060308698767,0.10401451034451094,0.014575506566889097,0.039963097478925846
131,0.13660322108345532,0.8443531578460192,0.13673906393392474,0.12510495382031905,0.023373211686605833,0.10184660700124618,0.40586870357828825,0.35677406705444087,0.8914354761223073,0.1559843559152653,0.19482522275531186,0.44469411063660746,0.0,0.08460546119114169,0.31870038766845116,0.19881629156607744,0.0,0.012343051713130453,0.015439115951990696,0.15556059063623917,0.051101321585903074,0.07631605846877236,6.614920639672457e-05,0.0,0.00011062104289677737
132,0.049194729136163975,0.34313547122716637,0.05873355766289385,0.0,0.5095424047712025,0.04231335674634643,0.45873810660478953,0.9999999999999999,0.19300629394723176,0.0773197784165916,0.03292780443225954,0.3887550898798292,0.12107760935564833,0.030961083637927326,0.14021598670851027,0.0056849155050229735,0.0,0.0,0.005075873737640776,0.6566855056692528,0.16916299559471362,0.0864560973116631,0.06178216150382963,0.04622517796927652,0.05583728831932574
133,0.0,0.5324498322688549,0.1397981033955338,0.0,0.524498562249281,0.3049450549450549,0.09278791175850161,0.2546238807921051,0.49992478320578837,0.3782895142684416,0.12234407128169979,0.03282351772767902,0.10015453917732546,0.22102773597075898,0.016697434004061287,0.17015808737637256,0.0,0.0,0.1479934436630889,0.4673136390761976,0.050220264317180616,0.19084125523867937,0.10141184563863642,0.0984521581521767,0.11403902192546769
134,0.01808199121522694,0.2002783283700235,0.0168247170388498,0.0,0.8536369768184884,0.09771156678373173,0.22900267566697383,0.03742674770712154,0.16233725269445967,0.05034360233427509,0.2002227553118574,0.2855050153937829,0.11480836045989105,0.08422919802193077,0.04480339671404837,0.07476053266879527,0.0,0.0,0.07851742187913076,0.7995162067545963,0.14537444933920704,0.2853521414698968,0.01631772033584997,0.02174052057501495,0.015388111151169033
135,0.31054172767203514,0.6318883877701492,0.05557255021923116,0.0,0.4060918030459015,0.46505041350402176,0.058981248126477995,0.17591442825087686,0.4796647757326359,0.5680110544952068,0.28729723554946307,0.06575876452477902,0.05413255296528896,0.035852504837669316,0.07999815395975632,0.21629935363289465,0.0,0.012981485422430307,0.11854280124781898,0.3680849637952879,0.32070484581497793,0.32595318409485846,0.561170239939253,0.3187546170925366,0.0
136,0.026281112737920935,0.23840484648849816,0.0,0.0,0.6013880506940255,0.08963974170159737,0.361303860287995,0.08493998213624382,0.08133604437305589,0.1011251896906962,0.11283413296778616,0.29086801072599067,0.2790254167625686,0.1062137174801118,0.26288536090086767,0.05042442177400514,0.0,0.0,0.12346005393115848,0.7613967455649627,0.07929515418502202,0.31912501277726674,0.004513348085939114,0.005340880744015754,0.0034003108585044313
137,0.5836749633967788,0.7970979798850297,1.0,0.0,0.17965493982746994,0.8618160190325139,0.11325509875542628,0.11914253970328736,0.6230619543749485,0.4947256733248615,0.3187685629426548,0.11955010428046481,0.03670031455846731,0.08143410019350676,0.1503507476462987,0.2521610466474574,0.0,0.03383698659289211,0.16861418072225456,0.2030623218884532,0.49162995594713654,0.28287846263927224,0.46045159307863787,0.5070072080146643,0.4824653141690445
138,0.4017569546120058,0.7352433298542286,0.6736004894463138,0.0,0.2733785366892684,0.4153449643140365,0.08808606543726615,0.16092630111321699,0.5715263185989296,0.5996631833491666,0.25251313685172494,0.056199721918760555,0.034530189940705176,0.09562459686089013,0.09088979139745246,0.332801183708434,0.0,0.010853373058097469,0.2633109501401153,0.26456725077148435,0.3136563876651982,0.309475620975161,0.7912834670560596,0.9262620064789987,0.8089643750897899
139,0.10234260614934114,0.32946482433713475,0.0855511369429999,0.017352364959417853,0.256040328020164,0.0776311317548431,0.5022815334569394,0.1068993311983966,0.1418734319724755,0.0492147113617016,0.06919693854238063,0.24518323567385047,0.2992305921809752,0.07514513007955279,0.9999999999999999,0.059769488357604546,0.0,0.0,0.044361021519589705,0.6703536222264065,0.0,0.06380455892875397,0.00019851250623879516,0.0,0.00015471474531017826
140,0.34231332357247435,0.5190600672201314,0.0061180789232181095,0.0,0.6066420533210266,0.33935651976889086,0.05032141310743746,0.03675141058318629,0.6258085805377759,0.16637878918732185,0.46395933287639934,0.14242973482967528,0.03416850250441149,0.07089873145560094,0.059636330071995564,0.05984736391246787,0.0,0.0,0.015862105430127425,0.4808892094320537,0.0,0.12965348052744557,0.23743322543948323,0.41766594637721766,0.24868715392097945
141,0.35541727672035134,0.8490994225963056,0.06189456510655653,0.0,0.12220881110440557,0.557748952078849,0.3161950017208646,0.1417118706838333,0.6918392204628502,0.43235907369252213,0.19331162896961387,0.07355497070215514,0.07469941581998925,0.010051601806063213,0.09068672697064795,0.2435168600576279,0.0,0.010002128112364334,0.33320996140221015,0.1507418056721248,0.12334801762114536,0.3980374118368599,0.5933767328478203,0.6949739835469082,0.03492127626040897
142,0.05117130307467057,0.3221746638195462,0.0,0.0,0.5655685327842663,0.27611306219553644,0.4125412174839848,0.10559222708755418,0.06859286362467304,0.18160339530924205,0.11092072195567741,0.3054672757970007,0.24435274389241438,0.714039991399699,0.03215802104485877,0.24554162448407446,0.0,0.0,0.0862369798551261,0.677766892075173,0.0,0.2763365020954717,0.03000539153467947,0.008628896557605105,0.03156408606044982
143,0.0,0.3544792674090884,0.014989293361884367,0.0,0.5688735844367923,0.06092103772516143,0.009081724417404046,0.19730736553166459,0.23901956121919143,0.49071595129113044,0.25871030386109206,0.22005660939517335,0.27566062758250304,0.04751666308320791,0.0346132545689496,0.09197103029359087,0.22727272727272727,0.0,0.0,0.6451076567620958,0.0,0.3611366656444854,0.006463405784974034,0.022519255704509293,0.0054981299662303935
144,0.2186676427525622,0.5118114006109179,0.016926685020903436,0.0,0.4584933792466897,0.3896850572108304,0.21423654672425083,0.27630002396357534,0.49892027505083203,0.2032373878820031,0.0805631711217729,0.20992650710100313,0.055919069696072944,0.040152655342937,0.0688757614916005,0.13013005217662177,0.12788906009244994,0.0,0.030719610849680116,0.4877759233079204,0.21938325991189425,0.46188285801901263,0.13734203931907848,0.14262313863798912,0.14580036298494262
145,0.2628843338213762,0.8646053769721574,0.5373712654226572,0.0,0.15822357911178958,0.5505834371813754,0.21775044131851537,0.114110188876544,0.5960324354227426,0.7060626997150012,0.007996344528215673,0.06537391995232894,0.02734576222887142,0.06520103203612126,0.08499169281890345,0.41028736079744577,0.0,0.010002128112364334,0.1898694019986253,0.1353855187533708,0.8220264317180616,0.24123479505264234,0.544458549784372,0.6296177793332237,0.0
146,0.29868228404099556,0.8345542117912919,0.07464056286326093,0.004851198805858755,0.1946962973481487,0.4620199388240625,0.12214808317882558,0.16033810426333792,0.5189861746679543,0.8546691670882014,0.21661526159469954,0.054002383553480984,0.03268339197053891,0.0618684153945388,0.07268783459479417,0.09021883030916597,0.0,0.02234517982549479,0.4591550785174219,0.16535772298049833,0.18414096916299558,0.3088827558008791,0.5918495665266834,0.6000064506621313,0.4069173410240498
147,0.17503660322108344,0.6480039834152038,0.03568879371877231,0.016326149827409275,0.18338244169122087,0.6699614818171519,0.24661655804865049,0.15733176480840033,0.668463781900413,0.1343997137675348,0.15986977381768333,0.74437630350581,0.051123971108845985,0.1097075897656418,0.009774783090271369,0.13297250992913326,0.0901386748844376,0.0,0.2836144450906784,0.35168832992401644,0.051101321585903074,0.5507513032812021,0.00034609034156218296,0.00020557575971088846,0.000394974752909713
148,0.00658857979502196,0.2452609168877015,0.0,0.0,0.7247861123930563,0.17197235753936785,0.0014211011313297293,0.11297736531381392,0.22041917591509724,0.28547370239226183,0.27324651587845555,0.0817111927698878,0.08112210787053781,0.048537948828208985,0.10350747646298689,0.08936219920566936,0.0,0.0,0.07159096917464178,0.7543983379978748,0.07929515418502202,1.0,0.013530844581457157,0.005147569929763498,0.01550735968829784
149,0.2459736456808199,0.5425934969470059,0.025084123585194247,0.030599869390801383,0.4277503638751819,0.8908179449416563,0.4563511007982592,0.20314576389342745,0.30694275274056027,0.10957028117404657,0.15681402787297236,0.23991955507001692,0.0678163943050669,1.0,0.02930588886837733,0.13168756327388834,0.0,0.0,0.060646116427853856,0.457002715752321,0.1444933920704846,0.24309516508228562,0.003345047105284002,0.0006403373567648758,0.002816818031017529
150,0.03169838945827232,0.2907573915014091,0.10604670133578055,0.0,0.6767368383684191,0.04925229409765492,0.10460636608897424,0.04561793346840076,0.4663926510765707,0.0007896068004885695,0.10886451907699336,0.26657314529744763,0.19748134021635483,0.04654912921952268,0.0812534613254569,0.480180671287283,0.0,0.0,0.0,0.7093315292142829,0.07665198237885461,0.15792701625268324,0.0005532607908035736,0.0,0.0005119790300988868
151,0.07027818448023425,0.11391673768508678,0.017742428877332517,0.0,0.6490219745109873,0.05460518862580718,0.14845510763730832,0.013724593163845502,0.14193651702568533,0.03427387018370694,0.07970641992232123,0.17963551494686666,0.43165751487850584,0.07971403999139968,0.4466402067565073,0.04882797289930691,0.0,0.0,0.0,0.8858618125652212,0.0,0.14320760502913218,0.0062787549656756515,0.005146056974877755,0.006059505127876383
152,0.0691800878477306,0.6543142493273199,0.0542469664525339,0.0,0.3166459583229791,0.19868018579358784,0.22166957178226063,0.09005947323704333,0.6092851492932048,0.35170197278324056,0.16024103267077908,0.1293201906842785,0.17738576705137055,0.2222640292410234,0.08529628945911019,0.07265789268748542,0.0,0.0,0.10928990641357797,0.3455643243967743,0.36387665198237884,0.1683123786159665,0.05339361637450919,0.053180902338649104,0.0586234964365318
153,0.048096632503660315,0.3125001994899441,0.09268889568675436,0.0,0.6154247577123788,0.30984479438087686,0.0954080669693908,0.16761431714702743,0.21169888048294033,0.32214106818994975,0.10532328078592644,0.13551494686662033,0.13039928100921755,0.1928079982799398,0.04646483293335795,0.15773693637567168,0.0,0.0,0.45143552054142655,0.6874746694664552,0.5788546255506607,0.7546969232341818,0.17456993906952514,0.32468239636736834,0.16076596335919052
154,0.05065885797950219,0.42172174185043676,0.040277352911185886,0.0,0.4506975753487877,0.31525433329557034,0.03452276537398274,0.20233971635840795,0.3039195228828899,0.4858487656224938,0.10438085446652959,0.0797373125434502,0.19002290687096524,0.20441840464416255,0.08709617869669559,0.2022038782026322,0.0,0.010427750585230901,0.4387458361973246,0.5781935619756381,0.6096916299559471,0.7260349586016561,0.28966745172368114,0.171860151800102,0.31870477697277194
155,0.0,0.5458108707656264,0.049454471296013054,0.0,0.5863218431609216,0.3051433102979495,0.022415649876208768,0.07979870596693027,0.5503297407204313,0.43779378924900986,0.0568882796435915,0.023525176283642864,0.025970253948421174,0.002902601591055687,0.05679342809673252,0.1013939724320536,0.0,0.0,0.031301221382118126,0.45404761980744013,0.14273127753303963,0.33985485025043444,,,
156,0.5453147877013177,0.18941969173217912,0.03895176914448863,0.0,0.21203450601725304,0.055539821003738526,0.1750674467919752,0.5571966973836132,0.1104910443487924,0.17162227184681625,0.15818482979209503,0.3272047869699077,0.8216771336818683,0.025693399268974414,0.33237031567288167,0.009345066583599407,0.0,0.0,0.0,0.8102196536219074,0.0,0.1697025452315241,0.008334643701970063,0.0038553825660298823,0.003470193796650399
157,0.22510980966325034,0.55017411482322,0.07096971550933007,0.0,0.4451276225638114,0.6829896907216495,0.09786168689145228,0.08570245953423523,0.39093807474123,0.45254339753001116,0.19054146675805347,0.0009559042606018474,0.036563311741689405,0.018705654697914423,0.29562488462248476,0.07355346156841369,0.0,0.0,0.09205308517950617,0.4496851833531723,0.4088105726872246,0.5169988756005317,0.29550772049833884,0.31929318618612884,0.2935199020593729
158,0.0,0.5093983702469526,0.061792597124502906,0.0,0.299733749866875,0.27945508100147276,0.16034017608331202,0.1799228808574603,0.45239747465679314,0.32188197845853944,0.15695681973954762,0.10807925315324263,0.4132607766415677,0.3204687164050741,0.007910282444157282,0.0833268437037614,0.0,0.0,0.5221276370750279,0.4903799819375346,0.04140969162995595,0.3256465296943678,0.31775263268925336,0.05041056259757154,0.34062072219681505
159,0.348316251830161,0.7549305934586449,0.06862445192209646,0.0,0.21465085732542866,0.4615667837317322,0.13619255920329515,0.1451974816460798,0.65790431453237,0.5288576610366056,0.12351496458761708,0.09007845863541564,0.059782549129210084,0.09299075467641366,0.1686819272660144,0.2976014329102095,0.0,0.010214939348797617,0.15751070692116534,0.24504319354601944,0.0,0.26629868138607793,0.5638196046055997,0.9018073824418689,0.001677104614018739
160,0.3979502196193264,0.10709258567694119,0.008565310492505352,0.0,0.40597465298732655,0.011583777047694572,0.099477079193081,0.30597128727969847,0.09549135977405845,0.1611661505434715,0.0,0.3632187903466085,0.6778515766284154,0.04047516663083208,0.3567011260845486,0.017249435402227245,0.0,0.017876143860395828,0.048643789985724106,0.8925506690452106,0.0,0.25047531432076053,5.1939889687808714e-05,0.0001895933405175085,3.388966225283224e-05
161,0.21566617862371884,0.8943980031854554,0.02691954726215968,0.004104860528034332,0.09412119706059857,0.5557097541633624,0.12893162061040733,0.11641940613903232,0.828335864823289,0.5931119144263629,0.0251028101439342,0.1565324262588142,0.05662052411797585,0.06616856589980649,0.08591471294074211,0.24098590452456975,0.0,0.15896999361566294,0.2603500237931582,0.10559521568051777,0.7356828193832599,0.2524787897372994,0.7839833073101493,0.7555667546698012,0.0
162,0.11705710102489017,0.7104491236805734,0.018150300805547057,0.0,0.3064219532109766,0.5313243457573354,0.08352299852338708,0.13031827985099012,0.5219172032940104,0.6573414926036049,0.14713273931916837,0.07893038037540967,0.05808919431383509,0.022307030746076113,0.08828687465386745,0.6516626430963322,0.0,0.012555862949563738,0.028181673980859728,0.2894398401822842,0.2607929515418502,0.2221200040887254,0.12190664729655806,0.07346369027780383,0.12051772583393171
163,0.04304538799414348,0.49692147118248053,0.03813602528805955,0.0,0.5524796762398381,0.28010649144669764,0.01629270242364357,0.15482648192928566,0.29976561476384356,0.6359542521559967,0.2366346812885538,0.015381368556956997,0.0005863720558094673,0.008600301010535369,0.10316595901790658,0.05692703060509306,0.0,0.0,0.08761169565907048,0.5030141340388121,0.04669603524229075,0.7840948584278851,0.02219374877783233,0.009799889225358618,0.025083468760084552
164,0.005710102489019033,0.49202838183332853,0.08799836851228714,0.0,0.24248642124321068,0.16120992409652202,0.37397719576778315,0.23835043461211683,0.4287551377923144,0.08289637644504211,0.25988119716700936,0.8275896315423579,0.0004274487883470883,0.0632659643087508,0.5170297212479231,0.02807413752822989,0.0,0.0,0.008301168508433352,0.5076925040768199,0.06872246696035242,0.29062659715833594,0.0,0.0,3.446138407998423e-05
165,0.1431185944363104,0.5772441022792922,0.12684816967472212,0.0,0.49147999573999784,0.23450776028095616,0.14338688368065192,0.21939742500490164,0.5249064642768755,0.37283629230256743,0.2182145305003427,0.004307776343231703,0.10614430232685583,0.0,0.09103747461694664,0.12245931002258394,0.0,0.0378804000851245,0.0,0.4224797914200098,0.46960352422907486,0.17372993969130124,0.043454884821327755,0.023119312842491236,0.04694742385728166
166,0.1138360175695461,0.5103910322088483,0.15856021209340265,0.005224367944770967,0.38043949021974516,0.20499603489294208,0.3152401993982525,0.1432150404113021,0.48646825608649447,0.05084944419083808,0.46955677404615037,0.47046628264971696,0.051441817643770746,0.28063857235003226,0.009239431419604947,0.2064480959426836,0.12865947611710324,0.011917429240263887,0.1732670649817586,0.48972577603181044,0.0,0.7274864560973118,0.00016830408703295458,0.00019619038763651415,0.00016879054035741787
167,0.0,0.177341772555929,0.01916998062608341,0.0,0.9694983847491925,0.1102582984026283,0.0485450366932753,0.09352329913077577,0.2391117624508058,0.10478328994608466,0.20653415581448478,0.026777733637898503,0.16110435230548337,0.03531498602451085,0.006774967694295735,0.11879915894400749,0.0,0.0,0.009940252736213188,0.8222985285153995,0.0,0.07803332311151999,0.0006552564295823584,0.011120017834424973,0.0005296280066270978
168,0.3531478770131771,0.1735211411463171,0.03446517793412868,0.0,0.735208917604459,0.1532797099807409,0.1636431259783948,0.007406923294773762,0.1600370746005018,0.047376408029314136,0.26099497372629654,0.9989199523289306,0.035242604587950324,0.04547409159320576,0.10643345024921542,0.024141422007631808,0.0,0.0,0.0,0.8264024738556982,0.0,0.13100275988960441,0.0320738867143202,0.02461202406200698,0.03213810868753741
169,0.21442166910688137,0.21986026128394917,0.03986948098297135,0.0,0.9011786005893003,0.131698198708508,0.05656648643847631,0.04455046511121278,0.2737066350917888,0.13244420317569983,0.18680031985378112,0.18786622306087994,0.09309067394425628,0.026230918082132876,0.03816688203802843,0.09711081691457053,0.0,0.0,0.07227832707661397,0.7797815271399714,0.2581497797356828,0.08839824184810387,0.02226398298874749,0.04775015580669847,0.02112465222727057
