Country,Obesity,Undernourished,Population,Annual Average Temperature,Max Latitude,Min Latitude,Max Longitude,Min Longitude,HDI Rank,hdi_2016,hdi_2017,hdi_2018,hdi_2019,gdp_2016,gdp_2017,gdp_2018,gdp_2019,code,"Population,Total Population - Both sexes",WHO code,FAO code,Winter Average Temperature,Spring Average Temperature,Summer Average Temperature,Autumn Average Temperature
Afghanistan,0.0374707259953161,0.4781085814360771,0.0277209874131,0.6897746830182847,0.6029191945836629,0.7232033856921949,0.7009162303664921,0.6940147754819348,0.8936170212765957,0.2167832167832168,0.2112676056338028,0.20884955752212397,0.2078152753108348,0.5962732919254657,0.7038461538461538,0.7197231833910034,0.8761261261261262,0.4765308553728854,0.02442934466196693,0.4765308553728855,0.0028571428571428,0.5757784546359542,0.7103541568494403,0.7165805430136573,0.6128196720202603
Albania,0.4543325526932085,0.0647985989492119,0.0019852659607467,0.6716819136299681,0.6396729095225534,0.8066248880931065,0.5476895060323241,0.5750606025626227,0.3617021276595745,0.7167832167832167,0.7112676056338028,0.7097345132743363,0.7122557726465365,0.6304347826086956,0.75,0.820069204152249,0.8378378378378379,0.7136049559208959,0.0019617271793110668,0.7136049559208959,0.0057142857142857,0.5983104123736099,0.6203794819833541,0.6598669465522956,0.6444932779397589
Algeria,0.5550351288056207,0.0245183887915936,0.0315923986562373,0.8886632905360936,0.5907851930009672,0.6384796939855131,0.5218814022308217,0.4944014775481936,0.4787234042553192,0.6381118881118881,0.6320422535211268,0.6283185840707964,0.6287744227353463,0.6273291925465837,0.6538461538461539,0.7266435986159169,0.8063063063063064,0.0,0.028021725195423102,0.0,0.0085714285714285,0.7574932815860946,0.8726192622334951,0.9135154941559077,0.8164471848035978
Angola,0.0913348946135831,0.3940455341506129,0.0231528790278472,0.8568033619670946,0.2260617251384859,0.3372670301945145,0.556282722513089,0.5531282465658549,0.7819148936170213,0.3496503496503496,0.3450704225352112,0.3380530973451329,0.3321492007104795,0.4472049689440993,0.5961538461538461,0.6366782006920415,0.7680180180180181,0.0023826542768644,0.0199208518084611,0.0023826542768644,0.0171428571428571,0.8896585964183558,0.7159990118501173,0.634922441387312,0.900424685562704
Antigua and Barbuda,0.3793911007025761,0.2029453525329182,3.137632983938885e-05,0.9525211287561764,0.4205574606524224,0.6222837144949946,0.3123435010243569,0.3408461272076648,0.4095744680851064,0.6765734265734267,0.6725352112676057,0.6743362831858407,0.6820603907637656,0.6987577639751552,0.7230769230769231,0.9204152249134948,0.8648648648648649,0.2382654276864427,2.966824823202928e-05,0.23826542768644274,0.02,0.9291014253594311,0.8420875354184445,0.7995368834516102,0.961074596842664
Argentina,0.5995316159250585,0.0367775831873905,0.0323197590297868,0.6966971100861754,0.0730677921392772,0.0359729795719052,0.3351354427498293,0.3070818423179038,0.2393617021276596,0.8059440559440563,0.8045774647887323,0.7982300884955754,0.8010657193605685,0.4627329192546583,0.7115384615384615,0.588235294117647,0.7409909909909911,0.2406480819633071,0.030064198484791933,0.2406480819633071,0.0228571428571428,0.8391315242123136,0.496665233637898,0.36220071915440005,0.7918783147719997
Armenia,0.4215456674473067,0.031523642732048995,0.0020694115725887,0.5646741994236066,0.6277147630352589,0.8002767152274761,0.6204188481675392,0.6448112663049753,0.425531914893617,0.6783216783216783,0.6742957746478873,0.6725663716814158,0.6785079928952041,0.5341614906832297,0.8923076923076922,0.8581314878892733,0.9594594594594597,0.7140814867762688,0.0019952207890149,0.7140814867762688,0.0,0.47869973704844676,0.5407164694847739,0.5846157901192436,0.5290085100659057
Australia,0.6440281030444964,0.0,0.0183266290198248,0.8487654803571196,0.1834168645036489,0.0384145845202246,0.9658547689506032,0.7308091885028283,0.0372340425531914,0.9807692307692308,0.977112676056338,0.9769911504424781,0.9769094138543518,0.6149068322981365,0.6961538461538461,0.7750865051903113,0.8288288288288289,0.9554443650226352,0.016748099891931267,0.9554443650226352,0.0257142857142857,0.960245597875519,0.6482403293293021,0.525720857941172,0.9344684030166172
Austria,0.4449648711943793,0.0,0.0063180518722042,0.5338845913978789,0.6955948298601952,0.8614796125986814,0.536620760300478,0.5469236984878219,0.0904255319148936,0.9423076923076924,0.938380281690141,0.9380530973451328,0.937833037300178,0.5931677018633539,0.7,0.7612456747404843,0.8243243243243243,0.7147962830593281,0.006016970316690734,0.7147962830593281,0.0285714285714285,0.4821391211151056,0.5084049121365485,0.49733429776868743,0.5111322152079417
Azerbaijan,0.3981264637002341,0.0,0.0071694913683003,0.639296979939066,0.6258682845335444,0.7964515341417758,0.6318859549282949,0.6486494286044097,0.4627659574468085,0.6520979020979021,0.647887323943662,0.6424778761061948,0.6429840142095914,0.4316770186335401,0.6115384615384615,0.7301038062283737,0.8378378378378379,0.7152728139147009,0.0066991116436569,0.7152728139147009,0.1457142857142857,0.5437187837633585,0.6192555705330823,0.661288529726388,0.5933237213899638
Bahamas,0.6838407494145199,0.04572298963279701,0.0002417403594443,0.9195140067723566,0.5040886309680823,0.6542687393179784,0.2809298884589119,0.2871407133787373,0.3031914893617021,0.7552447552447554,0.75,0.7451327433628321,0.7460035523978689,0.5714285714285713,0.7230769230769231,0.7820069204152249,0.8153153153153154,0.2430307362401716,0.0002257727145767333,0.2430307362401716,0.0314285714285714,0.8762096788124575,0.8211440247017435,0.8029062809843008,0.9199029352589893
Bangladesh,0.0117096018735363,0.2136602451838879,0.1210520198155785,0.9160098192238276,0.4987250505583399,0.6528037763489867,0.7514227179603915,0.7734618492439109,0.702127659574468,0.3986013986013985,0.4049295774647888,0.4141592920353984,0.4227353463587923,0.7484472049689439,0.8846153846153846,0.9515570934256056,0.972972972972973,0.4801048367881821,0.10925604634494106,0.4801048367881821,0.0428571428571428,0.8569312547696432,0.8610170952608094,0.8008224134587646,0.8938562718816355
Barbados,0.5128805620608899,0.0245183887915936,0.0001661519284676,0.9511119808361042,0.3819572672118174,0.5902173028404004,0.31871727748691103,0.3473104005540807,0.3031914893617021,0.7569930069930069,0.7464788732394367,0.7415929203539825,0.7460035523978689,0.6055900621118011,0.6230769230769231,0.657439446366782,0.7860360360360361,0.2454133905170361,0.00016200437278716668,0.2454133905170361,0.0371428571428571,0.9339044662216875,0.8419442146419202,0.7868334114291652,0.9601583610164467
Belarus,0.5550351288056207,0.0,0.0066467902371123,0.533823499306629,0.7584630264661918,0.9010336127614552,0.5809241975870703,0.5863153641925432,0.2765957446808511,0.763986013986014,0.762323943661972,0.7646017699115043,0.7619893428063943,0.4503105590062111,0.7,0.7854671280276816,0.8153153153153154,0.7167024064808196,0.006498987199580432,0.7167024064808197,0.16,0.44578854228433534,0.5433817595121967,0.527281353515642,0.49831962393093604
Belgium,0.5058548009367682,0.0,0.0081728208247553,0.5960207287561119,0.7174887892376682,0.8868723040612028,0.5059469610744366,0.5267228442802725,0.0691489361702127,0.9545454545454548,0.9559859154929576,0.9539823008849558,0.9538188277087036,0.5745341614906831,0.6769230769230768,0.7301038062283737,0.8198198198198199,0.7171789373361925,0.007819573729392633,0.7171789373361926,0.7257142857142856,0.5581109233481053,0.5423183596973346,0.5330896186910955,0.5875971422791543
Belize,0.4566744730679157,0.0875656742556917,0.0002602809179858,0.9216776823175794,0.4272399542776752,0.613249776186213,0.2380491691327111,0.2619185039824542,0.5797872340425532,0.5926573426573429,0.5774647887323945,0.5716814159292037,0.5719360568383659,0.5310559006211178,0.6769230769230768,0.7508650519031141,0.7432432432432433,0.2466047176554682,0.00021912472515346666,0.2466047176554682,0.0628571428571428,0.8990969427784726,0.8416285722303294,0.7673765232903501,0.9093203917307863
Benin,0.1241217798594847,0.1330998248686515,0.0086677111181311,0.9670442824169708,0.3736920777279521,0.534548710018719,0.4987480081948554,0.5216437723652315,0.8351063829787233,0.2709790209790209,0.2640845070422535,0.2654867256637169,0.2682060390763766,0.6304347826086956,0.823076923076923,0.9100346020761244,0.9436936936936936,0.0035739814152966,0.007487194833133967,0.0035739814152966,0.1485714285714285,0.9869883807680764,0.8740682651667234,0.7370370348634835,0.9648501542380615
Bosnia and Herzegovina,0.3864168618266979,0.0,0.0023011685543569,0.6156959283813708,0.6627978545678361,0.8303898429234149,0.5436489870248121,0.5648158836430799,0.3829787234042553,0.688811188811189,0.6830985915492958,0.6831858407079646,0.685612788632327,0.6242236024844721,0.7269230769230769,0.8062283737024221,0.8490990990990992,0.7183702644746247,0.0023091342242371328,0.7183702644746247,0.2257142857142857,0.5481881586953676,0.5793820707671361,0.5955099812594488,0.5883333397259367
Botswana,0.3091334894613583,0.4185639229422067,0.0016137416915122,0.8495683819574261,0.1083267387672557,0.2651582973874826,0.5713350785340314,0.5771095463465313,0.526595744680851,0.5979020979020979,0.5985915492957745,0.6,0.6056838365896979,0.6614906832298135,0.7153846153846154,0.8339100346020759,0.8558558558558559,0.0047653085537288,0.0014599318331844668,0.0047653085537288,0.054285714285714194,0.9271907793266454,0.6462336109593849,0.56617514544755,0.944683791867731
Brazil,0.4543325526932085,0.0,0.1510042921393023,0.9211729874951422,0.3109997362173569,0.2094083177341904,0.4056453448668336,0.3058409327022972,0.4414893617021277,0.6643356643356644,0.6602112676056335,0.6566371681415929,0.6589698046181173,0.4254658385093167,0.6538461538461539,0.7231833910034602,0.8130630630630631,0.2525613533476292,0.14259236293366484,0.2525613533476292,0.0571428571428571,0.9351677390779374,0.7870299612821151,0.7226187013367955,0.9486695582579561
Bulgaria,0.5737704918032787,0.0192644483362521,0.0049011253405936,0.6265994965302433,0.6535654620592631,0.8196467811508097,0.5692010015934441,0.5839489784139444,0.2925531914893617,0.7569930069930069,0.7482394366197183,0.7469026548672565,0.7495559502664298,0.6459627329192545,0.7384615384615385,0.7854671280276816,0.8648648648648649,0.719561591613057,0.004912170608967333,0.719561591613057,0.0742857142857142,0.5414326289664495,0.5977376878189973,0.6296421079122599,0.5918841284504496
Burkina Faso,0.0374707259953161,0.3064798598949212,0.0148673886550322,0.9881468447546796,0.3972566605117384,0.5604297224709042,0.49462212610971995,0.5035207203047444,0.9627659574468084,0.0874125874125874,0.0933098591549295,0.0920353982300885,0.1030195381882771,0.7142857142857142,0.8423076923076923,0.9134948096885812,0.9166666666666669,0.005956635692161,0.01286633801754243,0.005956635692161,0.6628571428571428,0.9746506761482925,0.9306666109080015,0.7750967144032456,0.9746647125850015
Cabo Verde,0.1803278688524589,0.1768826619964973,0.0003579753995312,0.9070458846739288,0.4134353292886661,0.6044599983722634,0.4233155019348964,0.4462657278079189,0.6648936170212766,0.4877622377622379,0.4823943661971832,0.4814159292035397,0.4813499111900533,0.6739130434782608,0.7461538461538462,0.8339100346020759,0.9166666666666669,0.0119132713843221,0.00033173712364623336,0.3517094613837528,0.300809179797275,0.8806923847485205,0.7754648396411589,0.7666496987393471,0.9378939664263903
Cambodia,0.0140515222482435,0.2434325744308231,0.01101237867522,0.9602056756325894,0.3939154136991119,0.5688125661268006,0.7940188936945141,0.8147004501904653,0.7606382978723404,0.3461538461538462,0.3450704225352112,0.3433628318584071,0.3552397868561278,0.7422360248447204,0.8730769230769231,0.9377162629757784,0.9459459459459459,0.4860614724803432,0.010871441557424132,0.4860614724803432,0.3257142857142857,0.950939538306622,0.876521314780537,0.7782929611019199,0.9480407203564561
Cameroon,0.1545667447306791,0.1295971978984238,0.0189284840740167,0.9081872912653304,0.3796711509715994,0.4974363148042647,0.5339460505349419,0.5440090038093041,0.8085106382978723,0.3059440559440559,0.3010563380281691,0.2991150442477877,0.3001776198934279,0.6708074534161489,0.7384615384615385,0.820069204152249,0.8761261261261262,0.0083392899690254,0.016519343884416,0.0083392899690254,0.08857142857142848,0.932656801401614,0.8059839254666815,0.6904811061629447,0.9141275251866287
Canada,0.6651053864168618,0.0,0.0271947207898848,0.2936131039473067,0.9743251560713972,0.8231464149100676,0.3380946961074436,0.1125187579360499,0.0797872340425532,0.9527972027972028,0.9507042253521129,0.9504424778761064,0.9502664298401424,0.5590062111801241,0.7269230769230769,0.7474048442906573,0.8265765765765767,0.2573266619013581,0.025133859575597068,0.2573266619013581,0.0914285714285714,0.17805434206500814,0.3157632627660172,0.3825966375289503,0.26538188596371914
Central African Republic,0.0796252927400468,1.0,0.0034057579843845,0.9241073421893762,0.3613822210498549,0.5022381378692927,0.5659002959253358,0.5609777213436455,0.9946808510638298,0.006993006993007,0.0088028169014083,0.0070796460176991,0.0053285968028419,0.6739130434782608,0.7769230769230768,0.8096885813148789,0.8558558558558559,0.0142959256611865,0.0031068108632092,0.0142959256611865,0.1028571428571428,0.9450972243038077,0.826785456460339,0.7115608205651273,0.9217511642603853
Chad,0.0444964871194379,0.6129597197898423,0.0119964544747281,0.9501482087686012,0.4707640903895191,0.5447220639700496,0.5560550876394263,0.5582650352072032,0.9893617021276596,0.0262237762237762,0.0176056338028168,0.0106194690265487,0.0071047957371225,0.3540372670807452,0.5115384615384615,0.7577854671280276,0.8558558558558559,0.0166785799380509,0.010038937107132231,0.0166785799380509,0.1085714285714285,0.8984250127637065,0.9075510787997213,0.8086441703491785,0.9221218691747287
Chile,0.6065573770491803,0.0035026269702276,0.0138455186400357,0.5819793805326424,0.1107007825551745,0.028892325221778998,0.2988276804006373,0.2035957520489438,0.2234042553191489,0.8164335664335665,0.811619718309859,0.8106194690265488,0.8117229129662523,0.5807453416149068,0.6499999999999999,0.8166089965397924,0.8130630630630631,0.2644746247319514,0.0125668887908282,0.2644746247319514,0.1114285714285714,0.7208841795854646,0.4152542704490021,0.27278693624383704,0.6610275629799046
China,0.0866510538641686,0.1050788091068301,1.0,0.5360787485115854,0.735689791611712,0.6124359078701066,0.871300933302982,0.7318480895763593,0.4468085106382979,0.6433566433566433,0.6408450704225352,0.6442477876106195,0.6518650088809946,0.7391304347826085,0.8692307692307693,0.9100346020761244,0.9256756756756758,0.490350250178699,1.0,0.490350250178699,1.0,0.4391092116670477,0.5600357539318259,0.5584022669634562,0.4749073686590941
Colombia,0.449648711943794,0.0402802101576182,0.0352199302447139,0.9134995629255795,0.3840675283566341,0.4494994709855945,0.2975187798770771,0.2836199930739929,0.4361702127659575,0.6678321678321679,0.6637323943661972,0.6601769911504426,0.6625222024866787,0.5931677018633539,0.6576923076923077,0.7647058823529411,0.8626126126126127,0.2668572790088158,0.03331178475992643,0.2668572790088158,0.12285714285714283,0.9281591537699624,0.7927222787828678,0.7245047007786054,0.9240209465892754
Congo,0.1288056206088993,0.6619964973730297,0.0038963696873277,0.9055708088770196,0.2971951112283478,0.4430699112883535,0.5408889141816526,0.5518007618607873,0.7872340425531914,0.3496503496503496,0.3309859154929575,0.3221238938053096,0.319715808170515,0.1956521739130434,0.4346153846153845,0.4567474048442906,0.7747747747747749,0.0214438884917798,0.0034112658752077,0.021443888491779795,0.1285714285714285,0.9270900009213229,0.7945524032445707,0.6963699667102103,0.9165547496874352
Costa Rica,0.5339578454332552,0.0402802101576182,0.0036061386363133,0.9328881616583782,0.3632286995515695,0.5289330186375844,0.2529023446391987,0.2680364769710263,0.32446808510638303,0.7395104895104894,0.7359154929577465,0.7380530973451326,0.7388987566607462,0.6583850931677018,0.7538461538461538,0.7716262975778546,0.8355855855855856,0.2692399332856803,0.003353626922562267,0.2692399332856803,0.1342857142857142,0.9380473488861633,0.8302226574788474,0.7481909588541669,0.9300322836970968
Croatia,0.566744730679157,0.0,0.0028281482759776,0.632236088210532,0.6739646531258243,0.8292504272808658,0.5430514454814477,0.5584093270229713,0.2234042553191489,0.8094405594405594,0.8080985915492958,0.8088495575221238,0.8117229129662523,0.6366459627329191,0.7230769230769231,0.7716262975778546,0.8536036036036037,0.7214677150345485,0.0028757774967166,0.7214677150345485,0.2771428571428572,0.5593519646960523,0.6038744757225204,0.6164574246848455,0.5968089147695134
Cuba,0.5573770491803278,0.0,0.0080059557978822,0.9264686562915424,0.4692693220786072,0.645397574672418,0.2768893694514,0.2742987417753665,0.3670212765957447,0.6905594405594406,0.6883802816901408,0.6902654867256636,0.6909413854351686,0.6336354595534991,0.7548223933473932,0.8081678144359803,0.8499218582628668,0.2716225875625446,0.0078051842672866,0.2716225875625446,0.1371428571428571,0.8941904312041954,0.8256409107418755,0.7898295405284004,0.9298752933790376
Cyprus,0.4613583138173303,0.0542907180385289,0.000822202461473,0.8016107679404826,0.5725841906269235,0.7658500854561732,0.5848508991577509,0.6125764746623572,0.1702127659574468,0.8653846153846154,0.8661971830985915,0.8743362831858407,0.8756660746003554,0.7360248447204968,0.773076923076923,0.820069204152249,0.8603603603603605,0.4932094353109364,0.0007739371257266666,0.4932094353109364,0.14,0.7184542512480038,0.7162052173832741,0.7723666661835109,0.7978073988436402
Czechia,0.5995316159250585,0.0,0.0076030551988082,0.5625532238651179,0.7134441220434362,0.8792219418898022,0.5414295470066014,0.5543114394551542,0.1382978723404255,0.9003496503496504,0.8978873239436618,0.8973451327433629,0.8987566607460037,0.6336354595534991,0.7548223933473932,0.8081678144359803,0.8499218582628668,0.7231355730283536,0.0073121242584015984,0.5764925936011238,0.3441516042511281,0.5021351159307259,0.5393486579552692,0.5316092771268092,0.5365270641861893
Denmark,0.4309133489461359,0.0,0.0041181432914197,0.0,1.0,0.9281354276878001,0.5309298884589119,0.3086113355650468,0.0478723404255319,0.9737762237762241,0.9683098591549296,0.9699115044247788,0.9698046181172292,0.6273291925465837,0.6807692307692308,0.7612456747404843,0.8400900900900902,0.7243269001667858,0.003915305291207833,0.7243269001667857,0.1514285714285714,0.0,0.0,0.0,0.0
Djibouti,0.2177985948477752,0.28721541155866903,0.0006660339106815,0.9970450126205944,0.3764178317066737,0.5729632945389436,0.6113703619394489,0.6399342029320098,0.8776595744680851,0.2220279720279721,0.2183098591549295,0.2247787610619469,0.2309058614564832,0.7360248447204968,0.8115384615384615,0.9688581314878892,0.9572072072072072,0.0262091970455087,0.0006070349874035668,0.0262091970455087,0.2028571428571428,0.9351013120534096,0.9201526005098385,0.9039172272158957,0.96342005162128
Dominica,0.5925058548009368,0.0647985989492119,1.2835771297931802e-05,0.9443069021651264,0.4020926756352765,0.6077154716366892,0.3135385841110858,0.3420004617338105,0.4946808510638298,0.6328671328671329,0.6161971830985915,0.6141592920353983,0.6181172291296625,0.6055900621118011,0.2384615384615384,0.6955017301038062,0.9774774774774776,0.2740052418394091,1.362344808324217e-05,0.2740052418394091,0.1542857142857142,0.9245415623966474,0.8352034094362305,0.7848951754289782,0.9543878212423289
Dominican Republic,0.5620608899297423,0.1225919439579684,0.007449025943233001,0.9319463118188696,0.4399894486942759,0.6268413770651908,0.2933928977919417,0.3116414636961792,0.4627659574468085,0.6381118881118881,0.6338028169014085,0.6371681415929201,0.6429840142095914,0.7360248447204968,0.7846153846153846,0.9204152249134948,0.9031531531531533,0.2763878961162736,0.0071576708900142,0.2763878961162736,0.1571428571428571,0.9082914214282648,0.823715827761856,0.7838900816783768,0.9397408417924495
Ecuador,0.3840749414519906,0.0945709281961471,0.0124485588637775,0.8445494812894592,0.2792578914974061,0.4432326849515748,0.2737593899385385,0.2539247373888953,0.4521276595744681,0.6643356643356644,0.658450704225352,0.6566371681415929,0.6483126110124334,0.4906832298136645,0.6961538461538461,0.7231833910034602,0.7905405405405406,0.2787705503931379,0.011376717375001502,0.2787705503931379,0.1628571428571428,0.8750528844255633,0.728437675918788,0.6331332030362539,0.8664019876286239
Egypt,0.6604215456674474,0.0350262697022767,0.0718439512497406,0.8801977642873688,0.54304053459949,0.6629771303003174,0.5928181197359434,0.5907018353918967,0.6117021276595744,0.5559440559440558,0.5492957746478873,0.5486725663716813,0.5559502664298402,0.6614906832298135,0.7615384615384615,0.86159169550173,0.9144144144144144,0.0274005241839409,0.06530207818185038,0.0274005241839409,0.1657142857142857,0.7728412043084578,0.845981202707056,0.8535480248042339,0.8381833118336547
El Salvador,0.4637002341920374,0.1138353765323993,0.0045830834517670005,0.9249025065327436,0.3917172250065945,0.5911125579881175,0.2383052583655816,0.2594078263880873,0.6542553191489361,0.5122377622377621,0.5017605633802815,0.4938053097345133,0.4955595026642984,0.6055900621118011,0.6923076923076923,0.7612456747404843,0.8423423423423424,0.2811532046700024,0.004362014567722533,0.2811532046700024,0.1685714285714285,0.9290870717453318,0.8253748395579872,0.743769864557961,0.9189779038873865
Estonia,0.4894613583138173,0.0070052539404553,0.0009106266637477,0.5105511199760017,0.7893255957091357,0.9521445430129404,0.5680343728659231,0.5824483435299551,0.1489361702127659,0.8793706293706294,0.8785211267605635,0.8814159292035398,0.8845470692717586,0.6273291925465837,0.8153846153846154,0.8304498269896193,0.9009009009009008,0.725518227305218,0.0008755149366235334,0.725518227305218,0.17714285714285713,0.4319237366299002,0.49102258670649784,0.5036543995620097,0.496012171045999
Ethiopia,0.0163934426229508,0.3169877408056043,0.0819079090457245,0.8777777759867462,0.3954981095577245,0.5116790103361276,0.6243455497382199,0.6146542768094194,0.9148936170212766,0.1555944055944057,0.1549295774647886,0.1539823008849556,0.1616341030195381,0.7763975155279501,0.9961538461538462,0.9446366782006921,0.9909909909909912,0.0309745055992375,0.07164388805909024,0.030974505599237492,0.6771428571428572,0.8948214776364543,0.7834198052231417,0.6797074997109486,0.8774261086729146
Fiji,0.6346604215456674,0.021015761821366,0.000600428857381,0.920278850740093,0.1549283390486239,0.30731667616179703,1.0,0.0,0.4893617021276596,0.6293706293706294,0.6232394366197183,0.6212389380530973,0.6198934280639433,0.6055900621118011,0.8115384615384615,0.7993079584775086,0.759009009009009,0.9673576364069572,0.0005681514043978668,0.9673576364069572,0.1857142857142856,0.9523312556149829,0.7994491233130748,0.6972531011404034,0.9355283491329057
Finland,0.5152224824355971,0.0,0.0039042137697875,0.4317147582856754,0.8808581728655588,0.9707821274517784,0.5776519462781697,0.5757532032783101,0.0531914893617021,0.9685314685314688,0.9665492957746479,0.9663716814159294,0.9662522202486679,0.6149068322981365,0.7307692307692307,0.7301038062283737,0.8130630630630631,0.7290922087205146,0.0037672364797354334,0.7290922087205146,0.1885714285714285,0.35518801167448855,0.41936495432069637,0.4379650723443668,0.4176447555994913
France,0.4754098360655738,0.0,0.0462701031354223,0.6699392576972409,0.7138837597819397,0.0793521608203792,0.9753585249260186,0.0052233637308092,0.1329787234042553,0.9020979020979024,0.8996478873239437,0.8973451327433629,0.9005328596802843,0.5621118012422359,0.6923076923076923,0.7404844290657439,0.8220720720720721,0.7314748629973791,0.04469587625320973,0.7314748629973792,0.1914285714285714,0.6380046184822789,0.598183677034585,0.5916125665238932,0.6646043631786855
French Polynesia,0.6400093428992722,0.0297723292469352,0.0001611602396295,0.9383331433944218,0.1958146487294469,0.2589728981850736,0.1040291372638288,0.0730405171418677,0.462467843326886,0.6430302618257164,0.6384234895907429,0.6392750084068672,0.6428738155469951,0.6336354595534991,0.7548223933473932,0.8081678144359803,0.8499218582628668,0.3212659251901565,0.00015426234461703335,0.4465236004064534,0.3404651785427976,0.9568258055430018,0.8245299157216482,0.7282625579060141,0.9483410434449323
Gabon,0.2459016393442622,0.1401050788091068,0.0015524152286443,0.9094778012456658,0.285061109645652,0.4519410759339138,0.5290803551104029,0.5445573127092233,0.6276595744680851,0.5454545454545454,0.5422535211267607,0.5415929203539825,0.5488454706927176,0.5931677018633539,0.6230769230769231,0.7128027681660899,0.8738738738738739,0.0357398141529664,0.0013525744761698332,0.0357398141529664,0.2085714285714284,0.9335444146640933,0.7975110256083692,0.6907111846766484,0.9246266953966171
Gambia,0.13583138173302098,0.1348511383537653,0.0016850515320562,0.9746933668657451,0.3861777895014508,0.5903800765036217,0.4484976098338265,0.4708819115779754,0.9095744680851064,0.1695804195804195,0.1654929577464787,0.1699115044247787,0.1811722912966252,0.5869565217391303,0.7884615384615384,0.9273356401384084,0.9256756756756758,0.0381224684298308,0.001451385434981033,0.0381224684298308,0.2114285714285714,0.9515810557257951,0.9000343634360041,0.7909776810160117,0.9697231268499366
Georgia,0.4777517564402809,0.0945709281961471,0.0026106532623182,0.572958867291375,0.6478501714587179,0.8180190445185969,0.6206749374004097,0.6348551310169688,0.3191489361702128,0.7237762237762241,0.727112676056338,0.7327433628318586,0.7424511545293074,0.6180124223602483,0.7884615384615384,0.8442906574394463,0.9031531531531533,0.7324279247081249,0.0027429045732737,0.732427924708125,0.2057142857142857,0.5048905235682332,0.5359240609318308,0.5660950078514689,0.547298570925371
Germany,0.5339578454332552,0.0,0.0593625898593128,0.5713105091775958,0.747472083003605,0.868723040612029,0.53055998178921,0.5363326792104353,0.026595744680850998,0.9842657342657342,0.9806338028169012,0.9823008849557521,0.9822380106571936,0.5962732919254657,0.7038461538461538,0.7231833910034602,0.8018018018018018,0.7326661901358112,0.056843586939089474,0.7326661901358112,0.2228571428571428,0.5226618322299943,0.5321408330369543,0.5257214566137421,0.5549726105430403
Ghana,0.1592505854800936,0.052539404553415,0.0221195994383636,0.9584620525427447,0.362789061813066,0.5225848457719541,0.4912076030047803,0.5100427103774675,0.7287234042553191,0.3846153846153846,0.3802816901408449,0.3805309734513274,0.3854351687388987,0.6335403726708073,0.9153846153846154,0.8961937716262975,0.9346846846846848,0.0405051227066952,0.019669999476732238,0.0405051227066952,0.2285714285714285,0.982812661580966,0.8532905222694378,0.7312856740107684,0.9623700504964119
Greece,0.5737704918032787,0.0,0.0075916456243212,0.7085530056099949,0.6317594302294909,0.7673964352567755,0.5681766446619622,0.5760995036361538,0.1648936170212765,0.8671328671328673,0.8679577464788732,0.8672566371681415,0.877442273534636,0.5217391304347825,0.6615384615384615,0.7439446366782007,0.8310810810810811,0.7457707886585656,0.007308374001448531,0.7457707886585657,0.2371428571428572,0.62862656731315,0.6542913539859645,0.7018382017925006,0.6791809381300454
Grenada,0.405152224824356,0.2017161317958166,4.2072805920998685e-05,0.95747152246166,0.3748351358480612,0.5816716855212827,0.3130548600045526,0.3411347108392013,0.3882978723404256,0.6870629370629371,0.676056338028169,0.6761061946902654,0.6838365896980464,0.6428571428571428,0.773076923076923,0.820069204152249,0.8558558558558559,0.2906838217774601,4.0554246081589444e-05,0.2906838217774601,0.2428571428571428,0.9427586385287009,0.8469652261532848,0.7895744224636698,0.9657518537201266
Guatemala,0.3723653395784543,0.2224168126094571,0.012844328478796999,0.881739090346821,0.4213488085817286,0.5957516073899243,0.2367971773275665,0.253232136673208,0.6702127659574467,0.4807692307692309,0.4735915492957747,0.4707964601769913,0.4777975133214919,0.6118012422360247,0.7192307692307692,0.7889273356401384,0.8738738738738739,0.2954491303311889,0.0114370326939869,0.2954491303311889,0.2514285714285714,0.8735505301554607,0.7969041600924518,0.7128842780082126,0.8777993032825636
Guinea,0.0866510538641686,0.2451838879159369,0.0089180086584408,0.9352177207685226,0.3760661215158709,0.5425246195165622,0.4660254951058502,0.4759321251298627,0.9414893617021276,0.1520979020979022,0.1496478873239435,0.1451327433628317,0.1474245115452929,0.8633540372670806,1.0,0.8927335640138407,0.9144144144144144,0.0428877769835596,0.0080901884161489,0.04288777698355959,0.2542857142857143,0.9494255252979151,0.8531720901253609,0.7160276479336067,0.9292693714122731
Guinea-Bissau,0.1241217798594847,0.446584938704028,0.0013356333133903,0.9745581260621604,0.3761540490635717,0.5729632945389436,0.4489528795811518,0.4711704952095118,0.9255319148936172,0.1573426573426574,0.1478873239436618,0.14336283185840698,0.1527531083481349,0.6925465838509315,0.7884615384615384,0.7958477508650519,0.8896396396396397,0.0433643078389325,0.0011974888710453667,0.0433643078389325,0.4971428571428572,0.9628590663535763,0.8981901610887336,0.7748945025402323,0.9698273878591586
Guyana,0.3817330210772833,0.0980735551663747,0.000522701131188,0.9420954974161592,0.3399278994108854,0.4936925205501749,0.32711131345322103,0.3422601870021933,0.6436170212765957,0.5209790209790208,0.5123239436619721,0.5115044247787611,0.5115452930728243,0.6459627329192545,0.7461538461538462,0.8304498269896193,0.9099099099099099,0.2978317846080534,0.0004979353679208334,0.2978317846080534,0.2571428571428572,0.9374513794428116,0.8207430956176872,0.7624375511041533,0.960641416816748
Haiti,0.4121779859484777,0.8196147110332749,0.0080929538033459,0.9503459923991122,0.4413083619097864,0.6307479449825018,0.2839745048941497,0.304484589634076,0.898936170212766,0.2132867132867133,0.2095070422535211,0.2070796460176991,0.2060390763765541,0.5745341614906831,0.6499999999999999,0.7301038062283737,0.7612612612612613,0.3002144388849178,0.0074632631364607675,0.3002144388849178,0.2628571428571429,0.9260196416200465,0.8399988898187806,0.8036834096601946,0.9556556553009822
Honduras,0.3864168618266979,0.1821366024518388,0.0069954953573728,0.9122699838436404,0.4178317066737009,0.5896475950191259,0.2512804461643524,0.2615722036246105,0.6968085106382979,0.4335664335664336,0.4295774647887322,0.4283185840707965,0.4262877442273535,0.6490683229813663,0.7884615384615384,0.8062283737024221,0.8490990990990992,0.3025970931617822,0.006378122343450933,0.3025970931617822,0.2685714285714285,0.904619898753216,0.8279382696162662,0.7418930598445437,0.9009607617416191
Hungary,0.6018735362997658,0.0,0.006926324812044999,0.6106198042506233,0.6917260177613647,0.8562708553756002,0.5529251081265649,0.5658836430797646,0.2074468085106383,0.8146853146853149,0.8098591549295775,0.8123893805309735,0.8170515097690944,0.5962732919254657,0.7692307692307692,0.8546712802768165,0.8986486486486487,0.7481534429354301,0.006712478787142567,0.7481534429354301,0.2742857142857143,0.5299276184157733,0.6013608134398251,0.6031732964595765,0.5655477208136124
Iceland,0.4730679156908666,0.0,0.0002239128993083,0.4195369606346099,0.8497318209795129,1.0,0.44940814932847706,0.4486321135865174,0.0159574468085106,0.9842657342657342,0.9806338028169012,0.9823008849557521,0.9857904085257548,0.7329192546583849,0.7769230769230768,0.8131487889273356,0.8310810810810811,0.7505360972122945,0.00019416998932253327,0.7505360972122945,0.28,0.45719481111569543,0.3301852221859624,0.2970398154792184,0.44535999485034683
India,0.0210772833723653,0.2101576182136602,0.9983705701435682,0.8960676842341624,0.5768047129165568,0.5389435989256938,0.7648531755064876,0.7160914232944708,0.6914893617021276,0.4405594405594406,0.4471830985915493,0.4442477876106196,0.4458259325044406,0.7857142857142856,0.8730769230769231,0.8892733564013839,0.882882882882883,0.4979747438646652,0.9162691791382512,0.4979747438646653,0.2828571428571429,0.839417604126087,0.8821370413362036,0.7590606254478155,0.8573122290102599
Indonesia,0.0936768149882904,0.1015761821366024,0.1937381402821445,0.9290825595942068,0.3166270992702014,0.3951330674696833,0.8889710903710448,0.7936338450883067,0.5638297872340425,0.5681818181818181,0.5651408450704227,0.568141592920354,0.5754884547069271,0.6832298136645961,0.7999999999999999,0.8581314878892733,0.9009009009009008,0.5003573981415297,0.180900255226296,0.5003573981415297,0.2857142857142857,0.9344810094783055,0.816353300598618,0.7364903808723516,0.942271305635261
Iran (Islamic Republic of),0.5292740046838408,0.042031523642732,0.0599687235039373,0.7753087689395558,0.6143497757847534,0.6879628876047855,0.667994536763032,0.6464561930047329,0.3670212765957447,0.70979020979021,0.7059859154929577,0.697345132743363,0.6909413854351686,0.9161490683229812,0.7461538461538462,0.4913494809688581,0.6418918918918919,0.5051227066952585,0.0550179774236098,0.5051227066952585,0.2885714285714286,0.6530561453831133,0.7762350446781539,0.8038719106900988,0.7037415758394943
Iraq,0.5737704918032787,0.4640980735551664,0.0282893268422362,0.8701246617166494,0.5933350918842873,0.7205176202490436,0.6259959025722739,0.6313344107122245,0.6489361702127661,0.4860139860139858,0.4947183098591551,0.4955752212389381,0.4973357015985792,0.9999999999999998,0.5076923076923077,0.6747404844290656,0.8873873873873874,0.507505360972123,0.02526936822089076,0.507505360972123,0.2914285714285714,0.7123762668452732,0.8652526353375106,0.9451471402237986,0.7853575580548892
Ireland,0.5620608899297423,0.0,0.0035291240085258,0.5876277392911932,0.7516926052932384,0.9027427362252788,0.4707773730935579,0.4892069721805379,0.0053191489361702,0.9877622377622376,0.987676056338028,0.991150442477876,0.9964476021314388,0.5807453416149068,0.9653846153846154,1.0,0.9211711711711712,0.7529187514891589,0.0032162682746083664,0.7529187514891588,0.2942857142857143,0.5933122249730121,0.4995266194657377,0.4691380996291625,0.6044011974998854
Israel,0.5573770491803278,0.0,0.0065334075906472,0.8158706936724873,0.5584278554471116,0.7240172540083014,0.5899442294559526,0.6181461387510101,0.0957446808510638,0.9353146853146854,0.9278169014084507,0.9292035398230089,0.9325044404973358,0.6459627329192545,0.7423076923076923,0.7993079584775086,0.8648648648648649,0.5098880152489874,0.005575293991010001,0.5098880152489874,0.2971428571428571,0.7213316681231939,0.7540150633461407,0.7898692087567061,0.798181228704132
Italy,0.468384074941452,0.0,0.0429584741405559,0.6691745588030722,0.6787127407016619,0.7728493529746887,0.5405190075119508,0.5384970564469584,0.1489361702127659,0.8846153846153848,0.8802816901408448,0.8831858407079646,0.8845470692717586,0.5683229813664595,0.6692307692307692,0.7058823529411764,0.7950450450450451,0.7553014057660233,0.041917677083814164,0.7553014057660233,0.3,0.6020055675633705,0.6097057603147512,0.6486442442963672,0.649725170484668
Jamaica,0.5035128805620609,0.0963222416812609,0.0019645861069889996,0.9445415989589524,0.42759166446847796,0.6280621795393505,0.2710277714545868,0.2932875447304629,0.5319148936170213,0.6171328671328671,0.6126760563380282,0.6070796460176994,0.6039076376554177,0.5745341614906831,0.6307692307692307,0.7439446366782007,0.8085585585585586,0.3049797474386466,0.001974828615567,0.3049797474386466,0.3085714285714286,0.9230823603598785,0.8368218356341516,0.791236493901215,0.95032639125946
Japan,0.0351288056206089,0.0,0.0897883595242492,0.6474249683538131,0.6644684779741493,0.6810450069178806,0.9259902117004324,0.8742352533764286,0.0957446808510638,0.9335664335664338,0.9313380281690142,0.9309734513274338,0.9325044404973358,0.5434782608695651,0.6884615384615385,0.6885813148788927,0.8040540540540541,0.5122706695258518,0.08835065311307773,0.5122706695258518,0.3114285714285714,0.5424504515327199,0.5896476822808124,0.6777931449233009,0.6338317429135683
Jordan,0.7142857142857142,0.169877408056042,0.0075766705578069,0.8159014815073917,0.5580761452563088,0.7215756490599821,0.5996187115866151,0.6203105159875333,0.5372340425531914,0.6136363636363638,0.5985915492957745,0.5964601769911505,0.5950266429840144,0.5900621118012421,0.6846153846153846,0.7439446366782007,0.8333333333333334,0.5146533238027162,0.0065609965569413675,0.5146533238027162,0.3171428571428572,0.7027278442279968,0.7792741446678636,0.8209767798690996,0.7735076402981145
Kazakhstan,0.4309133489461359,0.0,0.0133192520168205,0.5116282106190949,0.7520443154840412,0.8142752502645072,0.7362849988618255,0.6535842087036824,0.2659574468085106,0.7517482517482517,0.755281690140845,0.7575221238938054,0.7655417406749555,0.5621118012422359,0.7615384615384615,0.820069204152249,0.8896396396396397,0.7557779366213963,0.012297994767360834,0.7557779366213963,0.3057142857142857,0.34532504163058225,0.6052194634073563,0.608218185521835,0.4175402221528572
Kenya,0.072599531615925,0.4711033274956217,0.0381322241325336,0.8965754417208047,0.3088894750725402,0.4459184503947261,0.607016844980651,0.6172515294932472,0.7553191489361701,0.3723776223776223,0.3679577464788733,0.3681415929203538,0.3676731793960925,0.7111801242236023,0.7884615384615384,0.8961937716262975,0.9099099099099099,0.0500357398141529,0.03389772075043513,0.0500357398141529,0.3228571428571429,0.9280886176062575,0.7773066811850207,0.6783888484394369,0.9126711182311874
Kiribati,1.0,0.0035026269702276,5.0629986786286546e-05,0.9509593204582154,0.3061637210938187,0.3907381785627085,0.9910368768495332,0.0157566662818885,0.7074468085106382,0.4265734265734267,0.4242957746478873,0.4194690265486726,0.4191829484902309,0.686335403726708,0.6384615384615384,0.7577854671280276,0.8400900900900902,0.9756969263759828,4.213866379439066e-05,0.9756969263759828,0.2342857142857143,0.9487951823195209,0.8423023674335055,0.7696638675061692,0.9554186715880241
Kuwait,0.7985948477751756,0.0052539404553415,0.0033066373060283,0.9403639637902824,0.5293238371581817,0.7162041181736795,0.6256259959025723,0.6537285005194506,0.3351063829787234,0.744755244755245,0.7376760563380282,0.7362831858407081,0.7317939609236234,0.6180124223602483,0.4230769230769229,0.7197231833910034,0.7972972972972974,0.519418632356445,0.002696559204261966,0.519418632356445,0.3342857142857143,0.7758231905510445,0.9401176571708634,1.0,0.8544769280147398
Kyrgyzstan,0.2927400468384075,0.0805604203152364,0.0046636635715818,0.4521715820546576,0.6450364899322958,0.8029624806706275,0.7161962212610972,0.7192369848782179,0.6329787234042553,0.5472027972027971,0.5422535211267607,0.5398230088495574,0.538188277087034,0.6336354595534991,0.7548223933473932,0.8081678144359803,0.8499218582628668,0.7562544674767692,0.0041666676697692,0.7562544674767692,0.32,0.3732510792254897,0.47159993464708244,0.4666087840006618,0.399451721054894
Lao People's Democratic Republic,0.0374707259953161,0.2451838879159369,0.0051257513383074,0.8950595841321112,0.4624989009056537,0.5972979571905266,0.7941611654905532,0.8083227519335104,0.7234042553191489,0.3968531468531469,0.3908450704225353,0.3858407079646017,0.3889875666074601,0.7453416149068322,0.8653846153846154,0.8961937716262975,0.9054054054054056,0.5218012866333095,0.0047010061916403344,0.5218012866333095,0.34,0.8608931735619656,0.8370096051842831,0.7514557294083257,0.8753830186379776
Latvia,0.5339578454332552,0.0,0.0013178058532543,0.5203158606191193,0.7753451156247252,0.9370879791649712,0.5681197359435465,0.5799665242987418,0.1914893617021277,0.8321678321678323,0.8327464788732395,0.8353982300884956,0.8383658969804618,0.5838509316770185,0.75,0.8269896193771625,0.8378378378378379,0.7567309983321421,0.0013303143153173,0.7567309983321421,0.3371428571428572,0.44143737438694125,0.5112220585445075,0.5112548986974046,0.4962536512788405
Lebanon,0.6651053864168618,0.148861646234676,0.0048283893032386,0.7763128392202845,0.5696825815528005,0.7530723528933019,0.5919644889597085,0.6207433914348379,0.4840425531914894,0.6346153846153846,0.6373239436619718,0.6300884955752212,0.6216696269982241,0.5745341614906831,0.6384615384615384,0.6124567474048442,0.632882882882883,0.5241839409101741,0.004591671868524467,0.5241839409101741,0.3428571428571429,0.6855144759500095,0.7124310482410783,0.7569527588962791,0.7605055110404617
Lesotho,0.2482435597189695,0.1856392294220665,0.00148894947056,0.6765613824801746,0.0134529147982062,0.2344754618702693,0.5715911677669019,0.597368117280388,0.8723404255319148,0.2342657342657344,0.2306338028169013,0.2318584070796461,0.2362344582593251,0.6335403726708073,0.5653846153846154,0.6920415224913494,0.8108108108108109,0.0524183940910174,0.0013999953933150667,0.0524183940910174,0.3457142857142857,0.8103534849896139,0.4723359344567195,0.36330971123460426,0.7729713930175134
Liberia,0.1334894613583138,0.6077057793345009,0.0035683444208249996,0.9302188080143152,0.3400158269585861,0.5194107593391389,0.4668222171636695,0.4863211358651738,0.9255319148936172,0.1748251748251748,0.1672535211267605,0.1575221238938052,0.1527531083481349,0.4782608695652173,0.7,0.7197231833910034,0.7319819819819819,0.0548010483678818,0.003137652931072567,0.0548010483678818,0.3485714285714286,0.9472800630134857,0.8227392945703071,0.7179506183996788,0.9399009825131511
Lithuania,0.5971896955503513,0.0,0.0019538896309073,0.5320281333110028,0.7609249978018113,0.9226011231382762,0.5640792169360346,0.5798222324829737,0.175531914893617,0.8548951048951049,0.857394366197183,0.8584070796460176,0.8667850799289522,0.6086956521739129,0.7653846153846153,0.8027681660899654,0.8761261261261262,0.7572075291875149,0.001963140866431567,0.7572075291875149,0.35714285714285704,0.4545294495503425,0.5219128877684535,0.5158934901389318,0.5096206090645372
Luxembourg,0.4988290398126464,0.0,0.0004121708783446,0.592792358298184,0.7057944253934758,0.8863839830715391,0.5063168677441383,0.5359286621262843,0.1170212765957446,0.9300699300699302,0.9278169014084507,0.9238938053097346,0.927175843694494,0.6708074534161489,0.673076923076923,0.7854671280276816,0.8400900900900902,0.7576840600428878,0.0003650522062262,0.7576840600428878,0.7285714285714285,0.5506687419643691,0.5439608405210464,0.5375855118217159,0.5798425026940506
Madagascar,0.0374707259953161,0.7338003502626971,0.0197079006311634,0.8729587544563779,0.1596764266244614,0.2756571986652559,0.6315160482585932,0.6441763823155952,0.8670212765957446,0.2534965034965035,0.2464788732394366,0.24070796460177002,0.2380106571936057,0.6521739130434782,0.7538461538461538,0.8373702422145328,0.8963963963963965,0.0595663569216106,0.0171899065044219,0.0595663569216106,0.3657142857142857,0.9238322569916333,0.7296427693124744,0.6168495451850945,0.9213244348851921
Malawi,0.0421545667447306,0.2626970227670753,0.0136030651821859,0.8467808739521859,0.1821858788358392,0.344510458207862,0.5899726838151604,0.6137019508253493,0.9202127659574468,0.1643356643356643,0.1531690140845069,0.1539823008849556,0.1580817051509768,0.5993788819875775,0.7576923076923077,0.7889273356401384,0.8896396396396397,0.0619490111984751,0.0118680567902933,0.0619490111984751,0.3685714285714286,0.8885863830658544,0.6906273977131,0.6016890578222726,0.9140981176902164
Malaysia,0.2903981264637002,0.0,0.0233375715148563,0.9431663015379894,0.329376593686802,0.490925368275413,0.8272251308900522,0.8070241255915966,0.32446808510638303,0.7377622377622379,0.7376760563380282,0.7327433628318586,0.7388987566607462,0.6645962732919253,0.8269230769230769,0.8442906574394463,0.8851351351351352,0.5303788420300214,0.021194365979902697,0.5303788420300214,0.3714285714285713,0.9409679417772189,0.8378625729709926,0.7607313223139706,0.94727790068164
Maldives,0.117096018735363,0.1366024518388791,0.0003472789234495,0.974423437666482,0.3252211377824672,0.4791242776918694,0.6973927270657865,0.7297991457924508,0.5,0.6118881118881119,0.607394366197183,0.6070796460176994,0.6145648312611013,0.7236024844720496,0.8653846153846154,0.9169550173010379,0.9166666666666669,0.5349058851560639,0.00029329180056296666,0.5349058851560639,0.3742857142857143,0.9772810416868296,0.8642296807674811,0.7854352188444467,0.9749000720709784
Mali,0.0983606557377049,0.0665499124343257,0.0144024484946849,1.0,0.4844807878308274,0.5665337348417026,0.4998861825631686,0.4840701835391898,0.9734042553191488,0.0769230769230769,0.0721830985915494,0.0707964601769911,0.0710479573712256,0.7111801242236023,0.7961538461538461,0.8581314878892733,0.9031531531531533,0.0643316654753395,0.0123973664529275,0.0643316654753395,0.3771428571428572,0.9176077531212045,0.9782125193243164,0.8791264843541127,0.9615903440463415
Malta,0.65807962529274,0.0,0.0003337300537462,0.7844722602413475,0.581904510683197,0.7753723447546186,0.5292795356248576,0.560371695717419,0.1436170212765957,0.8863636363636365,0.8838028169014085,0.8902654867256637,0.8898756660746004,0.6490683229813663,0.9115384615384616,0.8581314878892733,0.8986486486486487,0.7600667143197523,0.0002658352523245,0.7600667143197523,0.3800000000000001,0.7158401033479448,0.6806304105439748,0.7420154701744365,0.7946007877771223
Mauritania,0.1967213114754098,0.13835376532399302,0.0032774002714052,0.9838441239321579,0.5046161962542864,0.6038902905509889,0.4741065331208741,0.4701604524991344,0.8297872340425532,0.2867132867132869,0.2711267605633802,0.2672566371681416,0.2699822380106572,0.5683229813664595,0.7384615384615385,0.7508650519031141,0.9211711711711712,0.0667143197522039,0.0028450220681100337,0.0667143197522039,0.3857142857142857,0.8832238944428342,0.9460988363650648,0.914258089770262,0.9456117157568658
Mauritius,0.2014051522248244,0.0700525394045534,0.0008635621689886,0.8878578098501406,0.1739206893519739,0.3170017091234638,0.6684782608695652,0.6825580053099389,0.3457446808510638,0.7272727272727275,0.7235915492957747,0.7256637168141592,0.7282415630550624,0.6459627329192545,0.75,0.8096885813148789,0.8558558558558559,0.0690969740290683,0.0008373690575499668,0.0690969740290683,0.3885714285714285,0.9436969023490963,0.7609325199115372,0.6352480631715625,0.9112908212852107
Mexico,0.5971896955503513,0.0192644483362521,0.0910897641141784,0.8148933814053406,0.552272927108063,0.6024253275819972,0.2411222399271568,0.1778540921158952,0.3882978723404256,0.6818181818181819,0.6778169014084505,0.6814159292035397,0.6838365896980464,0.6086956521739129,0.6846153846153846,0.7543252595155708,0.7815315315315315,0.3097450559923756,0.08528358986196884,0.3097450559923756,0.3914285714285714,0.7753251887428769,0.7551824921537776,0.705854046299307,0.7964011793410908
Mongolia,0.3911007025761124,0.19089316987740804,0.0023582164267922,0.3850373379064821,0.7230282247428119,0.8224953202571823,0.8290177555201457,0.7726538150756089,0.5212765957446808,0.6136363636363638,0.602112676056338,0.6088495575221239,0.6092362344582595,0.5652173913043477,0.8076923076923077,0.9273356401384084,0.9031531531531533,0.536097212294496,0.0020786203713566327,0.536097212294496,0.4000000000000001,0.23527381262826372,0.48669077805627525,0.49104048107861514,0.28779773159454014
Montenegro,0.5152224824355971,0.0,0.0004050398942902,0.6290022371956056,0.6475863888156159,0.8246113778790591,0.5457546096061916,0.5726365000577168,0.25,0.7692307692307692,0.767605633802817,0.7699115044247787,0.7726465364120784,0.6180124223602483,0.7846153846153846,0.8546712802768165,0.8693693693693694,0.7617345723135572,0.00039825995909646667,0.7617345723135572,0.7771428571428571,0.5548473919885643,0.5922162554512999,0.6238825235698781,0.5948064156587418
Morocco,0.531615925058548,0.0157618213660245,0.0255988065585086,0.7990405479009548,0.5805855974676866,0.6583380808985106,0.4848907352606419,0.4703624610412098,0.6382978723404255,0.5052447552447554,0.505281690140845,0.5115044247787611,0.5186500888099467,0.5590062111801241,0.7653846153846153,0.7820069204152249,0.8378378378378379,0.0714796283059328,0.02426403740373247,0.0714796283059328,0.4057142857142857,0.7318329670059294,0.7259413540718939,0.7575230290012763,0.77593647966107
Mozambique,0.072599531615925,0.4448336252189142,0.0221859175900696,0.888344128687347,0.1726017761364635,0.2654024578823146,0.6040575916230366,0.6066316518527071,0.9574468085106382,0.1101398601398602,0.1056338028169013,0.1079646017699115,0.1101243339253996,0.6459627329192545,0.7461538461538462,0.7958477508650519,0.8400900900900902,0.0738622825827972,0.0192241325899484,0.0738622825827972,0.4085714285714286,0.9321860516805897,0.7313189273798318,0.6427798044097027,0.9447306516549151
Myanmar,0.0655737704918032,0.1418563922942206,0.0389708278573318,0.8896082030398071,0.5156071397168733,0.5636851957353299,0.7756942863646709,0.7854380699526724,0.7765957446808509,0.3234265734265734,0.3274647887323945,0.3327433628318585,0.3357015985790409,0.7267080745341614,0.8269230769230769,0.8996539792387542,0.9346846846846848,0.5384798665713605,0.03665724853836366,0.5384798665713605,0.0771428571428571,0.8595106423889,0.8287168166954765,0.7359524008555293,0.8754280786759123
Namibia,0.2833723653395784,0.4343257443082312,0.0017734757343309,0.8250022687894046,0.1156247252264134,0.2483112232440791,0.5596972456180287,0.5532725383816229,0.6861702127659574,0.4562937062937065,0.4542253521126761,0.4495575221238937,0.4476021314387209,0.5186335403726707,0.5923076923076923,0.7024221453287197,0.7657657657657658,0.0750536097212294,0.0015959574987895336,0.0750536097212294,0.4171428571428572,0.9034045568354455,0.6449795380055613,0.544901683156986,0.9030356488892961
Nepal,0.0210772833723653,0.1085814360770577,0.0213515924557041,0.6882991236428166,0.5321375186846039,0.6983804020509481,0.7387036193944911,0.7504040170841509,0.75,0.3636363636363635,0.3556338028169013,0.3628318584070797,0.369449378330373,0.5465838509316769,0.9192307692307692,0.9100346020761244,0.9481981981981984,0.540862520848225,0.0188540138646985,0.540862520848225,0.4228571428571429,0.6428401279884456,0.6591555731014407,0.5923427196695551,0.6682910083172923
Netherlands,0.4730679156908666,0.0,0.0124171825339381,0.5999938101944486,0.7356018640640113,0.5818344591845039,0.5083086728886865,0.3172688445111394,0.0372340425531914,0.9755244755244756,0.9735915492957744,0.9752212389380532,0.9769094138543518,0.5962732919254657,0.7153846153846154,0.7612456747404843,0.8265765765765767,0.7624493685966166,0.011712291466719135,0.7624493685966166,0.4257142857142857,0.5651384506931945,0.5373179844270254,0.5307923240844118,0.5997893591315446
New Caledonia,0.3424573064198359,0.0805604203152364,0.0001718567157111,0.8671928699887763,0.09672030247076402,0.2991779930007324,0.9774072387889824,0.97598984185617,0.462467843326886,0.6430302618257164,0.6384234895907429,0.6392750084068672,0.6428738155469951,0.6336354595534991,0.7548223933473932,0.8081678144359803,0.8499218582628668,0.3212659251901565,0.00015393819853846668,0.4475906992286154,0.3396619132366752,0.9289897903040304,0.7410501583904567,0.6131653309722188,0.8892319153193853
New Zealand,0.6814988290398126,0.0,0.0035177144340387,0.6077152702341762,0.1895717928426976,0.0559127533165133,0.9966992943318916,0.0058871060833429,0.0691489361702127,0.9545454545454548,0.9507042253521129,0.9504424778761064,0.9538188277087036,0.6583850931677018,0.75,0.7889273356401384,0.8378378378378379,0.9864188706218728,0.0031873036615759,0.9864188706218728,0.4428571428571429,0.7486492784042564,0.44351763707704733,0.29164095262532447,0.6812744846129313
Nicaragua,0.4426229508196722,0.2539404553415061,0.0046650897683927,0.9395202803981916,0.3968170227732348,0.5711727842435094,0.2524186205326656,0.2663915502712687,0.6755319148936171,0.4877622377622379,0.4841549295774645,0.4743362831858408,0.4724689165186503,0.6708074534161489,0.7807692307692308,0.5397923875432525,0.7004504504504505,0.3168930188229688,0.0043256174127057,0.3168930188229688,0.4457142857142857,0.9336461500070491,0.8452036910635048,0.7606189177615185,0.9351737982282674
Niger,0.0421545667447306,0.2451838879159369,0.0172106300153102,0.9676816389573468,0.4714675107711246,0.5792300805729632,0.533263145913954,0.5198834122128594,1.0,0.0,0.0,0.0,0.0,0.7049689440993787,0.7961538461538461,0.9273356401384084,0.9211711711711712,0.0762449368596616,0.014351548385359469,0.0762449368596616,0.44857142857142857,0.8774374673238565,0.9563319927801266,0.8707305006827771,0.9178280480179216
Nigeria,0.1147540983606557,0.19089316987740804,0.1469595979836429,0.9583756531735892,0.3867053547876551,0.5187596646862537,0.529564079216936,0.5271557197275771,0.8510638297872339,0.2587412587412589,0.2552816901408451,0.2530973451327434,0.2575488454706928,0.4782608695652173,0.6346153846153846,0.7439446366782007,0.8378378378378379,0.0786275911365261,0.12863297376360208,0.0786275911365261,0.4514285714285714,0.9627463502849105,0.8817857371180363,0.7444163632060771,0.9491654538775883
Norway,0.5175644028103045,0.0,0.003802953796215,0.3968922662731842,0.9748527213576011,0.0407748026369333,0.5835419986341908,0.4931317095694333,0.0,1.0,1.0,1.0,1.0,0.5621118012422359,0.6923076923076923,0.7231833910034602,0.8153153153153154,0.764832022873481,0.0035957902251948664,0.764832022873481,0.46,0.3752231915600636,0.3461937796901245,0.349003940438317,0.40427081937981213
Oman,0.468384074941452,0.0753064798598949,0.003322325470948,0.9675220580329732,0.4967027169612239,0.619435175388622,0.658092419758707,0.6694563084381855,0.3138297872340426,0.763986013986014,0.762323943661972,0.7469026548672565,0.7442273534635878,0.6801242236024844,0.6153846153846153,0.7093425605536332,0.7702702702702703,0.5420538479866571,0.0030570295018350663,0.5420538479866571,0.6285714285714286,0.8658893540284134,0.9432909512365372,0.8995206417182059,0.9212193864751659
Pakistan,0.1147540983606557,0.3117338003502627,0.1575134543841646,0.8291022090029756,0.5904334828101644,0.6768128916741271,0.7070623719553835,0.6950248181923122,0.8138297872340425,0.2867132867132869,0.2887323943661972,0.2849557522123894,0.2895204262877443,0.6708074534161489,0.8038461538461539,0.8685121107266436,0.8310810810810811,0.5432451751250893,0.1408558632027546,0.5432451751250893,0.4685714285714286,0.7157129721697232,0.8437599400327552,0.8000257757652314,0.7648561054935955
Panama,0.4590163934426229,0.1313485113835376,0.0030156931566085,0.943466120244388,0.3493361470148597,0.5426873931797834,0.2682676986114272,0.2797818307745585,0.2978723404255319,0.7465034965034967,0.7482394366197183,0.7451327433628321,0.7477797513321492,0.6832298136645961,0.8192307692307692,0.8062283737024221,0.8558558558558559,0.3192756730998332,0.0027574850064997327,0.3192756730998332,0.4714285714285715,0.94871632732458,0.837505869101595,0.7587684413233619,0.941163539193938
Paraguay,0.3770491803278688,0.1436077057793345,0.0051350216175781,0.8821430396361942,0.0950496790644508,0.2594612191747375,0.3334566355565672,0.3386528916079881,0.5425531914893617,0.6013986013986015,0.5985915492957745,0.5946902654867258,0.5932504440497336,0.6614906832298135,0.7961538461538461,0.7958477508650519,0.7882882882882883,0.3216583273766976,0.004653453829892199,0.3216583273766976,0.48,0.9525314673770424,0.6986469619192553,0.618670526740062,0.9463626003660329
Peru,0.3793911007025761,0.1260945709281961,0.0233682347462902,0.8092769388316646,0.2643981359359888,0.3347440384145845,0.2923969952196676,0.2847166108738313,0.4148936170212766,0.6765734265734267,0.670774647887324,0.6725663716814158,0.680284191829485,0.6552795031055899,0.7,0.8166089965397924,0.8378378378378379,0.3240409816535621,0.021374274381322538,0.3240409816535621,0.4828571428571429,0.8482516120491571,0.6846347736081076,0.592207574423547,0.8411451462911602
Philippines,0.072599531615925,0.1891418563922942,0.0781035290526987,0.9509414387977336,0.4503648993229578,0.5219337511190689,0.8481106305485999,0.8569490938473971,0.5638297872340425,0.5699300699300702,0.566901408450704,0.5663716814159291,0.5754884547069271,0.7484472049689439,0.8692307692307693,0.8961937716262975,0.9234234234234237,0.5456278294019538,0.07167239793213291,0.5456278294019538,0.4857142857142857,0.9364845432842778,0.8561632464480144,0.7739250181929092,0.9533957538994269
Poland,0.531615925058548,0.0,0.0273216523060532,0.5629200987983235,0.7468565901697002,0.8827215756490601,0.5565103573867516,0.5601985455384971,0.1808510638297872,0.8583916083916086,0.857394366197183,0.8601769911504425,0.8632326820603909,0.6242236024844721,0.7923076923076923,0.86159169550173,0.8806306306306306,0.7672146771503455,0.02624976295732333,0.7672146771503455,0.4914285714285714,0.49170770972575734,0.5461435172190638,0.5400361547661333,0.5369650231483428
Portugal,0.4754098360655738,0.0,0.0072743168339001,0.7025010199477768,0.6352765321375187,0.7284121429152762,0.4701513771909857,0.4291815768209628,0.1968085106382978,0.8339160839160842,0.8309859154929577,0.8300884955752214,0.8348134991119008,0.5900621118012421,0.7384615384615385,0.7681660899653979,0.8378378378378379,0.7695973314272099,0.007109575781070802,0.7695973314272099,0.4942857142857143,0.6600307250151106,0.624914374548395,0.6419422502128249,0.6929124860595963
Republic of Moldova,0.4028103044496487,0.07150594090348901,0.0024822955493389,0.5982729152968633,0.6910225973797591,0.8539920240905021,0.5735545185522422,0.5962714994805496,0.4734042553191489,0.6293706293706294,0.6285211267605633,0.6283185840707964,0.6323268206039078,0.6645962732919253,0.7846153846153846,0.8166089965397924,0.8693693693693694,0.7743626399809388,0.0027770405878283,0.7743626399809388,0.4142857142857143,0.4943376030946402,0.6049356417167412,0.6169442288133814,0.5483048065252293
Romania,0.5058548009367682,0.0,0.0136822191051898,0.5921453301866341,0.6890881913303438,0.8392610075689753,0.5723309811063054,0.5778598637885259,0.2553191489361702,0.7727272727272727,0.7658450704225351,0.7646017699115043,0.7708703374777975,0.6770186335403725,0.8769230769230769,0.8304498269896193,0.8806306306306306,0.7767452942578031,0.013657822401914368,0.7767452942578031,0.52,0.5071509404296145,0.5803628848730465,0.5907571189378105,0.5535744688064269
Russian Federation,0.5339578454332552,0.0,0.1045965610116299,0.2936553364747672,0.9832058383891672,0.8192398469927564,1.0,0.0,0.2712765957446809,0.763986013986014,0.7640845070422535,0.7646017699115043,0.7637655417406751,0.5341614906832297,0.673076923076923,0.7647058823529411,0.8175675675675677,0.7772218251131761,0.10046616729504666,0.7772218251131761,0.5257142857142857,0.15876615832365717,0.37794275894302914,0.409445178243052,0.21112383584866737
Rwanda,0.0444964871194379,0.6007005253940455,0.0091975432333735,0.8013273909050802,0.2553415985228172,0.4609750142426955,0.5757170498520373,0.6027357728269653,0.8457446808510638,0.2604895104895106,0.2623239436619719,0.2637168141592921,0.2646536412078152,0.7142857142857142,0.7576923076923077,0.9757785467128026,1.0,0.0857755539671193,0.008039667891002867,0.08577555396711929,0.5228571428571428,0.8327840923549679,0.6820856706669667,0.6081544057407721,0.8214126747337573
Saint Kitts and Nevis,0.4730679156908666,0.0966618556898766,0.0,0.9472472209949179,0.4178317066737009,0.6231789696427118,0.3098679717732756,0.3380468659817616,0.3882978723404256,0.6870629370629371,0.676056338028169,0.6761061946902654,0.6838365896980464,0.6149068322981365,0.5269230769230768,0.7785467128027681,0.8513513513513514,0.3276149630688587,0.0,0.3276149630688587,0.5342857142857143,0.9261610312374353,0.8341075531976876,0.7912007567459294,0.9590061447012341
Saint Lucia,0.3957845433255269,0.0936512047659158,9.127659589640392e-05,0.9550268716545433,0.3887276883847709,0.595588833726703,0.3145913954017755,0.3431836546231098,0.4521276595744681,0.653846153846154,0.6566901408450705,0.6495575221238941,0.6483126110124334,0.6459627329192545,0.7384615384615385,0.7681660899653979,0.8265765765765767,0.3311889444841553,8.88387646187688e-05,0.3311889444841553,0.5371428571428571,0.9368793448204996,0.8450635230460076,0.7915796428834699,0.9642001759110368
Saint Vincent and the Grenadines,0.4894613583138173,0.0560420315236427,4.0646609110117376e-05,0.9580049096119136,0.3823089774026202,0.5864735085863106,0.3139084907807876,0.3420870368232714,0.5106382978723404,0.6223776223776225,0.6126760563380282,0.6106194690265486,0.6110124333925401,0.5869565217391303,0.6423076923076922,0.7543252595155708,0.7972972972972974,0.3359542530378842,4.002680381100216e-05,0.44947131189891903,0.3437048211752973,0.9397797251453831,0.8472680386144714,0.794603892867447,0.9671239278322905
Samoa,0.9976580796252926,0.0035026269702276,0.0001041123671943,0.9437997894498956,0.1463114393739558,0.3696589891755513,0.0,0.0208357381969295,0.5851063829787233,0.5804195804195804,0.5704225352112675,0.5628318584070798,0.5701598579040853,0.779503105590062,0.6423076923076922,0.602076124567474,0.8671171171171171,0.9976173457231357,9.882232943465501e-05,0.9976173457231358,0.6942857142857143,0.9527770904972743,0.8303865534230584,0.7474209045270975,0.952906986714375
Sao Tome and Principe,0.1803278688524589,0.0788091068301226,0.0001112433512487,0.9239014666776496,0.2796096016882089,0.4839261007568975,0.5090769405872979,0.5381218977259611,0.7127659574468085,0.4020979020979021,0.4102112676056337,0.4123893805309734,0.4103019538188278,0.6336354595534991,0.7548223933473932,0.8081678144359803,0.8499218582628668,0.08934953538241601,0.0001048948043351,0.08934953538241601,0.5485714285714285,0.9458557099846162,0.8117323109358853,0.7109762902643285,0.9339650410149934
Saudi Arabia,0.7517564402810304,0.0805604203152364,0.0249491739111522,0.9383306771437724,0.5470852017937221,0.6172377309351347,0.6461415888914182,0.6192138981876949,0.2074468085106383,0.8409090909090909,0.8204225352112675,0.8194690265486727,0.8170515097690944,0.5807453416149068,0.5769230769230769,0.7612456747404843,0.7950450450450451,0.5551584465094115,0.0223934328227322,0.5551584465094115,0.5514285714285714,0.8103735857377723,0.9187337690519845,0.9438480775340775,0.8686186564930249
Senegal,0.1053864168618267,0.1541155866900175,0.0119016123868045,0.9879558312239908,0.4114129956915502,0.5841946773012127,0.4554404734805372,0.4688329677940668,0.8882978723404255,0.2290209790209791,0.2218309859154928,0.2212389380530973,0.2095914742451154,0.7267080745341614,0.8884615384615384,0.8996539792387542,0.9076576576576576,0.0905408625208482,0.010339266762598569,0.0905408625208482,0.5542857142857143,0.9558999739840545,0.9288022518478661,0.8046276507921349,0.9759077419172503
Serbia,0.4824355971896955,0.0560420315236427,0.0049225182927568,0.6089919015098773,0.6707992614085994,0.8246113778790591,0.5532950147962667,0.5738485513101698,0.3351063829787234,0.7290209790209792,0.7253521126760563,0.7292035398230087,0.7317939609236234,0.6304347826086956,0.6807692307692308,0.8304498269896193,0.882882882882883,0.7774600905408625,0.006089719833281733,0.7774600905408625,0.7742857142857144,0.5314711625911666,0.592816555775619,0.6049558171902717,0.5641902267546022
Sierra Leone,0.1077283372365339,0.404553415061296,0.0056498786663063,0.9432485098929696,0.3525894662797855,0.5403271750630747,0.4585704529933986,0.48106891377121097,0.9627659574468084,0.0926573426573427,0.1003521126760562,0.0991150442477876,0.1030195381882771,0.7267080745341614,0.75,0.7993079584775086,0.9099099099099099,0.09530617107457699,0.005035083443689935,0.09530617107457699,0.5599999999999999,0.9568847312457732,0.8416029230955834,0.7308021377926694,0.9486820214124979
Slovakia,0.4566744730679157,0.0157618213660245,0.0038564361766229996,0.5604594898987694,0.7007825551745361,0.8726296085293399,0.5519576599134988,0.5680480203162878,0.20212765957446802,0.8304195804195804,0.8257042253521127,0.8265486725663717,0.8277087033747779,0.5931677018633539,0.7192307692307692,0.8131487889273356,0.8423423423423424,0.7776983559685491,0.0037292761794865664,0.7776983559685492,0.5657142857142857,0.49303319973381393,0.5433039592917591,0.5366356715414621,0.5319332622111471
Slovenia,0.4590163934426229,0.0,0.0014611386327479,0.5930884695689655,0.6766904071045459,0.8536664767640596,0.5348281356703847,0.558034168301974,0.1117021276595744,0.9125874125874128,0.9172535211267604,0.9221238938053101,0.9289520426287746,0.6242236024844721,0.7884615384615384,0.820069204152249,0.8423423423423424,0.7781748868239219,0.0013991550894249664,0.7781748868239219,0.5628571428571428,0.5293452423178048,0.5663958059450123,0.5683159627982125,0.5621153772133326
Solomon Islands,0.4121779859484777,0.1120840630472854,0.0004713580459962,0.9540798636437422,0.2033764178317066,0.3839830715390249,0.9682164807648532,0.9682269421678404,0.7978723404255319,0.3199300699300701,0.3098591549295775,0.3061946902654866,0.3072824156305508,0.7111801242236023,0.8076923076923077,0.8131487889273356,0.8153153153153154,0.997855611150822,0.00039287695163206667,0.997855611150822,0.0685714285714285,0.9605300351492936,0.8380820908781149,0.7604339013490341,0.9639794782609888
South Africa,0.5644028103044496,0.0647985989492119,0.0424821244057216,0.7584388085333563,0.0700782555174536,0.1017335395133067,0.5958911905303892,0.5669802608796031,0.6010638297872339,0.5681818181818181,0.561619718309859,0.5592920353982301,0.5595026642984017,0.5403726708074533,0.6576923076923077,0.7058823529411764,0.7927927927927928,0.1000714796283059,0.03884601149015217,0.10007147962830593,0.5742857142857143,0.8767679741039761,0.5652360465220102,0.45024147322647395,0.8401829273279202
Spain,0.566744730679157,0.0,0.0339299352292718,0.6841898342437776,0.6496966499604326,0.708960690160332,0.5001707261552469,0.4670148909153874,0.1276595744680851,0.9108391608391608,0.9102112676056338,0.9097345132743364,0.9058614564831264,0.6211180124223601,0.7153846153846154,0.7612456747404843,0.8333333333333334,0.7791279485346677,0.0322405486951514,0.7791279485346677,0.5771428571428571,0.6260063654110267,0.6149794764004524,0.6608021652359247,0.6616245261790553
Sri Lanka,0.0585480093676815,0.1138353765323993,0.0156047324062578,0.9623098871343764,0.3510946979688737,0.5321884919020102,0.7208342818119735,0.7493362576474664,0.3776595744680851,0.6905594405594406,0.6848591549295775,0.6867256637168143,0.6891651865008882,0.6677018633540371,0.7423076923076923,0.7923875432525951,0.8400900900900902,0.5611150822015726,0.01450636019195737,0.5611150822015726,0.1057142857142857,0.9509813662125506,0.8687527956045326,0.7909444265974956,0.9532088849465837
Sudan,0.1053864168618267,0.3082311733800351,0.0312301446662735,0.9670995715655162,0.460124857117735,0.5546512574265483,0.5976553608012747,0.5823906268036478,0.898936170212766,0.2255244755244757,0.2165492957746478,0.2035398230088495,0.2060390763765541,0.6366459627329191,0.6307692307692307,0.5986159169550173,0.7319819819819819,0.1084107695973314,0.02753602221606993,0.10841076959733137,0.7857142857142857,0.9022380654212768,0.9244947708916375,0.8418587577916087,0.9382475406904606
Suriname,0.5526932084309133,0.1050788091068301,0.0003929172213978,0.9532107117808926,0.3175063747472083,0.4989012777732562,0.3341964488959708,0.3518700219323561,0.5106382978723404,0.6241258741258742,0.6091549295774648,0.6070796460176994,0.6110124333925401,0.3540372670807452,0.673076923076923,0.7681660899653979,0.7950450450450451,0.3383369073147486,0.0003550637584187667,0.3383369073147486,0.5885714285714285,0.9409544145130848,0.8322283670060381,0.7813869265602394,0.971546828854745
Sweden,0.449648711943794,0.0,0.0073613148393638,0.4469291068997151,0.8717137079046866,0.9344022137218198,0.5565672661051673,0.5515121782292509,0.0319148936170212,0.9825174825174824,0.9788732394366196,0.9769911504424781,0.9786856127886324,0.5931677018633539,0.7038461538461538,0.7474048442906573,0.8175675675675677,0.7815106028115321,0.006768796715497967,0.7815106028115321,0.5971428571428571,0.3932202058657465,0.4232669772201109,0.42880880440464203,0.4320354594661935
Switzerland,0.4285714285714285,0.0,0.0061183843186808,0.5467324677384595,0.6849555965884111,0.8569219500284853,0.5176132483496472,0.5366212628419716,0.0053191489361702,0.9947552447552448,0.9911971830985916,0.9982300884955752,0.9964476021314388,0.5807453416149068,0.6769230769230768,0.7716262975778546,0.8153153153153154,0.7838932570883964,0.005760183069926767,0.7838932570883964,0.6,0.5015775437221831,0.5088407356042622,0.5068008266852001,0.5269608208511115
Tajikistan,0.2271662763466042,0.41437934543889,0.0066852975510061,0.4702617723573279,0.6253407192473402,0.7825343859363554,0.7016844980651036,0.7137827542421795,0.6595744680851063,0.4807692307692309,0.4771126760563379,0.4778761061946902,0.4866785079928952,0.7422360248447204,0.8769230769230769,0.9307958477508648,0.9572072072072072,0.7841315225160829,0.0059594527760556,0.7841315225160829,0.5914285714285714,0.3992072200935928,0.47046079977544325,0.48072783033153144,0.4250858065039255
Thailand,0.1850117096018735,0.0928196147110332,0.0474067819936947,0.9455445408897108,0.4444737536270113,0.5298282737853015,0.7884418392897792,0.8003867020662591,0.4148936170212766,0.6608391608391608,0.6672535211267605,0.6743362831858407,0.680284191829485,0.6335403726708073,0.7615384615384615,0.8235294117647058,0.8423423423423424,0.5646890636168692,0.047678220957105104,0.5646890636168692,0.6142857142857142,0.9296798572288978,0.871310733982907,0.7721580918647963,0.9293327094163876
Timor-Leste,0.0,0.3922942206654991,0.0009013563844769,0.930869366249344,0.1931768222984261,0.406689997558395,0.8501593444115638,0.8774096733233292,0.7446808510638298,0.3846153846153846,0.375,0.3681415929203538,0.3765541740674955,0.6397515527950309,0.4576923076923076,0.6505190311418685,0.8581081081081081,0.3212659251901565,0.0008080365252477332,0.4476406542859567,0.3397607340983531,0.9448811531002966,0.8089084035620128,0.7134021143582364,0.9604755851457639
Togo,0.0983606557377049,0.2381786339754816,0.0058652343847493,0.9592312648367944,0.36252527916996397,0.5336534548710018,0.4928864101980423,0.5189599445919428,0.8829787234042553,0.2167832167832168,0.2112676056338028,0.2106194690265487,0.2149200710479574,0.7018633540372671,0.773076923076923,0.847750865051903,0.9076576576576576,0.1191327138432213,0.005160109263747,0.11913271384322127,0.6171428571428571,0.9855627754890107,0.8527022661770657,0.7301787074266582,0.9631695353935199
Trinidad and Tobago,0.3934426229508197,0.052539404553415,0.0009377244031544,0.9485127460830541,0.3644596852193792,0.5657198665255961,0.3156157523332574,0.3407306937550503,0.351063829787234,0.7237762237762241,0.7200704225352113,0.7150442477876108,0.7140319715808171,0.3322981366459626,0.5153846153846153,0.6712802768166091,0.7882882882882883,0.3407195615916131,0.0009171816386741666,0.34071956159161304,0.6257142857142857,0.9372412705759615,0.8409255565482932,0.7748892953022787,0.9566050461563372
Tunisia,0.5714285714285714,0.031523642732048995,0.0084445113172282,0.8136812111515149,0.5930713092411852,0.7300398795474892,0.5207147735033006,0.5410365924044789,0.5,0.6171328671328671,0.6126760563380282,0.6141592920353983,0.6145648312611013,0.5652173913043477,0.6769230769230768,0.7716262975778546,0.8108108108108109,0.1215153681200858,0.007786044356818001,0.1215153681200858,0.6314285714285713,0.7098543173846621,0.7628130830265926,0.820011137240939,0.7731805535556885
Turkey,0.6861826697892273,0.0,0.0596742138624903,0.6500422567063884,0.6348368943990153,0.77553511841784,0.6153255178693375,0.5935010966177999,0.2819148936170213,0.7517482517482517,0.7535211267605635,0.7539823008849559,0.7566607460035525,0.6304347826086956,0.8923076923076922,0.7820069204152249,0.8085585585585586,0.569454372170598,0.05518901174127113,0.569454372170598,0.6342857142857142,0.55901971937227,0.6049944192260024,0.6696628621232241,0.6182929227888483
Turkmenistan,0.3419203747072599,0.0507880910683012,0.0042621891693187,0.7177042462549662,0.6409038951903632,0.7700008138683161,0.6774698383792397,0.670783793143253,0.5851063829787233,0.5611888111888115,0.5545774647887323,0.5646017699115043,0.5701598579040853,0.7204968944099377,0.8538461538461538,0.8927335640138407,0.9301801801801802,0.7843697879437693,0.0038812372740482,0.7843697879437693,0.6057142857142856,0.5824300167602044,0.7623852141896,0.7814145529636246,0.6101010028629921
Uganda,0.0281030444964871,0.6742556917688266,0.0325793268493672,0.8759651623558595,0.3017673437087839,0.4719622365101326,0.5874402458456636,0.6047269998845667,0.8404255319148936,0.2639860139860141,0.2570422535211267,0.2601769911504423,0.26642984014209603,0.5403726708074533,0.8846153846153846,0.8892733564013839,0.9391891891891893,0.1238980223969502,0.0274143181158478,0.1238980223969502,0.6428571428571428,0.9107440482161007,0.7567668363184873,0.6641754736223567,0.8890039534740306
Ukraine,0.5433255269320844,0.0175131348511383,0.0297533178686059,0.5700258021399641,0.7251384858876286,0.851957353300236,0.6020942408376962,0.5833140944245643,0.3882978723404256,0.6818181818181819,0.6778169014084505,0.6778761061946904,0.6838365896980464,0.6024844720496894,0.7,0.7958477508650519,0.8603603603603605,0.7846080533714558,0.03089639442662493,0.7846080533714558,0.6542857142857142,0.46616173372481623,0.5870835280282803,0.5857589829996012,0.5201076939288725
United Arab Emirates,0.6323185011709601,0.0017513134851138,0.0069341688945049,0.9856435197491068,0.4938890354348017,0.6681045006917881,0.6482472114727976,0.6682731155488861,0.1595744680851063,0.8496503496503498,0.8714788732394365,0.8814159292035398,0.8809946714031972,0.6242236024844721,0.6961538461538461,0.7197231833910034,0.8265765765765767,0.5706456993090303,0.0064470340691912,0.5706456993090303,0.64,0.851814582412715,0.9573289049135406,0.9815156742049239,0.9258069173615099
United Kingdom,0.6229508196721312,0.0,0.0478531815955006,0.5699718025342418,0.7997010463378177,0.0,0.6940871841566127,0.1421274385316865,0.0638297872340425,0.9545454545454548,0.9507042253521129,0.9504424778761064,0.955595026642984,0.5869565217391303,0.6769230769230768,0.7231833910034602,0.8220720720720721,0.7857993805098881,0.04583049883214217,0.7857993805098881,0.6514285714285714,0.5750942825184108,0.484153188628764,0.4541622110316606,0.5875269233650895
United Republic of Tanzania,0.0983606557377049,0.4938704028021016,0.0425577128366983,0.8570275973447672,0.2559570913567221,0.3883779604459998,0.6028909628955156,0.6040921158951865,0.8617021276595744,0.2482517482517483,0.2411971830985915,0.2353982300884956,0.2397868561278864,0.7422360248447204,0.8653846153846154,0.9204152249134948,0.9459459459459459,0.1277102692399332,0.03667371300491467,0.1277102692399332,0.6114285714285714,0.8893837343614374,0.721632216040292,0.6372455937781293,0.8966309033806515
United States of America,0.8056206088992973,0.0,0.2351969684760588,0.5736408258941489,0.8923766816143498,0.3669732237324,0.9993740040974276,0.0024818192312132,0.0851063829787234,0.9510489510489512,0.9471830985915496,0.945132743362832,0.9449378330373004,0.5807453416149068,0.6923076923076923,0.7820069204152249,0.8378378378378379,0.3431022158684774,0.22342650797145347,0.3431022158684774,0.6571428571428571,0.48426501310472814,0.5649895956376368,0.5967926415848441,0.5245674384713505
Uruguay,0.6088992974238875,0.0,0.0024794431557171,0.7546174095696004,0.0,0.1993977374460812,0.3367004325062599,0.3508022624956713,0.2872340425531915,0.7552447552447554,0.7535211267605635,0.7522123893805309,0.7513321492007107,0.5807453416149068,0.7038461538461538,0.7335640138408304,0.7927927927927928,0.3454848701453419,0.002333374400346133,0.3454848701453419,0.6657142857142857,0.8854120848721889,0.5700915503756621,0.4302942268279442,0.828282057023403
Uzbekistan,0.2903981264637002,0.0665499124343257,0.0243309175936351,0.6627540862791194,0.6253407192473402,0.7866851143484983,0.6959651718643296,0.6809996536996422,0.5585106382978723,0.5716783216783217,0.5757042253521125,0.5769911504424781,0.5790408525754885,0.7173913043478259,0.7769230769230768,0.8650519031141868,0.9144144144144144,0.792232547057422,0.021717841138601868,0.792232547057422,0.6685714285714285,0.5269127475805805,0.7193788850870444,0.7305456168370329,0.5546155342605518
Vanuatu,0.4824355971896955,0.0823117338003502,0.0001903972742526,0.9206716777226159,0.1498285412819836,0.3191991535769512,0.9712610972000908,1.0000000000000002,0.7393617021276595,0.3846153846153846,0.3785211267605633,0.3752212389380529,0.3818827708703375,0.6366459627329191,0.773076923076923,0.7785467128027681,0.8626126126126127,1.0,0.00015682756302830002,1.0,0.44,0.950240182582445,0.7986482027814542,0.7015606625928082,0.9367130524546815
Venezuela (Bolivarian Republic of),0.522248243559719,0.3274956217162872,0.0203881965099537,0.9273579572610048,0.4027081684691814,0.4892976316432001,0.3176075574778056,0.3076590095809766,0.5957446808510638,0.6660839160839163,0.6285211267605633,0.6053097345132744,0.5630550621669627,0.0,0.0,0.0,0.0,0.3478675244222064,0.0205677350543842,0.4502731768521224,0.3621288458278935,0.9364967754030095,0.8116341053053567,0.7370089586227092,0.9370509957713874
Yemen,0.2622950819672131,0.637478108581436,0.0212303657267792,0.9488360989459764,0.4317242592104106,0.5825669406689997,0.6430116093785567,0.6422428719843012,0.946808510638298,0.1678321678321678,0.1426056338028168,0.1362831858407079,0.1349911190053285,0.2360248447204968,0.4076923076923077,0.7058823529411764,0.8355855855855856,0.5742196807243269,0.0187585793202631,0.5742196807243269,0.7085714285714285,0.8769886045805352,0.9067531480712506,0.8643224574369185,0.9007414941158949
Zambia,0.0843091334894613,0.7740805604203153,0.0130710937717272,0.8430413609577049,0.192649257012222,0.3369414828680719,0.5836273617118142,0.5828812189772598,0.7712765957446808,0.3374125874125876,0.3380281690140845,0.3380530973451329,0.3374777975133215,0.6459627329192545,0.7384615384615385,0.8166089965397924,0.8198198198198199,0.1310459852275435,0.0112858337872178,0.1310459852275435,0.7142857142857143,0.8804310225080232,0.6797582650246974,0.6108782715515694,0.9118104392944932
Zimbabwe,0.2201405152224824,0.8546409807355516,0.0105602742861706,0.8377406951828644,0.1274070166183065,0.3017009847806625,0.5818347370817208,0.5922313286390397,0.7925531914893617,0.3146853146853147,0.311619718309859,0.3150442477876106,0.3143872113676732,0.5496894409937887,0.7846153846153846,0.7993079584775086,0.6418918918918919,0.1334286395044079,0.009668692110096466,0.1334286395044079,0.5142857142857142,0.8945648474543232,0.6578174442715695,0.5830268772722974,0.9173104546836314
